block_id,model_category,shape_family,support_class,shape_description,geometry_details,average_color_hex,average_color_r,average_color_g,average_color_b,average_alpha_coverage,face_color_summary,different_faces,tint_policy,material_tags,model_count,blockstate_model_ref_count,rotated_by_blockstate,model_sources,parent_models,texture_sources,confidence,notes
minecraft:acacia_button,irregular_dependent,irregular_model,dependent_on_support_or_counterpart,"Irregular non-cube geometry that is expected to depend on a support block, substrate, or paired state.","Coordinates are normalized block-local [x,y,z] in 0..1, with y vertical. Button geometry is a small face-mounted cuboid. face/facing chooses the support face and orientation; powered=true uses a thinner pressed protrusion, while powered=false protrudes farther from the support surface.",#A85A32,168,90,50,1.000,,,none,,2,24,yes,minecraft:block/acacia_button;minecraft:block/acacia_button_pressed,button;button_pressed,minecraft:block/acacia_planks,medium,Average color is computed across the visible model variants referenced by this block.
minecraft:acacia_door,irregular_dependent,hinged_panel,dependent_on_support_or_counterpart,"Irregular thin hinged panel; open/closed, half, hinge, or facing changes by state.","Coordinates are normalized block-local [x,y,z] in 0..1, with y vertical. Door-like geometry is a thin vertical panel about 0.1875 blocks thick and one block tall per half. half=lower/upper selects the lower or upper block of the two-block door. facing chooses the panel orientation, hinge selects the pivot side, and open=true rotates the panel around that hinge.",#AA603E,170,96,62,1.000,,,none,,8,32,yes,minecraft:block/acacia_door_bottom_left;minecraft:block/acacia_door_bottom_left_open;minecraft:block/acacia_door_bottom_right;minecraft:block/acacia_door_bottom_right_open;minecraft:block/acacia_door_top_left;minecraft:block/acacia_door_top_left_open;minecraft:block/acacia_door_top_right;minecraft:block/acacia_door_top_right_open,door_bottom_left;door_bottom_left_open;door_bottom_right;door_bottom_right_open;door_top_left;door_top_left_open;door_top_right;door_top_right_open,minecraft:block/acacia_door_bottom;minecraft:block/acacia_door_top,medium,Average color is computed across the visible model variants referenced by this block.
minecraft:acacia_fence,thin_wall,fence,self_supporting_geometry,"Narrow multipart connector: thin post, pane, bar, fence, or gate segments.","Coordinates are normalized block-local [x,y,z] in 0..1, with y vertical. Fence geometry is multipart. The center post is [0.375,0,0.375]-[0.625,1,0.625]. Each north/east/south/west=true connector adds two narrow horizontal rails from the post toward that face: lower rail around y=0.375..0.5625 and upper rail around y=0.75..0.9375, with a 0.125-thick cross-section. false leaves that side open.",#A85B33,168,91,51,1.000,,,none,architectural_shape,2,5,yes,minecraft:block/acacia_fence_post;minecraft:block/acacia_fence_side,fence_post;fence_side,minecraft:block/acacia_planks,medium,Average color is computed across the visible model variants referenced by this block.
minecraft:acacia_fence_gate,thin_wall,fence_gate,self_supporting_geometry,"Narrow multipart connector: thin post, pane, bar, fence, or gate segments.","Coordinates are normalized block-local [x,y,z] in 0..1, with y vertical. Fence gate geometry is a pair of narrow side posts plus two hinged gate leaves. open=false places the leaves across the center line as a thin barrier; open=true swings the leaves back against the side posts. facing rotates the gate axis. in_wall=true lowers the posts and rails to align with coarse wall height, using the same narrow footprints but shifted downward.",#A85B33,168,91,51,1.000,,,none,architectural_shape,4,16,yes,minecraft:block/acacia_fence_gate;minecraft:block/acacia_fence_gate_open;minecraft:block/acacia_fence_gate_wall;minecraft:block/acacia_fence_gate_wall_open,block;template_fence_gate;template_fence_gate_open;template_fence_gate_wall;template_fence_gate_wall_open,minecraft:block/acacia_planks,medium,Average color is computed across the visible model variants referenced by this block.
minecraft:acacia_hanging_sign,entity_block,entity_renderer,entity_or_block_entity_renderer,Special renderer/entity-style block; normal model geometry is not authoritative.,"Coordinates are normalized block-local [x,y,z] in 0..1, with y vertical. This block is rendered by an entity, block entity, or special renderer rather than by a normal solid block model. Treat its world geometry as renderer-defined; this CSV intentionally does not infer a precise color or cuboid mesh from the block model.",,,,,,,,none,,1,1,no,minecraft:block/acacia_hanging_sign,,,high,Average color intentionally omitted because this is handled by entity/block-entity rendering.
minecraft:acacia_leaves,full_cube_same_faces,full_cube,self_supporting_geometry,"Full cube [0,0,0]-[1,1,1] with same visual treatment on all six exterior faces.","Coordinates are normalized block-local [x,y,z] in 0..1, with y vertical. Occupies the entire voxel [0,0,0]-[1,1,1]. All six exterior faces are present; color differences, if any, are texture/face differences rather than geometry differences.",#47661C,71,102,28,1.000,down=#47661C;up=#47661C;north=#47661C;south=#47661C;west=#47661C;east=#47661C,,plains_foliage,vegetation,1,1,no,minecraft:block/acacia_leaves,block;leaves,minecraft:block/acacia_leaves,medium,Tinted textures use the plains biome approximation for color averaging.
minecraft:acacia_log,full_cube_different_faces,full_cube,self_supporting_geometry,"Full cube [0,0,0]-[1,1,1] with face-dependent visual treatment.","Coordinates are normalized block-local [x,y,z] in 0..1, with y vertical. Occupies the entire voxel [0,0,0]-[1,1,1]. All six exterior faces are present; color differences, if any, are texture/face differences rather than geometry differences.",#7D5F4F,125,95,79,1.000,down=#9C5939;up=#9C5939;north=#696258;south=#696258;west=#696258;east=#696258,down=#9C5939;up=#9C5939,none,wood,2,3,yes,minecraft:block/acacia_log;minecraft:block/acacia_log_horizontal,block;cube;cube_column;cube_column_horizontal,minecraft:block/acacia_log;minecraft:block/acacia_log_top,medium,Average color is computed across the visible model variants referenced by this block.
minecraft:acacia_planks,full_cube_same_faces,full_cube,self_supporting_geometry,"Full cube [0,0,0]-[1,1,1] with same visual treatment on all six exterior faces.","Coordinates are normalized block-local [x,y,z] in 0..1, with y vertical. Occupies the entire voxel [0,0,0]-[1,1,1]. All six exterior faces are present; color differences, if any, are texture/face differences rather than geometry differences.",#A95B33,169,91,51,1.000,down=#A95B33;up=#A95B33;north=#A95B33;south=#A95B33;west=#A95B33;east=#A95B33,,none,wood,1,1,no,minecraft:block/acacia_planks,block;cube;cube_all,minecraft:block/acacia_planks,medium,
minecraft:acacia_pressure_plate,irregular_dependent,irregular_model,dependent_on_support_or_counterpart,"Irregular non-cube geometry that is expected to depend on a support block, substrate, or paired state.","Coordinates are normalized block-local [x,y,z] in 0..1, with y vertical. Pressure plate geometry is a low rectangular floor plate occupying most of the x/z footprint. powered=false is slightly raised; powered=true lowers it closer to the supporting block.",#A85A32,168,90,50,1.000,,,none,,2,2,no,minecraft:block/acacia_pressure_plate;minecraft:block/acacia_pressure_plate_down,block;pressure_plate_down;pressure_plate_up;thin_block,minecraft:block/acacia_planks,medium,Average color is computed across the visible model variants referenced by this block.
minecraft:acacia_sapling,irregular_dependent,cross_planes,dependent_on_support_or_counterpart,"Irregular crossed flat planes with transparent cutout texture, typically plant-like and support/substrate dependent.","Coordinates are normalized block-local [x,y,z] in 0..1, with y vertical. Cross-plane geometry: two near-zero-thickness quads cross diagonally through the block center, usually spanning most of y=0..1. The visible silhouette comes from transparent texture pixels, not from cuboid volume; placement normally depends on ground or substrate support.",#787919,120,121,25,1.000,,,none,,1,1,no,minecraft:block/acacia_sapling,cross,minecraft:block/acacia_sapling,medium,
minecraft:acacia_shelf,irregular_self_supporting,irregular_model,self_supporting_geometry,Irregular non-cube geometry that can be used as a standalone placed form.,"Coordinates are normalized block-local [x,y,z] in 0..1, with y vertical. Irregular model geometry resolved from block models. Representative normalized cuboids/planes: minecraft:block/acacia_shelf -> 3 elements: [0,0,0.8125]-[1,1,1] + [0,0,0.6875]-[1,0.25,0.8125] + [0,0.75,0.6875]-[1,1,0.8125] | minecraft:block/acacia_shelf_unpowered -> 1 element: [0,0.25,0.8125]-[1,0.75,0.8125]. Orientation or count states rotate, swap, or combine these cuboids without making the block a full cube.",#9A5535,154,85,53,1.000,,,none,,6,24,yes,minecraft:block/acacia_shelf;minecraft:block/acacia_shelf_center;minecraft:block/acacia_shelf_left;minecraft:block/acacia_shelf_right;minecraft:block/acacia_shelf_unconnected;minecraft:block/acacia_shelf_unpowered,block;template_shelf_body;template_shelf_center;template_shelf_left;template_shelf_right;template_shelf_unconnected;template_shelf_unpowered,minecraft:block/acacia_shelf,medium,Average color is computed across the visible model variants referenced by this block.
minecraft:acacia_sign,entity_block,entity_renderer,entity_or_block_entity_renderer,Special renderer/entity-style block; normal model geometry is not authoritative.,"Coordinates are normalized block-local [x,y,z] in 0..1, with y vertical. This block is rendered by an entity, block entity, or special renderer rather than by a normal solid block model. Treat its world geometry as renderer-defined; this CSV intentionally does not infer a precise color or cuboid mesh from the block model.",,,,,,,,none,,1,1,no,minecraft:block/acacia_sign,,,high,Average color intentionally omitted because this is handled by entity/block-entity rendering.
minecraft:acacia_slab,slab,slab,self_supporting_geometry,Half-height or full-height rectangular prism selected by slab type.,"Coordinates are normalized block-local [x,y,z] in 0..1, with y vertical. type=bottom occupies [0,0,0]-[1,0.5,1]. type=top occupies [0,0.5,0]-[1,1,1]. type=double is a full cube [0,0,0]-[1,1,1]. Single-slab states are exactly half-height rectangular prisms.",#A95B33,169,91,51,1.000,,,none,architectural_shape,3,3,no,minecraft:block/acacia_planks;minecraft:block/acacia_slab;minecraft:block/acacia_slab_top,block;cube;cube_all;slab;slab_top,minecraft:block/acacia_planks,medium,Average color is computed across the visible model variants referenced by this block.
minecraft:acacia_stairs,stairs,stairs,self_supporting_geometry,"Step-shaped block: half-block base plus one or more quarter/half prisms; straight, inner-corner, and outer-corner variants.","Coordinates are normalized block-local [x,y,z] in 0..1, with y vertical. Stairs are a full 1x1x1 cube with step-shaped upper/lower half removed. For half=bottom, shape=straight occupies a full bottom half [0,0,0]-[1,0.5,1] plus one upper half-prism [0.5,0.5,0]-[1,1,1] in the canonical east-facing model, so the side profile is an L and the missing volume is a 0.5x0.5x1 prism; facing rotates that prism to north/east/south/west. half=top mirrors the geometry vertically, putting the full half at y=0.5..1 and the step/void in y=0..0.5. shape=inner_left/inner_right occupies the full lower (or upper, for half=top) half plus an L-shaped pair of 0.5x0.5x1 and 0.5x0.5x0.5 upper/lower prisms, leaving exactly one 0.5x0.5x0.5 corner void; left/right chooses the corner after the facing rotation. shape=outer_left/outer_right occupies the full half plus only one 0.5x0.5x0.5 corner prism in the opposite half, leaving the other three corner quarters empty; left/right chooses the retained corner after facing rotation.",#A95B33,169,91,51,1.000,,,none,architectural_shape,3,40,yes,minecraft:block/acacia_stairs;minecraft:block/acacia_stairs_inner;minecraft:block/acacia_stairs_outer,block;inner_stairs;outer_stairs;stairs,minecraft:block/acacia_planks,medium,Average color is computed across the visible model variants referenced by this block.
minecraft:acacia_trapdoor,irregular_dependent,hinged_panel,dependent_on_support_or_counterpart,"Irregular thin hinged panel; open/closed, half, hinge, or facing changes by state.","Coordinates are normalized block-local [x,y,z] in 0..1, with y vertical. Trapdoor geometry is a thin 1x1 panel about 0.1875 blocks thick. half=bottom places the closed panel at y=0..0.1875; half=top places it at y=0.8125..1. open=true rotates the same panel upright against the side chosen by facing.",#9F5834,159,88,52,1.000,,,none,,3,16,yes,minecraft:block/acacia_trapdoor_bottom;minecraft:block/acacia_trapdoor_open;minecraft:block/acacia_trapdoor_top,block;template_orientable_trapdoor_bottom;template_orientable_trapdoor_open;template_orientable_trapdoor_top;thin_block,minecraft:block/acacia_trapdoor,medium,Average color is computed across the visible model variants referenced by this block.
minecraft:acacia_wall_hanging_sign,entity_block,entity_renderer,entity_or_block_entity_renderer,Special renderer/entity-style block; normal model geometry is not authoritative.,"Coordinates are normalized block-local [x,y,z] in 0..1, with y vertical. This block is rendered by an entity, block entity, or special renderer rather than by a normal solid block model. Treat its world geometry as renderer-defined; this CSV intentionally does not infer a precise color or cuboid mesh from the block model.",,,,,,,,none,,1,1,no,minecraft:block/acacia_hanging_sign,,,high,Average color intentionally omitted because this is handled by entity/block-entity rendering.
minecraft:acacia_wall_sign,entity_block,entity_renderer,entity_or_block_entity_renderer,Special renderer/entity-style block; normal model geometry is not authoritative.,"Coordinates are normalized block-local [x,y,z] in 0..1, with y vertical. This block is rendered by an entity, block entity, or special renderer rather than by a normal solid block model. Treat its world geometry as renderer-defined; this CSV intentionally does not infer a precise color or cuboid mesh from the block model.",,,,,,,,none,,1,1,no,minecraft:block/acacia_sign,,,high,Average color intentionally omitted because this is handled by entity/block-entity rendering.
minecraft:acacia_wood,full_cube_same_faces,full_cube,self_supporting_geometry,"Full cube [0,0,0]-[1,1,1] with same visual treatment on all six exterior faces.","Coordinates are normalized block-local [x,y,z] in 0..1, with y vertical. Occupies the entire voxel [0,0,0]-[1,1,1]. All six exterior faces are present; color differences, if any, are texture/face differences rather than geometry differences.",#696258,105,98,88,1.000,down=#696258;up=#696258;north=#696258;south=#696258;west=#696258;east=#696258,,none,wood;neutral,1,3,yes,minecraft:block/acacia_wood,block;cube;cube_column,minecraft:block/acacia_log,medium,
minecraft:activator_rail,irregular_dependent,floor_rail,dependent_on_support_or_counterpart,Irregular low rail strips laid on a supporting block; shape/orientation changes by rail state.,"Coordinates are normalized block-local [x,y,z] in 0..1, with y vertical. Rail geometry is a very low, mostly planar track on the supporting block. Flat states lie close to y=0 with thin strips across the footprint; ascending states raise one end toward the neighboring block, making an inclined ramp-like strip. shape/facing values choose straight, corner, or ascending orientation.",#896D62,137,109,98,1.000,,,none,,6,12,yes,minecraft:block/activator_rail;minecraft:block/activator_rail_on;minecraft:block/activator_rail_on_raised_ne;minecraft:block/activator_rail_on_raised_sw;minecraft:block/activator_rail_raised_ne;minecraft:block/activator_rail_raised_sw,rail_flat;template_rail_raised_ne;template_rail_raised_sw,minecraft:block/activator_rail;minecraft:block/activator_rail_on,medium,Average color is computed across the visible model variants referenced by this block.
minecraft:air,technical_or_nonvisual,technical_nonvisual,nonvisual_or_engine_special,Invisible or technical block with no material-palette geometry.,"Coordinates are normalized block-local [x,y,z] in 0..1, with y vertical. Technical or nonvisual block. It has no useful visible placed geometry for material selection; collision/render behavior is engine-defined or intentionally invisible.",,,,,,,,none,,1,1,no,minecraft:block/air,,,high,"Average color intentionally omitted because the block is invisible, technical, or non-material."
minecraft:allium,irregular_dependent,cross_planes,dependent_on_support_or_counterpart,"Irregular crossed flat planes with transparent cutout texture, typically plant-like and support/substrate dependent.","Coordinates are normalized block-local [x,y,z] in 0..1, with y vertical. Cross-plane geometry: two near-zero-thickness quads cross diagonally through the block center, usually spanning most of y=0..1. The visible silhouette comes from transparent texture pixels, not from cuboid volume; placement normally depends on ground or substrate support.",#AA8FCD,170,143,205,1.000,,,none,,1,1,no,minecraft:block/allium,cross,minecraft:block/allium,medium,
minecraft:amethyst_block,full_cube_same_faces,full_cube,self_supporting_geometry,"Full cube [0,0,0]-[1,1,1] with same visual treatment on all six exterior faces.","Coordinates are normalized block-local [x,y,z] in 0..1, with y vertical. Occupies the entire voxel [0,0,0]-[1,1,1]. All six exterior faces are present; color differences, if any, are texture/face differences rather than geometry differences.",#8C67C2,140,103,194,1.000,down=#8C67C2;up=#8C67C2;north=#8C67C2;south=#8C67C2;west=#8C67C2;east=#8C67C2,,none,,1,1,no,minecraft:block/amethyst_block,block;cube;cube_all,minecraft:block/amethyst_block,medium,
minecraft:amethyst_cluster,irregular_dependent,cross_planes,dependent_on_support_or_counterpart,"Irregular crossed flat planes with transparent cutout texture, typically plant-like and support/substrate dependent.","Coordinates are normalized block-local [x,y,z] in 0..1, with y vertical. Cross-plane geometry: two near-zero-thickness quads cross diagonally through the block center, usually spanning most of y=0..1. The visible silhouette comes from transparent texture pixels, not from cuboid volume; placement normally depends on ground or substrate support.",#AD88D2,173,136,210,1.000,,,none,,1,6,yes,minecraft:block/amethyst_cluster,cross,minecraft:block/amethyst_cluster,medium,
minecraft:ancient_debris,full_cube_different_faces,full_cube,self_supporting_geometry,"Full cube [0,0,0]-[1,1,1] with face-dependent visual treatment.","Coordinates are normalized block-local [x,y,z] in 0..1, with y vertical. Occupies the entire voxel [0,0,0]-[1,1,1]. All six exterior faces are present; color differences, if any, are texture/face differences rather than geometry differences.",#644A44,100,74,68,1.000,down=#67504A;up=#67504A;north=#634740;south=#634740;west=#634740;east=#634740,down=#67504A;up=#67504A,none,,1,1,no,minecraft:block/ancient_debris,block;cube;cube_column,minecraft:block/ancient_debris_side;minecraft:block/ancient_debris_top,medium,
minecraft:andesite,full_cube_same_faces,full_cube,self_supporting_geometry,"Full cube [0,0,0]-[1,1,1] with same visual treatment on all six exterior faces.","Coordinates are normalized block-local [x,y,z] in 0..1, with y vertical. Occupies the entire voxel [0,0,0]-[1,1,1]. All six exterior faces are present; color differences, if any, are texture/face differences rather than geometry differences.",#89898A,137,137,138,1.000,down=#89898A;up=#89898A;north=#89898A;south=#89898A;west=#89898A;east=#89898A,,none,stone;neutral,1,1,no,minecraft:block/andesite,block;cube;cube_all,minecraft:block/andesite,medium,
minecraft:andesite_slab,slab,slab,self_supporting_geometry,Half-height or full-height rectangular prism selected by slab type.,"Coordinates are normalized block-local [x,y,z] in 0..1, with y vertical. type=bottom occupies [0,0,0]-[1,0.5,1]. type=top occupies [0,0.5,0]-[1,1,1]. type=double is a full cube [0,0,0]-[1,1,1]. Single-slab states are exactly half-height rectangular prisms.",#89898A,137,137,138,1.000,,,none,stone;architectural_shape;neutral,3,3,no,minecraft:block/andesite;minecraft:block/andesite_slab;minecraft:block/andesite_slab_top,block;cube;cube_all;slab;slab_top,minecraft:block/andesite,medium,Average color is computed across the visible model variants referenced by this block.
minecraft:andesite_stairs,stairs,stairs,self_supporting_geometry,"Step-shaped block: half-block base plus one or more quarter/half prisms; straight, inner-corner, and outer-corner variants.","Coordinates are normalized block-local [x,y,z] in 0..1, with y vertical. Stairs are a full 1x1x1 cube with step-shaped upper/lower half removed. For half=bottom, shape=straight occupies a full bottom half [0,0,0]-[1,0.5,1] plus one upper half-prism [0.5,0.5,0]-[1,1,1] in the canonical east-facing model, so the side profile is an L and the missing volume is a 0.5x0.5x1 prism; facing rotates that prism to north/east/south/west. half=top mirrors the geometry vertically, putting the full half at y=0.5..1 and the step/void in y=0..0.5. shape=inner_left/inner_right occupies the full lower (or upper, for half=top) half plus an L-shaped pair of 0.5x0.5x1 and 0.5x0.5x0.5 upper/lower prisms, leaving exactly one 0.5x0.5x0.5 corner void; left/right chooses the corner after the facing rotation. shape=outer_left/outer_right occupies the full half plus only one 0.5x0.5x0.5 corner prism in the opposite half, leaving the other three corner quarters empty; left/right chooses the retained corner after facing rotation.",#89898A,137,137,138,1.000,,,none,stone;architectural_shape;neutral,3,40,yes,minecraft:block/andesite_stairs;minecraft:block/andesite_stairs_inner;minecraft:block/andesite_stairs_outer,block;inner_stairs;outer_stairs;stairs,minecraft:block/andesite,medium,Average color is computed across the visible model variants referenced by this block.
minecraft:andesite_wall,coarse_wall,masonry_wall,self_supporting_geometry,Thick multipart wall: optional center post plus low/tall side arms.,"Coordinates are normalized block-local [x,y,z] in 0..1, with y vertical. Thick wall states are multipart masonry geometry. up=true adds a center post [0.25,0,0.25]-[0.75,1,0.75]. For each of north/east/south/west: value=none adds no arm; value=low adds a thick arm from the post to that face, approximately 0.375 wide, 0.5 long, and 0.875 high; value=tall uses the same footprint but rises to full height y=1. Direction values rotate the canonical north arm [0.3125,0,0]-[0.6875,0.875 or 1,0.5].",#89898A,137,137,138,1.000,,,none,stone;architectural_shape;neutral,3,9,yes,minecraft:block/andesite_wall_post;minecraft:block/andesite_wall_side;minecraft:block/andesite_wall_side_tall,template_wall_post;template_wall_side;template_wall_side_tall,minecraft:block/andesite,medium,Average color is computed across the visible model variants referenced by this block.
minecraft:anvil,irregular_self_supporting,anvil,self_supporting_geometry,"Irregular self-supporting anvil silhouette: broad base, narrow waist, and overhanging top.","Coordinates are normalized block-local [x,y,z] in 0..1, with y vertical. Anvil geometry is self-supporting and composed of four stacked cuboid groups: broad base [0.125,0,0.125]-[0.875,0.25,0.875], narrow lower neck around y=0.25..0.3125, central waist around [0.375,0.3125,0.25]-[0.625,0.625,0.75], and overhanging top [0.1875,0.625,0]-[0.8125,1,1]. facing rotates the long top axis.",#474747,71,71,71,1.000,,,none,neutral,1,4,yes,minecraft:block/anvil,block;template_anvil,minecraft:block/anvil;minecraft:block/anvil_top,medium,
minecraft:attached_melon_stem,irregular_dependent,irregular_model,dependent_on_support_or_counterpart,"Irregular non-cube geometry that is expected to depend on a support block, substrate, or paired state.","Coordinates are normalized block-local [x,y,z] in 0..1, with y vertical. Irregular model geometry resolved from block models. Representative normalized cuboids/planes: minecraft:block/attached_melon_stem -> 3 elements: [0,-0.0625,0.5]-[1,0.4375,0.5] + [0.5,-0.0625,0]-[0.5,0.4375,1] + [0,0,0.5]-[0.5625,1,0.5]. Orientation or count states rotate, swap, or combine these cuboids without making the block a full cube.",#597437,89,116,55,1.000,,,plains_grass_assumed,wood,1,4,yes,minecraft:block/attached_melon_stem,stem_fruit,minecraft:block/attached_melon_stem;minecraft:block/melon_stem,medium,Tinted textures use the plains biome approximation for color averaging.
minecraft:attached_pumpkin_stem,irregular_dependent,irregular_model,dependent_on_support_or_counterpart,"Irregular non-cube geometry that is expected to depend on a support block, substrate, or paired state.","Coordinates are normalized block-local [x,y,z] in 0..1, with y vertical. Irregular model geometry resolved from block models. Representative normalized cuboids/planes: minecraft:block/attached_pumpkin_stem -> 3 elements: [0,-0.0625,0.5]-[1,0.4375,0.5] + [0.5,-0.0625,0]-[0.5,0.4375,1] + [0,0,0.5]-[0.5625,1,0.5]. Orientation or count states rotate, swap, or combine these cuboids without making the block a full cube.",#587336,88,115,54,1.000,,,plains_grass_assumed,wood,1,4,yes,minecraft:block/attached_pumpkin_stem,stem_fruit,minecraft:block/attached_pumpkin_stem;minecraft:block/pumpkin_stem,medium,Tinted textures use the plains biome approximation for color averaging.
minecraft:azalea,irregular_self_supporting,irregular_model,self_supporting_geometry,Irregular non-cube geometry that can be used as a standalone placed form.,"Coordinates are normalized block-local [x,y,z] in 0..1, with y vertical. Irregular model geometry resolved from block models. Representative normalized cuboids/planes: minecraft:block/azalea -> 7 elements: [0,1,0]-[1,1,1] + [0,0.3125,0]-[1,1,0.0006] + [0,0.3125,0.9994]-[1,1,1] + [0,0.3125,0]-[0.0006,1,1] + [0.9994,0.3125,0]-[1,1,1] + [0.0063,0,0.5]-[0.9938,0.9938,0.5] plus 1 more cuboids/planes. Orientation or count states rotate, swap, or combine these cuboids without making the block a full cube.",#60772D,96,119,45,1.000,,,none,,1,1,no,minecraft:block/azalea,block;template_azalea,minecraft:block/azalea_plant;minecraft:block/azalea_side;minecraft:block/azalea_top,medium,
minecraft:azalea_leaves,full_cube_same_faces,full_cube,self_supporting_geometry,"Full cube [0,0,0]-[1,1,1] with same visual treatment on all six exterior faces.","Coordinates are normalized block-local [x,y,z] in 0..1, with y vertical. Occupies the entire voxel [0,0,0]-[1,1,1]. All six exterior faces are present; color differences, if any, are texture/face differences rather than geometry differences.",#5D762C,93,118,44,1.000,down=#5D762C;up=#5D762C;north=#5D762C;south=#5D762C;west=#5D762C;east=#5D762C,,none,vegetation,1,1,no,minecraft:block/azalea_leaves,block;cube;cube_all,minecraft:block/azalea_leaves,medium,
minecraft:azure_bluet,irregular_dependent,cross_planes,dependent_on_support_or_counterpart,"Irregular crossed flat planes with transparent cutout texture, typically plant-like and support/substrate dependent.","Coordinates are normalized block-local [x,y,z] in 0..1, with y vertical. Cross-plane geometry: two near-zero-thickness quads cross diagonally through the block center, usually spanning most of y=0..1. The visible silhouette comes from transparent texture pixels, not from cuboid volume; placement normally depends on ground or substrate support.",#BED1A2,190,209,162,1.000,,,none,light,1,1,no,minecraft:block/azure_bluet,cross,minecraft:block/azure_bluet,medium,
minecraft:bamboo,irregular_self_supporting,irregular_model,self_supporting_geometry,Irregular non-cube geometry that can be used as a standalone placed form.,"Coordinates are normalized block-local [x,y,z] in 0..1, with y vertical. Irregular model geometry resolved from block models. Representative normalized cuboids/planes: minecraft:block/bamboo1_age0 -> 1 element: [0.4375,0,0.4375]-[0.5625,1,0.5625] | minecraft:block/bamboo1_age1 -> 1 element: [0.4063,0,0.4063]-[0.5938,1,0.5938] | minecraft:block/bamboo_small_leaves -> 2 elements: [0.05,0,0.5]-[0.95,1,0.5] + [0.5,0,0.05]-[0.5,1,0.95]. Orientation or count states rotate, swap, or combine these cuboids without making the block a full cube.",#5A8A23,90,138,35,1.000,,,plains_foliage,wood,10,10,no,minecraft:block/bamboo1_age0;minecraft:block/bamboo1_age1;minecraft:block/bamboo2_age0;minecraft:block/bamboo2_age1;minecraft:block/bamboo3_age0;minecraft:block/bamboo3_age1;minecraft:block/bamboo4_age0;minecraft:block/bamboo4_age1;minecraft:block/bamboo_large_leaves;minecraft:block/bamboo_small_leaves,,minecraft:block/bamboo_large_leaves;minecraft:block/bamboo_small_leaves;minecraft:block/bamboo_stalk,medium,Tinted textures use the plains biome approximation for color averaging. Average color is computed across the visible model variants referenced by this block.
minecraft:bamboo_block,full_cube_different_faces,full_cube,self_supporting_geometry,"Full cube [0,0,0]-[1,1,1] with face-dependent visual treatment.","Coordinates are normalized block-local [x,y,z] in 0..1, with y vertical. Occupies the entire voxel [0,0,0]-[1,1,1]. All six exterior faces are present; color differences, if any, are texture/face differences rather than geometry differences.",#87923D,135,146,61,1.000,down=#82933B;up=#82933B;north=#82933B;south=#82933B;west=#909143;east=#909143,west=#909143;east=#909143,none,wood,3,3,no,minecraft:block/bamboo_block_x;minecraft:block/bamboo_block_y;minecraft:block/bamboo_block_z,block;cube_column_uv_locked_x;cube_column_uv_locked_y;cube_column_uv_locked_z,minecraft:block/bamboo_block;minecraft:block/bamboo_block_top,medium,Average color is computed across the visible model variants referenced by this block.
minecraft:bamboo_button,irregular_dependent,irregular_model,dependent_on_support_or_counterpart,"Irregular non-cube geometry that is expected to depend on a support block, substrate, or paired state.","Coordinates are normalized block-local [x,y,z] in 0..1, with y vertical. Button geometry is a small face-mounted cuboid. face/facing chooses the support face and orientation; powered=true uses a thinner pressed protrusion, while powered=false protrudes farther from the support surface.",#BDAA4D,189,170,77,1.000,,,none,wood,2,24,yes,minecraft:block/bamboo_button;minecraft:block/bamboo_button_pressed,button;button_pressed,minecraft:block/bamboo_planks,medium,Average color is computed across the visible model variants referenced by this block.
minecraft:bamboo_door,irregular_dependent,hinged_panel,dependent_on_support_or_counterpart,"Irregular thin hinged panel; open/closed, half, hinge, or facing changes by state.","Coordinates are normalized block-local [x,y,z] in 0..1, with y vertical. Door-like geometry is a thin vertical panel about 0.1875 blocks thick and one block tall per half. half=lower/upper selects the lower or upper block of the two-block door. facing chooses the panel orientation, hinge selects the pivot side, and open=true rotates the panel around that hinge.",#C6B256,198,178,86,1.000,,,none,wood,8,32,yes,minecraft:block/bamboo_door_bottom_left;minecraft:block/bamboo_door_bottom_left_open;minecraft:block/bamboo_door_bottom_right;minecraft:block/bamboo_door_bottom_right_open;minecraft:block/bamboo_door_top_left;minecraft:block/bamboo_door_top_left_open;minecraft:block/bamboo_door_top_right;minecraft:block/bamboo_door_top_right_open,door_bottom_left;door_bottom_left_open;door_bottom_right;door_bottom_right_open;door_top_left;door_top_left_open;door_top_right;door_top_right_open,minecraft:block/bamboo_door_bottom;minecraft:block/bamboo_door_top,medium,Average color is computed across the visible model variants referenced by this block.
minecraft:bamboo_fence,thin_wall,fence,self_supporting_geometry,"Narrow multipart connector: thin post, pane, bar, fence, or gate segments.","Coordinates are normalized block-local [x,y,z] in 0..1, with y vertical. Fence geometry is multipart. The center post is [0.375,0,0.375]-[0.625,1,0.625]. Each north/east/south/west=true connector adds two narrow horizontal rails from the post toward that face: lower rail around y=0.375..0.5625 and upper rail around y=0.75..0.9375, with a 0.125-thick cross-section. false leaves that side open.",#D1BC5C,209,188,92,1.000,,,none,wood;architectural_shape,5,5,no,minecraft:block/bamboo_fence_post;minecraft:block/bamboo_fence_side_east;minecraft:block/bamboo_fence_side_north;minecraft:block/bamboo_fence_side_south;minecraft:block/bamboo_fence_side_west,custom_fence_post;custom_fence_side_east;custom_fence_side_north;custom_fence_side_south;custom_fence_side_west,minecraft:block/bamboo_fence,medium,Average color is computed across the visible model variants referenced by this block.
minecraft:bamboo_fence_gate,thin_wall,fence_gate,self_supporting_geometry,"Narrow multipart connector: thin post, pane, bar, fence, or gate segments.","Coordinates are normalized block-local [x,y,z] in 0..1, with y vertical. Fence gate geometry is a pair of narrow side posts plus two hinged gate leaves. open=false places the leaves across the center line as a thin barrier; open=true swings the leaves back against the side posts. facing rotates the gate axis. in_wall=true lowers the posts and rails to align with coarse wall height, using the same narrow footprints but shifted downward.",#D1BC5A,209,188,90,1.000,,,none,wood;architectural_shape,4,16,yes,minecraft:block/bamboo_fence_gate;minecraft:block/bamboo_fence_gate_open;minecraft:block/bamboo_fence_gate_wall;minecraft:block/bamboo_fence_gate_wall_open,block;template_custom_fence_gate;template_custom_fence_gate_open;template_custom_fence_gate_wall;template_custom_fence_gate_wall_open,minecraft:block/bamboo_fence_gate,medium,Average color is computed across the visible model variants referenced by this block.
minecraft:bamboo_hanging_sign,entity_block,entity_renderer,entity_or_block_entity_renderer,Special renderer/entity-style block; normal model geometry is not authoritative.,"Coordinates are normalized block-local [x,y,z] in 0..1, with y vertical. This block is rendered by an entity, block entity, or special renderer rather than by a normal solid block model. Treat its world geometry as renderer-defined; this CSV intentionally does not infer a precise color or cuboid mesh from the block model.",,,,,,,,none,wood,1,1,no,minecraft:block/bamboo_hanging_sign,,,high,Average color intentionally omitted because this is handled by entity/block-entity rendering.
minecraft:bamboo_mosaic,full_cube_same_faces,full_cube,self_supporting_geometry,"Full cube [0,0,0]-[1,1,1] with same visual treatment on all six exterior faces.","Coordinates are normalized block-local [x,y,z] in 0..1, with y vertical. Occupies the entire voxel [0,0,0]-[1,1,1]. All six exterior faces are present; color differences, if any, are texture/face differences rather than geometry differences.",#C0AC4F,192,172,79,1.000,down=#C0AC4F;up=#C0AC4F;north=#C0AC4F;south=#C0AC4F;west=#C0AC4F;east=#C0AC4F,,none,wood,1,1,no,minecraft:block/bamboo_mosaic,block;cube;cube_all,minecraft:block/bamboo_mosaic,medium,
minecraft:bamboo_mosaic_slab,slab,slab,self_supporting_geometry,Half-height or full-height rectangular prism selected by slab type.,"Coordinates are normalized block-local [x,y,z] in 0..1, with y vertical. type=bottom occupies [0,0,0]-[1,0.5,1]. type=top occupies [0,0.5,0]-[1,1,1]. type=double is a full cube [0,0,0]-[1,1,1]. Single-slab states are exactly half-height rectangular prisms.",#C0AC4F,192,172,79,1.000,,,none,wood;architectural_shape,3,3,no,minecraft:block/bamboo_mosaic;minecraft:block/bamboo_mosaic_slab;minecraft:block/bamboo_mosaic_slab_top,block;cube;cube_all;slab;slab_top,minecraft:block/bamboo_mosaic,medium,Average color is computed across the visible model variants referenced by this block.
minecraft:bamboo_mosaic_stairs,stairs,stairs,self_supporting_geometry,"Step-shaped block: half-block base plus one or more quarter/half prisms; straight, inner-corner, and outer-corner variants.","Coordinates are normalized block-local [x,y,z] in 0..1, with y vertical. Stairs are a full 1x1x1 cube with step-shaped upper/lower half removed. For half=bottom, shape=straight occupies a full bottom half [0,0,0]-[1,0.5,1] plus one upper half-prism [0.5,0.5,0]-[1,1,1] in the canonical east-facing model, so the side profile is an L and the missing volume is a 0.5x0.5x1 prism; facing rotates that prism to north/east/south/west. half=top mirrors the geometry vertically, putting the full half at y=0.5..1 and the step/void in y=0..0.5. shape=inner_left/inner_right occupies the full lower (or upper, for half=top) half plus an L-shaped pair of 0.5x0.5x1 and 0.5x0.5x0.5 upper/lower prisms, leaving exactly one 0.5x0.5x0.5 corner void; left/right chooses the corner after the facing rotation. shape=outer_left/outer_right occupies the full half plus only one 0.5x0.5x0.5 corner prism in the opposite half, leaving the other three corner quarters empty; left/right chooses the retained corner after facing rotation.",#C0AC4F,192,172,79,1.000,,,none,wood;architectural_shape,3,40,yes,minecraft:block/bamboo_mosaic_stairs;minecraft:block/bamboo_mosaic_stairs_inner;minecraft:block/bamboo_mosaic_stairs_outer,block;inner_stairs;outer_stairs;stairs,minecraft:block/bamboo_mosaic,medium,Average color is computed across the visible model variants referenced by this block.
minecraft:bamboo_planks,full_cube_same_faces,full_cube,self_supporting_geometry,"Full cube [0,0,0]-[1,1,1] with same visual treatment on all six exterior faces.","Coordinates are normalized block-local [x,y,z] in 0..1, with y vertical. Occupies the entire voxel [0,0,0]-[1,1,1]. All six exterior faces are present; color differences, if any, are texture/face differences rather than geometry differences.",#C4AF52,196,175,82,1.000,down=#C4AF52;up=#C4AF52;north=#C4AF52;south=#C4AF52;west=#C4AF52;east=#C4AF52,,none,wood,1,1,no,minecraft:block/bamboo_planks,block;cube;cube_all,minecraft:block/bamboo_planks,medium,
minecraft:bamboo_pressure_plate,irregular_dependent,irregular_model,dependent_on_support_or_counterpart,"Irregular non-cube geometry that is expected to depend on a support block, substrate, or paired state.","Coordinates are normalized block-local [x,y,z] in 0..1, with y vertical. Pressure plate geometry is a low rectangular floor plate occupying most of the x/z footprint. powered=false is slightly raised; powered=true lowers it closer to the supporting block.",#C3AE52,195,174,82,1.000,,,none,wood,2,2,no,minecraft:block/bamboo_pressure_plate;minecraft:block/bamboo_pressure_plate_down,block;pressure_plate_down;pressure_plate_up;thin_block,minecraft:block/bamboo_planks,medium,Average color is computed across the visible model variants referenced by this block.
minecraft:bamboo_sapling,irregular_dependent,cross_planes,dependent_on_support_or_counterpart,"Irregular crossed flat planes with transparent cutout texture, typically plant-like and support/substrate dependent.","Coordinates are normalized block-local [x,y,z] in 0..1, with y vertical. Cross-plane geometry: two near-zero-thickness quads cross diagonally through the block center, usually spanning most of y=0..1. The visible silhouette comes from transparent texture pixels, not from cuboid volume; placement normally depends on ground or substrate support.",#384A10,56,74,16,1.000,,,plains_grass_assumed,wood,1,1,no,minecraft:block/bamboo_sapling,tinted_cross,minecraft:block/bamboo_stage0,medium,Tinted textures use the plains biome approximation for color averaging.
minecraft:bamboo_shelf,irregular_self_supporting,irregular_model,self_supporting_geometry,Irregular non-cube geometry that can be used as a standalone placed form.,"Coordinates are normalized block-local [x,y,z] in 0..1, with y vertical. Irregular model geometry resolved from block models. Representative normalized cuboids/planes: minecraft:block/bamboo_shelf -> 3 elements: [0,0,0.8125]-[1,1,1] + [0,0,0.6875]-[1,0.25,0.8125] + [0,0.75,0.6875]-[1,1,0.8125] | minecraft:block/bamboo_shelf_unpowered -> 1 element: [0,0.25,0.8125]-[1,0.75,0.8125]. Orientation or count states rotate, swap, or combine these cuboids without making the block a full cube.",#B5A34C,181,163,76,1.000,,,none,wood,6,24,yes,minecraft:block/bamboo_shelf;minecraft:block/bamboo_shelf_center;minecraft:block/bamboo_shelf_left;minecraft:block/bamboo_shelf_right;minecraft:block/bamboo_shelf_unconnected;minecraft:block/bamboo_shelf_unpowered,block;template_shelf_body;template_shelf_center;template_shelf_left;template_shelf_right;template_shelf_unconnected;template_shelf_unpowered,minecraft:block/bamboo_shelf,medium,Average color is computed across the visible model variants referenced by this block.
minecraft:bamboo_sign,entity_block,entity_renderer,entity_or_block_entity_renderer,Special renderer/entity-style block; normal model geometry is not authoritative.,"Coordinates are normalized block-local [x,y,z] in 0..1, with y vertical. This block is rendered by an entity, block entity, or special renderer rather than by a normal solid block model. Treat its world geometry as renderer-defined; this CSV intentionally does not infer a precise color or cuboid mesh from the block model.",,,,,,,,none,wood,1,1,no,minecraft:block/bamboo_sign,,,high,Average color intentionally omitted because this is handled by entity/block-entity rendering.
minecraft:bamboo_slab,slab,slab,self_supporting_geometry,Half-height or full-height rectangular prism selected by slab type.,"Coordinates are normalized block-local [x,y,z] in 0..1, with y vertical. type=bottom occupies [0,0,0]-[1,0.5,1]. type=top occupies [0,0.5,0]-[1,1,1]. type=double is a full cube [0,0,0]-[1,1,1]. Single-slab states are exactly half-height rectangular prisms.",#C4AF52,196,175,82,1.000,,,none,wood;architectural_shape,3,3,no,minecraft:block/bamboo_planks;minecraft:block/bamboo_slab;minecraft:block/bamboo_slab_top,block;cube;cube_all;slab;slab_top,minecraft:block/bamboo_planks,medium,Average color is computed across the visible model variants referenced by this block.
minecraft:bamboo_stairs,stairs,stairs,self_supporting_geometry,"Step-shaped block: half-block base plus one or more quarter/half prisms; straight, inner-corner, and outer-corner variants.","Coordinates are normalized block-local [x,y,z] in 0..1, with y vertical. Stairs are a full 1x1x1 cube with step-shaped upper/lower half removed. For half=bottom, shape=straight occupies a full bottom half [0,0,0]-[1,0.5,1] plus one upper half-prism [0.5,0.5,0]-[1,1,1] in the canonical east-facing model, so the side profile is an L and the missing volume is a 0.5x0.5x1 prism; facing rotates that prism to north/east/south/west. half=top mirrors the geometry vertically, putting the full half at y=0.5..1 and the step/void in y=0..0.5. shape=inner_left/inner_right occupies the full lower (or upper, for half=top) half plus an L-shaped pair of 0.5x0.5x1 and 0.5x0.5x0.5 upper/lower prisms, leaving exactly one 0.5x0.5x0.5 corner void; left/right chooses the corner after the facing rotation. shape=outer_left/outer_right occupies the full half plus only one 0.5x0.5x0.5 corner prism in the opposite half, leaving the other three corner quarters empty; left/right chooses the retained corner after facing rotation.",#C4AF52,196,175,82,1.000,,,none,wood;architectural_shape,3,40,yes,minecraft:block/bamboo_stairs;minecraft:block/bamboo_stairs_inner;minecraft:block/bamboo_stairs_outer,block;inner_stairs;outer_stairs;stairs,minecraft:block/bamboo_planks,medium,Average color is computed across the visible model variants referenced by this block.
minecraft:bamboo_trapdoor,irregular_dependent,hinged_panel,dependent_on_support_or_counterpart,"Irregular thin hinged panel; open/closed, half, hinge, or facing changes by state.","Coordinates are normalized block-local [x,y,z] in 0..1, with y vertical. Trapdoor geometry is a thin 1x1 panel about 0.1875 blocks thick. half=bottom places the closed panel at y=0..0.1875; half=top places it at y=0.8125..1. open=true rotates the same panel upright against the side chosen by facing.",#C8B458,200,180,88,1.000,,,none,wood,3,16,yes,minecraft:block/bamboo_trapdoor_bottom;minecraft:block/bamboo_trapdoor_open;minecraft:block/bamboo_trapdoor_top,block;template_orientable_trapdoor_bottom;template_orientable_trapdoor_open;template_orientable_trapdoor_top;thin_block,minecraft:block/bamboo_trapdoor,medium,Average color is computed across the visible model variants referenced by this block.
minecraft:bamboo_wall_hanging_sign,entity_block,entity_renderer,entity_or_block_entity_renderer,Special renderer/entity-style block; normal model geometry is not authoritative.,"Coordinates are normalized block-local [x,y,z] in 0..1, with y vertical. This block is rendered by an entity, block entity, or special renderer rather than by a normal solid block model. Treat its world geometry as renderer-defined; this CSV intentionally does not infer a precise color or cuboid mesh from the block model.",,,,,,,,none,wood,1,1,no,minecraft:block/bamboo_hanging_sign,,,high,Average color intentionally omitted because this is handled by entity/block-entity rendering.
minecraft:bamboo_wall_sign,entity_block,entity_renderer,entity_or_block_entity_renderer,Special renderer/entity-style block; normal model geometry is not authoritative.,"Coordinates are normalized block-local [x,y,z] in 0..1, with y vertical. This block is rendered by an entity, block entity, or special renderer rather than by a normal solid block model. Treat its world geometry as renderer-defined; this CSV intentionally does not infer a precise color or cuboid mesh from the block model.",,,,,,,,none,wood,1,1,no,minecraft:block/bamboo_sign,,,high,Average color intentionally omitted because this is handled by entity/block-entity rendering.
minecraft:barrel,full_cube_different_faces,full_cube,self_supporting_geometry,"Full cube [0,0,0]-[1,1,1] with face-dependent visual treatment.","Coordinates are normalized block-local [x,y,z] in 0..1, with y vertical. Occupies the entire voxel [0,0,0]-[1,1,1]. All six exterior faces are present; color differences, if any, are texture/face differences rather than geometry differences.",#755733,117,87,51,1.000,down=#755732;up=#88653C;north=#745634;south=#745634;west=#745634;east=#745634,up=#88653C,none,,2,12,yes,minecraft:block/barrel;minecraft:block/barrel_open,block;cube;cube_bottom_top,minecraft:block/barrel_bottom;minecraft:block/barrel_side;minecraft:block/barrel_top;minecraft:block/barrel_top_open,medium,Average color is computed across the visible model variants referenced by this block.
minecraft:barrier,technical_or_nonvisual,technical_nonvisual,nonvisual_or_engine_special,Invisible or technical block with no material-palette geometry.,"Coordinates are normalized block-local [x,y,z] in 0..1, with y vertical. Technical or nonvisual block. It has no useful visible placed geometry for material selection; collision/render behavior is engine-defined or intentionally invisible.",,,,,,,,none,,1,1,no,minecraft:block/barrier,,,high,"Average color intentionally omitted because the block is invisible, technical, or non-material."
minecraft:basalt,full_cube_different_faces,full_cube,self_supporting_geometry,"Full cube [0,0,0]-[1,1,1] with face-dependent visual treatment.","Coordinates are normalized block-local [x,y,z] in 0..1, with y vertical. Occupies the entire voxel [0,0,0]-[1,1,1]. All six exterior faces are present; color differences, if any, are texture/face differences rather than geometry differences.",#4F4F53,79,79,83,1.000,down=#565659;up=#565659;north=#4C4B4F;south=#4C4B4F;west=#4C4B4F;east=#4C4B4F,down=#565659;up=#565659,none,stone;neutral,1,3,yes,minecraft:block/basalt,block;cube;cube_column,minecraft:block/basalt_side;minecraft:block/basalt_top,medium,
minecraft:beacon,full_cube_same_faces,full_cube,self_supporting_geometry,"Full cube [0,0,0]-[1,1,1] with same visual treatment on all six exterior faces.","Coordinates are normalized block-local [x,y,z] in 0..1, with y vertical. Occupies the entire voxel [0,0,0]-[1,1,1]. All six exterior faces are present; color differences, if any, are texture/face differences rather than geometry differences.",#B3D7DC,179,215,220,1.000,down=#B3D7DC;up=#B3D7DC;north=#B3D7DC;south=#B3D7DC;west=#B3D7DC;east=#B3D7DC,,none,light,1,1,no,minecraft:block/beacon,block,minecraft:block/beacon;minecraft:block/glass;minecraft:block/obsidian,medium,
minecraft:bedrock,full_cube_same_faces,full_cube,self_supporting_geometry,"Full cube [0,0,0]-[1,1,1] with same visual treatment on all six exterior faces.","Coordinates are normalized block-local [x,y,z] in 0..1, with y vertical. Occupies the entire voxel [0,0,0]-[1,1,1]. All six exterior faces are present; color differences, if any, are texture/face differences rather than geometry differences.",#5F5F5F,95,95,95,1.000,down=#5F5F5F;up=#5F5F5F;north=#5F5F5F;south=#5F5F5F;west=#5F5F5F;east=#5F5F5F,,none,neutral,2,4,yes,minecraft:block/bedrock;minecraft:block/bedrock_mirrored,block;cube;cube_all;cube_mirrored;cube_mirrored_all,minecraft:block/bedrock,medium,Average color is computed across the visible model variants referenced by this block.
minecraft:bee_nest,full_cube_different_faces,full_cube,self_supporting_geometry,"Full cube [0,0,0]-[1,1,1] with face-dependent visual treatment.","Coordinates are normalized block-local [x,y,z] in 0..1, with y vertical. Occupies the entire voxel [0,0,0]-[1,1,1]. All six exterior faces are present; color differences, if any, are texture/face differences rather than geometry differences.",#C59D53,197,157,83,1.000,down=#A6855D;up=#D2AD51;north=#C19850;south=#CA9F52;west=#CA9F52;east=#CA9F52,down=#A6855D;up=#D2AD51;north=#C19850,none,,2,24,yes,minecraft:block/bee_nest_empty;minecraft:block/bee_nest_honey,block;cube;orientable_with_bottom,minecraft:block/bee_nest_bottom;minecraft:block/bee_nest_front;minecraft:block/bee_nest_front_honey;minecraft:block/bee_nest_side;minecraft:block/bee_nest_top,medium,Average color is computed across the visible model variants referenced by this block.
minecraft:beehive,full_cube_different_faces,full_cube,self_supporting_geometry,"Full cube [0,0,0]-[1,1,1] with face-dependent visual treatment.","Coordinates are normalized block-local [x,y,z] in 0..1, with y vertical. Occupies the entire voxel [0,0,0]-[1,1,1]. All six exterior faces are present; color differences, if any, are texture/face differences rather than geometry differences.",#A98853,169,136,83,1.000,down=#B5935B;up=#B5935B;north=#A28351;south=#A0814F;west=#A0814F;east=#A0814F,down=#B5935B;up=#B5935B,none,,2,24,yes,minecraft:block/beehive_empty;minecraft:block/beehive_honey,block;cube;orientable_with_bottom,minecraft:block/beehive_end;minecraft:block/beehive_front;minecraft:block/beehive_front_honey;minecraft:block/beehive_side,medium,Average color is computed across the visible model variants referenced by this block.
minecraft:beetroots,irregular_dependent,irregular_model,dependent_on_support_or_counterpart,"Irregular non-cube geometry that is expected to depend on a support block, substrate, or paired state.","Coordinates are normalized block-local [x,y,z] in 0..1, with y vertical. Irregular model geometry resolved from block models. Representative normalized cuboids/planes: minecraft:block/beetroots_stage0 -> 4 elements: [0.25,-0.0625,0]-[0.25,0.9375,1] + [0.75,-0.0625,0]-[0.75,0.9375,1] + [0,-0.0625,0.25]-[1,0.9375,0.25] + [0,-0.0625,0.75]-[1,0.9375,0.75]. Orientation or count states rotate, swap, or combine these cuboids without making the block a full cube.",#518428,81,132,40,1.000,,,none,vegetation,4,4,no,minecraft:block/beetroots_stage0;minecraft:block/beetroots_stage1;minecraft:block/beetroots_stage2;minecraft:block/beetroots_stage3,crop,minecraft:block/beetroots_stage0;minecraft:block/beetroots_stage1;minecraft:block/beetroots_stage2;minecraft:block/beetroots_stage3,medium,Average color is computed across the visible model variants referenced by this block.
minecraft:bell,irregular_self_supporting,irregular_model,self_supporting_geometry,Irregular non-cube geometry that can be used as a standalone placed form.,"Coordinates are normalized block-local [x,y,z] in 0..1, with y vertical. Bell geometry is a hanging or side-mounted irregular model. attachment/facing choose ceiling, floor, single-wall, or double-wall support; the bell body hangs below or between supports and does not fill the whole voxel.",#52463F,82,70,63,1.000,,,none,,4,16,yes,minecraft:block/bell_between_walls;minecraft:block/bell_ceiling;minecraft:block/bell_floor;minecraft:block/bell_wall,,minecraft:block/dark_oak_planks;minecraft:block/stone,medium,Average color is computed across the visible model variants referenced by this block.
minecraft:big_dripleaf,irregular_self_supporting,irregular_model,self_supporting_geometry,Irregular non-cube geometry that can be used as a standalone placed form.,"Coordinates are normalized block-local [x,y,z] in 0..1, with y vertical. Irregular model geometry resolved from block models. Representative normalized cuboids/planes: minecraft:block/big_dripleaf_full_tilt -> 6 elements: [0,0.9375,0]-[1,0.9375,1] + [0,0.6875,0]-[1,0.9375,0] + [0,0.6875,0]-[0.0001,0.9375,1] + [0.9999,0.6875,0]-[1,0.9375,1] + [0.3125,0,0.75]-[0.6875,0.9375,0.75] + [0.3125,0,0.75]-[0.6875,0.9375,0.75] | minecraft:block/big_dripleaf -> 6 elements: [0,0.9375,0]-[1,0.9375,1] + [0,0.6875,0]-[1,0.9375,0.0001] + [0,0.6875,0]-[0.0001,0.9375,1] + [0.9999,0.6875,0]-[1,0.9375,1] + [0.3125,0,0.75]-[0.6875,0.9375,0.75] + [0.3125,0,0.75]-[0.6875,0.9375,0.75]. Orientation or count states rotate, swap, or combine these cuboids without making the block a full cube.",#658031,101,128,49,1.000,,,none,,3,16,yes,minecraft:block/big_dripleaf;minecraft:block/big_dripleaf_full_tilt;minecraft:block/big_dripleaf_partial_tilt,block,minecraft:block/big_dripleaf_side;minecraft:block/big_dripleaf_stem;minecraft:block/big_dripleaf_tip;minecraft:block/big_dripleaf_top,medium,Average color is computed across the visible model variants referenced by this block.
minecraft:big_dripleaf_stem,irregular_dependent,irregular_model,dependent_on_support_or_counterpart,"Irregular non-cube geometry that is expected to depend on a support block, substrate, or paired state.","Coordinates are normalized block-local [x,y,z] in 0..1, with y vertical. Irregular model geometry resolved from block models. Representative normalized cuboids/planes: minecraft:block/big_dripleaf_stem -> 2 elements: [0.3125,0,0.75]-[0.6875,1,0.75] + [0.3125,0,0.75]-[0.6875,1,0.75]. Orientation or count states rotate, swap, or combine these cuboids without making the block a full cube.",#5E752E,94,117,46,1.000,,,none,wood,1,4,yes,minecraft:block/big_dripleaf_stem,block,minecraft:block/big_dripleaf_stem,medium,
minecraft:birch_button,irregular_dependent,irregular_model,dependent_on_support_or_counterpart,"Irregular non-cube geometry that is expected to depend on a support block, substrate, or paired state.","Coordinates are normalized block-local [x,y,z] in 0..1, with y vertical. Button geometry is a small face-mounted cuboid. face/facing chooses the support face and orientation; powered=true uses a thinner pressed protrusion, while powered=false protrudes farther from the support surface.",#C1B07A,193,176,122,1.000,,,none,,2,24,yes,minecraft:block/birch_button;minecraft:block/birch_button_pressed,button;button_pressed,minecraft:block/birch_planks,medium,Average color is computed across the visible model variants referenced by this block.
minecraft:birch_door,irregular_dependent,hinged_panel,dependent_on_support_or_counterpart,"Irregular thin hinged panel; open/closed, half, hinge, or facing changes by state.","Coordinates are normalized block-local [x,y,z] in 0..1, with y vertical. Door-like geometry is a thin vertical panel about 0.1875 blocks thick and one block tall per half. half=lower/upper selects the lower or upper block of the two-block door. facing chooses the panel orientation, hinge selects the pivot side, and open=true rotates the panel around that hinge.",#D5C9A2,213,201,162,1.000,,,none,light,8,32,yes,minecraft:block/birch_door_bottom_left;minecraft:block/birch_door_bottom_left_open;minecraft:block/birch_door_bottom_right;minecraft:block/birch_door_bottom_right_open;minecraft:block/birch_door_top_left;minecraft:block/birch_door_top_left_open;minecraft:block/birch_door_top_right;minecraft:block/birch_door_top_right_open,door_bottom_left;door_bottom_left_open;door_bottom_right;door_bottom_right_open;door_top_left;door_top_left_open;door_top_right;door_top_right_open,minecraft:block/birch_door_bottom;minecraft:block/birch_door_top,medium,Average color is computed across the visible model variants referenced by this block.
minecraft:birch_fence,thin_wall,fence,self_supporting_geometry,"Narrow multipart connector: thin post, pane, bar, fence, or gate segments.","Coordinates are normalized block-local [x,y,z] in 0..1, with y vertical. Fence geometry is multipart. The center post is [0.375,0,0.375]-[0.625,1,0.625]. Each north/east/south/west=true connector adds two narrow horizontal rails from the post toward that face: lower rail around y=0.375..0.5625 and upper rail around y=0.75..0.9375, with a 0.125-thick cross-section. false leaves that side open.",#C1B07A,193,176,122,1.000,,,none,architectural_shape,2,5,yes,minecraft:block/birch_fence_post;minecraft:block/birch_fence_side,fence_post;fence_side,minecraft:block/birch_planks,medium,Average color is computed across the visible model variants referenced by this block.
minecraft:birch_fence_gate,thin_wall,fence_gate,self_supporting_geometry,"Narrow multipart connector: thin post, pane, bar, fence, or gate segments.","Coordinates are normalized block-local [x,y,z] in 0..1, with y vertical. Fence gate geometry is a pair of narrow side posts plus two hinged gate leaves. open=false places the leaves across the center line as a thin barrier; open=true swings the leaves back against the side posts. facing rotates the gate axis. in_wall=true lowers the posts and rails to align with coarse wall height, using the same narrow footprints but shifted downward.",#C1AF7A,193,175,122,1.000,,,none,architectural_shape,4,16,yes,minecraft:block/birch_fence_gate;minecraft:block/birch_fence_gate_open;minecraft:block/birch_fence_gate_wall;minecraft:block/birch_fence_gate_wall_open,block;template_fence_gate;template_fence_gate_open;template_fence_gate_wall;template_fence_gate_wall_open,minecraft:block/birch_planks,medium,Average color is computed across the visible model variants referenced by this block.
minecraft:birch_hanging_sign,entity_block,entity_renderer,entity_or_block_entity_renderer,Special renderer/entity-style block; normal model geometry is not authoritative.,"Coordinates are normalized block-local [x,y,z] in 0..1, with y vertical. This block is rendered by an entity, block entity, or special renderer rather than by a normal solid block model. Treat its world geometry as renderer-defined; this CSV intentionally does not infer a precise color or cuboid mesh from the block model.",,,,,,,,none,,1,1,no,minecraft:block/birch_hanging_sign,,,high,Average color intentionally omitted because this is handled by entity/block-entity rendering.
minecraft:birch_leaves,full_cube_same_faces,full_cube,self_supporting_geometry,"Full cube [0,0,0]-[1,1,1] with same visual treatment on all six exterior faces.","Coordinates are normalized block-local [x,y,z] in 0..1, with y vertical. Occupies the entire voxel [0,0,0]-[1,1,1]. All six exterior faces are present; color differences, if any, are texture/face differences rather than geometry differences.",#3E5818,62,88,24,1.000,down=#3E5818;up=#3E5818;north=#3E5818;south=#3E5818;west=#3E5818;east=#3E5818,,plains_foliage,vegetation,1,1,no,minecraft:block/birch_leaves,block;leaves,minecraft:block/birch_leaves,medium,Tinted textures use the plains biome approximation for color averaging.
minecraft:birch_log,full_cube_different_faces,full_cube,self_supporting_geometry,"Full cube [0,0,0]-[1,1,1] with face-dependent visual treatment.","Coordinates are normalized block-local [x,y,z] in 0..1, with y vertical. Occupies the entire voxel [0,0,0]-[1,1,1]. All six exterior faces are present; color differences, if any, are texture/face differences rather than geometry differences.",#D7D2C5,215,210,197,1.000,down=#C5B78F;up=#C5B78F;north=#E0DFDB;south=#E0DFDB;west=#E0DFDB;east=#E0DFDB,down=#C5B78F;up=#C5B78F,none,wood;light,2,3,yes,minecraft:block/birch_log;minecraft:block/birch_log_horizontal,block;cube;cube_column;cube_column_horizontal,minecraft:block/birch_log;minecraft:block/birch_log_top,medium,Average color is computed across the visible model variants referenced by this block.
minecraft:birch_planks,full_cube_same_faces,full_cube,self_supporting_geometry,"Full cube [0,0,0]-[1,1,1] with same visual treatment on all six exterior faces.","Coordinates are normalized block-local [x,y,z] in 0..1, with y vertical. Occupies the entire voxel [0,0,0]-[1,1,1]. All six exterior faces are present; color differences, if any, are texture/face differences rather than geometry differences.",#C2B17A,194,177,122,1.000,down=#C2B17A;up=#C2B17A;north=#C2B17A;south=#C2B17A;west=#C2B17A;east=#C2B17A,,none,wood,1,1,no,minecraft:block/birch_planks,block;cube;cube_all,minecraft:block/birch_planks,medium,
minecraft:birch_pressure_plate,irregular_dependent,irregular_model,dependent_on_support_or_counterpart,"Irregular non-cube geometry that is expected to depend on a support block, substrate, or paired state.","Coordinates are normalized block-local [x,y,z] in 0..1, with y vertical. Pressure plate geometry is a low rectangular floor plate occupying most of the x/z footprint. powered=false is slightly raised; powered=true lowers it closer to the supporting block.",#C0AF79,192,175,121,1.000,,,none,,2,2,no,minecraft:block/birch_pressure_plate;minecraft:block/birch_pressure_plate_down,block;pressure_plate_down;pressure_plate_up;thin_block,minecraft:block/birch_planks,medium,Average color is computed across the visible model variants referenced by this block.
minecraft:birch_sapling,irregular_dependent,cross_planes,dependent_on_support_or_counterpart,"Irregular crossed flat planes with transparent cutout texture, typically plant-like and support/substrate dependent.","Coordinates are normalized block-local [x,y,z] in 0..1, with y vertical. Cross-plane geometry: two near-zero-thickness quads cross diagonally through the block center, usually spanning most of y=0..1. The visible silhouette comes from transparent texture pixels, not from cuboid volume; placement normally depends on ground or substrate support.",#8AA55E,138,165,94,1.000,,,none,,1,1,no,minecraft:block/birch_sapling,cross,minecraft:block/birch_sapling,medium,
minecraft:birch_shelf,irregular_self_supporting,irregular_model,self_supporting_geometry,Irregular non-cube geometry that can be used as a standalone placed form.,"Coordinates are normalized block-local [x,y,z] in 0..1, with y vertical. Irregular model geometry resolved from block models. Representative normalized cuboids/planes: minecraft:block/birch_shelf -> 3 elements: [0,0,0.8125]-[1,1,1] + [0,0,0.6875]-[1,0.25,0.8125] + [0,0.75,0.6875]-[1,1,0.8125] | minecraft:block/birch_shelf_unpowered -> 1 element: [0,0.25,0.8125]-[1,0.75,0.8125]. Orientation or count states rotate, swap, or combine these cuboids without making the block a full cube.",#AB9868,171,152,104,1.000,,,none,,6,24,yes,minecraft:block/birch_shelf;minecraft:block/birch_shelf_center;minecraft:block/birch_shelf_left;minecraft:block/birch_shelf_right;minecraft:block/birch_shelf_unconnected;minecraft:block/birch_shelf_unpowered,block;template_shelf_body;template_shelf_center;template_shelf_left;template_shelf_right;template_shelf_unconnected;template_shelf_unpowered,minecraft:block/birch_shelf,medium,Average color is computed across the visible model variants referenced by this block.
minecraft:birch_sign,entity_block,entity_renderer,entity_or_block_entity_renderer,Special renderer/entity-style block; normal model geometry is not authoritative.,"Coordinates are normalized block-local [x,y,z] in 0..1, with y vertical. This block is rendered by an entity, block entity, or special renderer rather than by a normal solid block model. Treat its world geometry as renderer-defined; this CSV intentionally does not infer a precise color or cuboid mesh from the block model.",,,,,,,,none,,1,1,no,minecraft:block/birch_sign,,,high,Average color intentionally omitted because this is handled by entity/block-entity rendering.
minecraft:birch_slab,slab,slab,self_supporting_geometry,Half-height or full-height rectangular prism selected by slab type.,"Coordinates are normalized block-local [x,y,z] in 0..1, with y vertical. type=bottom occupies [0,0,0]-[1,0.5,1]. type=top occupies [0,0.5,0]-[1,1,1]. type=double is a full cube [0,0,0]-[1,1,1]. Single-slab states are exactly half-height rectangular prisms.",#C2B17A,194,177,122,1.000,,,none,architectural_shape,3,3,no,minecraft:block/birch_planks;minecraft:block/birch_slab;minecraft:block/birch_slab_top,block;cube;cube_all;slab;slab_top,minecraft:block/birch_planks,medium,Average color is computed across the visible model variants referenced by this block.
minecraft:birch_stairs,stairs,stairs,self_supporting_geometry,"Step-shaped block: half-block base plus one or more quarter/half prisms; straight, inner-corner, and outer-corner variants.","Coordinates are normalized block-local [x,y,z] in 0..1, with y vertical. Stairs are a full 1x1x1 cube with step-shaped upper/lower half removed. For half=bottom, shape=straight occupies a full bottom half [0,0,0]-[1,0.5,1] plus one upper half-prism [0.5,0.5,0]-[1,1,1] in the canonical east-facing model, so the side profile is an L and the missing volume is a 0.5x0.5x1 prism; facing rotates that prism to north/east/south/west. half=top mirrors the geometry vertically, putting the full half at y=0.5..1 and the step/void in y=0..0.5. shape=inner_left/inner_right occupies the full lower (or upper, for half=top) half plus an L-shaped pair of 0.5x0.5x1 and 0.5x0.5x0.5 upper/lower prisms, leaving exactly one 0.5x0.5x0.5 corner void; left/right chooses the corner after the facing rotation. shape=outer_left/outer_right occupies the full half plus only one 0.5x0.5x0.5 corner prism in the opposite half, leaving the other three corner quarters empty; left/right chooses the retained corner after facing rotation.",#C2B17A,194,177,122,1.000,,,none,architectural_shape,3,40,yes,minecraft:block/birch_stairs;minecraft:block/birch_stairs_inner;minecraft:block/birch_stairs_outer,block;inner_stairs;outer_stairs;stairs,minecraft:block/birch_planks,medium,Average color is computed across the visible model variants referenced by this block.
minecraft:birch_trapdoor,irregular_dependent,hinged_panel,dependent_on_support_or_counterpart,"Irregular thin hinged panel; open/closed, half, hinge, or facing changes by state.","Coordinates are normalized block-local [x,y,z] in 0..1, with y vertical. Trapdoor geometry is a thin 1x1 panel about 0.1875 blocks thick. half=bottom places the closed panel at y=0..0.1875; half=top places it at y=0.8125..1. open=true rotates the same panel upright against the side chosen by facing.",#CCBF9C,204,191,156,1.000,,,none,,3,16,yes,minecraft:block/birch_trapdoor_bottom;minecraft:block/birch_trapdoor_open;minecraft:block/birch_trapdoor_top,block;template_orientable_trapdoor_bottom;template_orientable_trapdoor_open;template_orientable_trapdoor_top;thin_block,minecraft:block/birch_trapdoor,medium,Average color is computed across the visible model variants referenced by this block.
minecraft:birch_wall_hanging_sign,entity_block,entity_renderer,entity_or_block_entity_renderer,Special renderer/entity-style block; normal model geometry is not authoritative.,"Coordinates are normalized block-local [x,y,z] in 0..1, with y vertical. This block is rendered by an entity, block entity, or special renderer rather than by a normal solid block model. Treat its world geometry as renderer-defined; this CSV intentionally does not infer a precise color or cuboid mesh from the block model.",,,,,,,,none,,1,1,no,minecraft:block/birch_hanging_sign,,,high,Average color intentionally omitted because this is handled by entity/block-entity rendering.
minecraft:birch_wall_sign,entity_block,entity_renderer,entity_or_block_entity_renderer,Special renderer/entity-style block; normal model geometry is not authoritative.,"Coordinates are normalized block-local [x,y,z] in 0..1, with y vertical. This block is rendered by an entity, block entity, or special renderer rather than by a normal solid block model. Treat its world geometry as renderer-defined; this CSV intentionally does not infer a precise color or cuboid mesh from the block model.",,,,,,,,none,,1,1,no,minecraft:block/birch_sign,,,high,Average color intentionally omitted because this is handled by entity/block-entity rendering.
minecraft:birch_wood,full_cube_same_faces,full_cube,self_supporting_geometry,"Full cube [0,0,0]-[1,1,1] with same visual treatment on all six exterior faces.","Coordinates are normalized block-local [x,y,z] in 0..1, with y vertical. Occupies the entire voxel [0,0,0]-[1,1,1]. All six exterior faces are present; color differences, if any, are texture/face differences rather than geometry differences.",#E0DFDB,224,223,219,1.000,down=#E0DFDB;up=#E0DFDB;north=#E0DFDB;south=#E0DFDB;west=#E0DFDB;east=#E0DFDB,,none,wood;light;neutral,1,3,yes,minecraft:block/birch_wood,block;cube;cube_column,minecraft:block/birch_log,medium,
minecraft:black_banner,entity_block,entity_renderer,entity_or_block_entity_renderer,Special renderer/entity-style block; normal model geometry is not authoritative.,"Coordinates are normalized block-local [x,y,z] in 0..1, with y vertical. This block is rendered by an entity, block entity, or special renderer rather than by a normal solid block model. Treat its world geometry as renderer-defined; this CSV intentionally does not infer a precise color or cuboid mesh from the block model.",,,,,,,,none,,1,1,no,minecraft:block/banner,,,high,Average color intentionally omitted because this is handled by entity/block-entity rendering.
minecraft:black_bed,entity_block,entity_renderer,entity_or_block_entity_renderer,Special renderer/entity-style block; normal model geometry is not authoritative.,"Coordinates are normalized block-local [x,y,z] in 0..1, with y vertical. This block is rendered by an entity, block entity, or special renderer rather than by a normal solid block model. Treat its world geometry as renderer-defined; this CSV intentionally does not infer a precise color or cuboid mesh from the block model.",,,,,,,,none,,1,1,no,minecraft:block/bed,,,high,Average color intentionally omitted because this is handled by entity/block-entity rendering.
minecraft:black_candle,irregular_dependent,irregular_model,dependent_on_support_or_counterpart,"Irregular non-cube geometry that is expected to depend on a support block, substrate, or paired state.","Coordinates are normalized block-local [x,y,z] in 0..1, with y vertical. Candle geometry is one to four slim vertical candle rods on the top surface. candles=1..4 changes the number and offsets of rods; lit=true adds flame rendering without changing the wax body geometry.",#413042,65,48,66,1.000,,,none,dark;neutral,8,8,no,minecraft:block/black_candle_four_candles;minecraft:block/black_candle_four_candles_lit;minecraft:block/black_candle_one_candle;minecraft:block/black_candle_one_candle_lit;minecraft:block/black_candle_three_candles;minecraft:block/black_candle_three_candles_lit;minecraft:block/black_candle_two_candles;minecraft:block/black_candle_two_candles_lit,block;template_candle;template_four_candles;template_three_candles;template_two_candles,minecraft:block/black_candle;minecraft:block/black_candle_lit,medium,Average color is computed across the visible model variants referenced by this block.
minecraft:black_candle_cake,irregular_dependent,irregular_model,dependent_on_support_or_counterpart,"Irregular non-cube geometry that is expected to depend on a support block, substrate, or paired state.","Coordinates are normalized block-local [x,y,z] in 0..1, with y vertical. Candle geometry is one to four slim vertical candle rods on the top surface. candles=1..4 changes the number and offsets of rods; lit=true adds flame rendering without changing the wax body geometry.",#C8AB9F,200,171,159,1.000,,,none,,2,2,no,minecraft:block/black_candle_cake;minecraft:block/black_candle_cake_lit,template_cake_with_candle,minecraft:block/black_candle;minecraft:block/black_candle_lit;minecraft:block/cake_bottom;minecraft:block/cake_side;minecraft:block/cake_top,medium,Average color is computed across the visible model variants referenced by this block.
minecraft:black_carpet,irregular_dependent,thin_floor_layer,dependent_on_support_or_counterpart,Irregular very thin floor layer placed on a supporting surface.,"Coordinates are normalized block-local [x,y,z] in 0..1, with y vertical. Thin floor-layer geometry: a flat sheet on top of a supporting block, usually around 0.0625 block thick, occupying most or all of the x/z footprint while leaving almost the entire voxel empty.",#16171B,22,23,27,1.000,,,none,fabric;dark;neutral,1,1,no,minecraft:block/black_carpet,block;carpet;thin_block,minecraft:block/black_wool,medium,
minecraft:black_concrete,full_cube_same_faces,full_cube,self_supporting_geometry,"Full cube [0,0,0]-[1,1,1] with same visual treatment on all six exterior faces.","Coordinates are normalized block-local [x,y,z] in 0..1, with y vertical. Occupies the entire voxel [0,0,0]-[1,1,1]. All six exterior faces are present; color differences, if any, are texture/face differences rather than geometry differences.",#080A0F,8,10,15,1.000,down=#080A0F;up=#080A0F;north=#080A0F;south=#080A0F;west=#080A0F;east=#080A0F,,none,concrete;dark;neutral,1,1,no,minecraft:block/black_concrete,block;cube;cube_all,minecraft:block/black_concrete,medium,
minecraft:black_concrete_powder,full_cube_same_faces,full_cube,self_supporting_geometry,"Full cube [0,0,0]-[1,1,1] with same visual treatment on all six exterior faces.","Coordinates are normalized block-local [x,y,z] in 0..1, with y vertical. Occupies the entire voxel [0,0,0]-[1,1,1]. All six exterior faces are present; color differences, if any, are texture/face differences rather than geometry differences.",#1B1C21,27,28,33,1.000,down=#1B1C21;up=#1B1C21;north=#1B1C21;south=#1B1C21;west=#1B1C21;east=#1B1C21,,none,concrete;dark;neutral,1,4,yes,minecraft:block/black_concrete_powder,block;cube;cube_all,minecraft:block/black_concrete_powder,medium,
minecraft:black_glazed_terracotta,full_cube_same_faces,full_cube,self_supporting_geometry,"Full cube [0,0,0]-[1,1,1] with same visual treatment on all six exterior faces.","Coordinates are normalized block-local [x,y,z] in 0..1, with y vertical. Occupies the entire voxel [0,0,0]-[1,1,1]. All six exterior faces are present; color differences, if any, are texture/face differences rather than geometry differences.",#592225,89,34,37,1.000,down=#592225;up=#592225;north=#592225;south=#592225;west=#592225;east=#592225,,none,ceramic;dark,1,4,yes,minecraft:block/black_glazed_terracotta,block;cube;template_glazed_terracotta,minecraft:block/black_glazed_terracotta,medium,
minecraft:black_shulker_box,entity_block,entity_renderer,entity_or_block_entity_renderer,Special renderer/entity-style block; normal model geometry is not authoritative.,"Coordinates are normalized block-local [x,y,z] in 0..1, with y vertical. This block is rendered by an entity, block entity, or special renderer rather than by a normal solid block model. Treat its world geometry as renderer-defined; this CSV intentionally does not infer a precise color or cuboid mesh from the block model.",,,,,,,,none,,1,1,no,minecraft:block/black_shulker_box,,,high,Average color intentionally omitted because this is handled by entity/block-entity rendering.
minecraft:black_stained_glass,full_cube_same_faces,full_cube,self_supporting_geometry,"Full cube [0,0,0]-[1,1,1] with same visual treatment on all six exterior faces.","Coordinates are normalized block-local [x,y,z] in 0..1, with y vertical. Occupies the entire voxel [0,0,0]-[1,1,1]. All six exterior faces are present; color differences, if any, are texture/face differences rather than geometry differences.",#191919,25,25,25,0.460,down=#191919;up=#191919;north=#191919;south=#191919;west=#191919;east=#191919,,none,glass;dark;neutral,1,1,no,minecraft:block/black_stained_glass,block;cube;cube_all,minecraft:block/black_stained_glass,medium,
minecraft:black_stained_glass_pane,thin_wall,thin_pane,self_supporting_geometry,"Narrow multipart connector: thin post, pane, bar, fence, or gate segments.","Coordinates are normalized block-local [x,y,z] in 0..1, with y vertical. Pane/bar geometry is a thin vertical connector system. A central post/cap sits near [0.4375,0,0.4375]-[0.5625,1,0.5625]. Each north/east/south/west=true side adds a thin vertical pane/bar from the center to that face; false omits that side. Single-connection states add end caps so the exposed edge has thickness.",#191919,25,25,25,0.575,,,none,glass;architectural_shape;dark;neutral,5,9,yes,minecraft:block/black_stained_glass_pane_noside;minecraft:block/black_stained_glass_pane_noside_alt;minecraft:block/black_stained_glass_pane_post;minecraft:block/black_stained_glass_pane_side;minecraft:block/black_stained_glass_pane_side_alt,template_glass_pane_noside;template_glass_pane_noside_alt;template_glass_pane_post;template_glass_pane_side;template_glass_pane_side_alt,minecraft:block/black_stained_glass;minecraft:block/black_stained_glass_pane_top,medium,Average color is computed across the visible model variants referenced by this block.
minecraft:black_terracotta,full_cube_same_faces,full_cube,self_supporting_geometry,"Full cube [0,0,0]-[1,1,1] with same visual treatment on all six exterior faces.","Coordinates are normalized block-local [x,y,z] in 0..1, with y vertical. Occupies the entire voxel [0,0,0]-[1,1,1]. All six exterior faces are present; color differences, if any, are texture/face differences rather than geometry differences.",#251710,37,23,16,1.000,down=#251710;up=#251710;north=#251710;south=#251710;west=#251710;east=#251710,,none,ceramic;dark,1,1,no,minecraft:block/black_terracotta,block;cube;cube_all,minecraft:block/black_terracotta,medium,
minecraft:black_wall_banner,entity_block,entity_renderer,entity_or_block_entity_renderer,Special renderer/entity-style block; normal model geometry is not authoritative.,"Coordinates are normalized block-local [x,y,z] in 0..1, with y vertical. This block is rendered by an entity, block entity, or special renderer rather than by a normal solid block model. Treat its world geometry as renderer-defined; this CSV intentionally does not infer a precise color or cuboid mesh from the block model.",,,,,,,,none,,1,1,no,minecraft:block/banner,,,high,Average color intentionally omitted because this is handled by entity/block-entity rendering.
minecraft:black_wool,full_cube_same_faces,full_cube,self_supporting_geometry,"Full cube [0,0,0]-[1,1,1] with same visual treatment on all six exterior faces.","Coordinates are normalized block-local [x,y,z] in 0..1, with y vertical. Occupies the entire voxel [0,0,0]-[1,1,1]. All six exterior faces are present; color differences, if any, are texture/face differences rather than geometry differences.",#16171B,22,23,27,1.000,down=#16171B;up=#16171B;north=#16171B;south=#16171B;west=#16171B;east=#16171B,,none,fabric;dark;neutral,1,1,no,minecraft:block/black_wool,block;cube;cube_all,minecraft:block/black_wool,medium,
minecraft:blackstone,full_cube_same_faces,full_cube,self_supporting_geometry,"Full cube [0,0,0]-[1,1,1] with same visual treatment on all six exterior faces.","Coordinates are normalized block-local [x,y,z] in 0..1, with y vertical. Occupies the entire voxel [0,0,0]-[1,1,1]. All six exterior faces are present; color differences, if any, are texture/face differences rather than geometry differences.",#2D282F,45,40,47,1.000,down=#2D282F;up=#2D282F;north=#2D282E;south=#2D282E;west=#2D282E;east=#2D282E,,none,stone;dark;neutral,1,1,no,minecraft:block/blackstone,block;cube;cube_column,minecraft:block/blackstone;minecraft:block/blackstone_top,medium,
minecraft:blackstone_slab,slab,slab,self_supporting_geometry,Half-height or full-height rectangular prism selected by slab type.,"Coordinates are normalized block-local [x,y,z] in 0..1, with y vertical. type=bottom occupies [0,0,0]-[1,0.5,1]. type=top occupies [0,0.5,0]-[1,1,1]. type=double is a full cube [0,0,0]-[1,1,1]. Single-slab states are exactly half-height rectangular prisms.",#2D282F,45,40,47,1.000,,,none,stone;architectural_shape;dark;neutral,3,3,no,minecraft:block/blackstone;minecraft:block/blackstone_slab;minecraft:block/blackstone_slab_top,block;cube;cube_column;slab;slab_top,minecraft:block/blackstone;minecraft:block/blackstone_top,medium,Average color is computed across the visible model variants referenced by this block.
minecraft:blackstone_stairs,stairs,stairs,self_supporting_geometry,"Step-shaped block: half-block base plus one or more quarter/half prisms; straight, inner-corner, and outer-corner variants.","Coordinates are normalized block-local [x,y,z] in 0..1, with y vertical. Stairs are a full 1x1x1 cube with step-shaped upper/lower half removed. For half=bottom, shape=straight occupies a full bottom half [0,0,0]-[1,0.5,1] plus one upper half-prism [0.5,0.5,0]-[1,1,1] in the canonical east-facing model, so the side profile is an L and the missing volume is a 0.5x0.5x1 prism; facing rotates that prism to north/east/south/west. half=top mirrors the geometry vertically, putting the full half at y=0.5..1 and the step/void in y=0..0.5. shape=inner_left/inner_right occupies the full lower (or upper, for half=top) half plus an L-shaped pair of 0.5x0.5x1 and 0.5x0.5x0.5 upper/lower prisms, leaving exactly one 0.5x0.5x0.5 corner void; left/right chooses the corner after the facing rotation. shape=outer_left/outer_right occupies the full half plus only one 0.5x0.5x0.5 corner prism in the opposite half, leaving the other three corner quarters empty; left/right chooses the retained corner after facing rotation.",#2D282F,45,40,47,1.000,,,none,stone;architectural_shape;dark;neutral,3,40,yes,minecraft:block/blackstone_stairs;minecraft:block/blackstone_stairs_inner;minecraft:block/blackstone_stairs_outer,block;inner_stairs;outer_stairs;stairs,minecraft:block/blackstone;minecraft:block/blackstone_top,medium,Average color is computed across the visible model variants referenced by this block.
minecraft:blackstone_wall,coarse_wall,masonry_wall,self_supporting_geometry,Thick multipart wall: optional center post plus low/tall side arms.,"Coordinates are normalized block-local [x,y,z] in 0..1, with y vertical. Thick wall states are multipart masonry geometry. up=true adds a center post [0.25,0,0.25]-[0.75,1,0.75]. For each of north/east/south/west: value=none adds no arm; value=low adds a thick arm from the post to that face, approximately 0.375 wide, 0.5 long, and 0.875 high; value=tall uses the same footprint but rises to full height y=1. Direction values rotate the canonical north arm [0.3125,0,0]-[0.6875,0.875 or 1,0.5].",#2D282E,45,40,46,1.000,,,none,stone;architectural_shape;dark;neutral,3,9,yes,minecraft:block/blackstone_wall_post;minecraft:block/blackstone_wall_side;minecraft:block/blackstone_wall_side_tall,template_wall_post;template_wall_side;template_wall_side_tall,minecraft:block/blackstone,medium,Average color is computed across the visible model variants referenced by this block.
minecraft:blast_furnace,full_cube_different_faces,full_cube,self_supporting_geometry,"Full cube [0,0,0]-[1,1,1] with face-dependent visual treatment.","Coordinates are normalized block-local [x,y,z] in 0..1, with y vertical. Occupies the entire voxel [0,0,0]-[1,1,1]. All six exterior faces are present; color differences, if any, are texture/face differences rather than geometry differences.",#6A6969,106,105,105,1.000,down=#535253;up=#535253;north=#747474;south=#727272;west=#727272;east=#727272,down=#535253;up=#535253,none,neutral,2,8,yes,minecraft:block/blast_furnace;minecraft:block/blast_furnace_on,block;cube;orientable;orientable_with_bottom,minecraft:block/blast_furnace_front;minecraft:block/blast_furnace_front_on;minecraft:block/blast_furnace_side;minecraft:block/blast_furnace_top,medium,Average color is computed across the visible model variants referenced by this block.
minecraft:blue_banner,entity_block,entity_renderer,entity_or_block_entity_renderer,Special renderer/entity-style block; normal model geometry is not authoritative.,"Coordinates are normalized block-local [x,y,z] in 0..1, with y vertical. This block is rendered by an entity, block entity, or special renderer rather than by a normal solid block model. Treat its world geometry as renderer-defined; this CSV intentionally does not infer a precise color or cuboid mesh from the block model.",,,,,,,,none,,1,1,no,minecraft:block/banner,,,high,Average color intentionally omitted because this is handled by entity/block-entity rendering.
minecraft:blue_bed,entity_block,entity_renderer,entity_or_block_entity_renderer,Special renderer/entity-style block; normal model geometry is not authoritative.,"Coordinates are normalized block-local [x,y,z] in 0..1, with y vertical. This block is rendered by an entity, block entity, or special renderer rather than by a normal solid block model. Treat its world geometry as renderer-defined; this CSV intentionally does not infer a precise color or cuboid mesh from the block model.",,,,,,,,none,,1,1,no,minecraft:block/bed,,,high,Average color intentionally omitted because this is handled by entity/block-entity rendering.
minecraft:blue_candle,irregular_dependent,irregular_model,dependent_on_support_or_counterpart,"Irregular non-cube geometry that is expected to depend on a support block, substrate, or paired state.","Coordinates are normalized block-local [x,y,z] in 0..1, with y vertical. Candle geometry is one to four slim vertical candle rods on the top surface. candles=1..4 changes the number and offsets of rods; lit=true adds flame rendering without changing the wax body geometry.",#3D51AE,61,81,174,1.000,,,none,,8,8,no,minecraft:block/blue_candle_four_candles;minecraft:block/blue_candle_four_candles_lit;minecraft:block/blue_candle_one_candle;minecraft:block/blue_candle_one_candle_lit;minecraft:block/blue_candle_three_candles;minecraft:block/blue_candle_three_candles_lit;minecraft:block/blue_candle_two_candles;minecraft:block/blue_candle_two_candles_lit,block;template_candle;template_four_candles;template_three_candles;template_two_candles,minecraft:block/blue_candle;minecraft:block/blue_candle_lit,medium,Average color is computed across the visible model variants referenced by this block.
minecraft:blue_candle_cake,irregular_dependent,irregular_model,dependent_on_support_or_counterpart,"Irregular non-cube geometry that is expected to depend on a support block, substrate, or paired state.","Coordinates are normalized block-local [x,y,z] in 0..1, with y vertical. Candle geometry is one to four slim vertical candle rods on the top surface. candles=1..4 changes the number and offsets of rods; lit=true adds flame rendering without changing the wax body geometry.",#C8ACA4,200,172,164,1.000,,,none,,2,2,no,minecraft:block/blue_candle_cake;minecraft:block/blue_candle_cake_lit,template_cake_with_candle,minecraft:block/blue_candle;minecraft:block/blue_candle_lit;minecraft:block/cake_bottom;minecraft:block/cake_side;minecraft:block/cake_top,medium,Average color is computed across the visible model variants referenced by this block.
minecraft:blue_carpet,irregular_dependent,thin_floor_layer,dependent_on_support_or_counterpart,Irregular very thin floor layer placed on a supporting surface.,"Coordinates are normalized block-local [x,y,z] in 0..1, with y vertical. Thin floor-layer geometry: a flat sheet on top of a supporting block, usually around 0.0625 block thick, occupying most or all of the x/z footprint while leaving almost the entire voxel empty.",#353A9E,53,58,158,1.000,,,none,fabric,1,1,no,minecraft:block/blue_carpet,block;carpet;thin_block,minecraft:block/blue_wool,medium,
minecraft:blue_concrete,full_cube_same_faces,full_cube,self_supporting_geometry,"Full cube [0,0,0]-[1,1,1] with same visual treatment on all six exterior faces.","Coordinates are normalized block-local [x,y,z] in 0..1, with y vertical. Occupies the entire voxel [0,0,0]-[1,1,1]. All six exterior faces are present; color differences, if any, are texture/face differences rather than geometry differences.",#2D2F8F,45,47,143,1.000,down=#2D2F8F;up=#2D2F8F;north=#2D2F8F;south=#2D2F8F;west=#2D2F8F;east=#2D2F8F,,none,concrete;dark,1,1,no,minecraft:block/blue_concrete,block;cube;cube_all,minecraft:block/blue_concrete,medium,
minecraft:blue_concrete_powder,full_cube_same_faces,full_cube,self_supporting_geometry,"Full cube [0,0,0]-[1,1,1] with same visual treatment on all six exterior faces.","Coordinates are normalized block-local [x,y,z] in 0..1, with y vertical. Occupies the entire voxel [0,0,0]-[1,1,1]. All six exterior faces are present; color differences, if any, are texture/face differences rather than geometry differences.",#474AA7,71,74,167,1.000,down=#474AA7;up=#474AA7;north=#474AA7;south=#474AA7;west=#474AA7;east=#474AA7,,none,concrete,1,4,yes,minecraft:block/blue_concrete_powder,block;cube;cube_all,minecraft:block/blue_concrete_powder,medium,
minecraft:blue_glazed_terracotta,full_cube_same_faces,full_cube,self_supporting_geometry,"Full cube [0,0,0]-[1,1,1] with same visual treatment on all six exterior faces.","Coordinates are normalized block-local [x,y,z] in 0..1, with y vertical. Occupies the entire voxel [0,0,0]-[1,1,1]. All six exterior faces are present; color differences, if any, are texture/face differences rather than geometry differences.",#324D98,50,77,152,1.000,down=#324D98;up=#324D98;north=#324D98;south=#324D98;west=#324D98;east=#324D98,,none,ceramic,1,4,yes,minecraft:block/blue_glazed_terracotta,block;cube;template_glazed_terracotta,minecraft:block/blue_glazed_terracotta,medium,
minecraft:blue_ice,full_cube_same_faces,full_cube,self_supporting_geometry,"Full cube [0,0,0]-[1,1,1] with same visual treatment on all six exterior faces.","Coordinates are normalized block-local [x,y,z] in 0..1, with y vertical. Occupies the entire voxel [0,0,0]-[1,1,1]. All six exterior faces are present; color differences, if any, are texture/face differences rather than geometry differences.",#75A8FD,117,168,253,1.000,down=#75A8FD;up=#75A8FD;north=#75A8FD;south=#75A8FD;west=#75A8FD;east=#75A8FD,,none,,1,1,no,minecraft:block/blue_ice,block;cube;cube_all,minecraft:block/blue_ice,medium,
minecraft:blue_orchid,irregular_dependent,cross_planes,dependent_on_support_or_counterpart,"Irregular crossed flat planes with transparent cutout texture, typically plant-like and support/substrate dependent.","Coordinates are normalized block-local [x,y,z] in 0..1, with y vertical. Cross-plane geometry: two near-zero-thickness quads cross diagonally through the block center, usually spanning most of y=0..1. The visible silhouette comes from transparent texture pixels, not from cuboid volume; placement normally depends on ground or substrate support.",#34A4C6,52,164,198,1.000,,,none,,1,1,no,minecraft:block/blue_orchid,cross,minecraft:block/blue_orchid,medium,
minecraft:blue_shulker_box,entity_block,entity_renderer,entity_or_block_entity_renderer,Special renderer/entity-style block; normal model geometry is not authoritative.,"Coordinates are normalized block-local [x,y,z] in 0..1, with y vertical. This block is rendered by an entity, block entity, or special renderer rather than by a normal solid block model. Treat its world geometry as renderer-defined; this CSV intentionally does not infer a precise color or cuboid mesh from the block model.",,,,,,,,none,,1,1,no,minecraft:block/blue_shulker_box,,,high,Average color intentionally omitted because this is handled by entity/block-entity rendering.
minecraft:blue_stained_glass,full_cube_same_faces,full_cube,self_supporting_geometry,"Full cube [0,0,0]-[1,1,1] with same visual treatment on all six exterior faces.","Coordinates are normalized block-local [x,y,z] in 0..1, with y vertical. Occupies the entire voxel [0,0,0]-[1,1,1]. All six exterior faces are present; color differences, if any, are texture/face differences rather than geometry differences.",#334CB2,51,76,178,0.460,down=#334CB2;up=#334CB2;north=#334CB2;south=#334CB2;west=#334CB2;east=#334CB2,,none,glass,1,1,no,minecraft:block/blue_stained_glass,block;cube;cube_all,minecraft:block/blue_stained_glass,medium,
minecraft:blue_stained_glass_pane,thin_wall,thin_pane,self_supporting_geometry,"Narrow multipart connector: thin post, pane, bar, fence, or gate segments.","Coordinates are normalized block-local [x,y,z] in 0..1, with y vertical. Pane/bar geometry is a thin vertical connector system. A central post/cap sits near [0.4375,0,0.4375]-[0.5625,1,0.5625]. Each north/east/south/west=true side adds a thin vertical pane/bar from the center to that face; false omits that side. Single-connection states add end caps so the exposed edge has thickness.",#324BAE,50,75,174,0.575,,,none,glass;architectural_shape,5,9,yes,minecraft:block/blue_stained_glass_pane_noside;minecraft:block/blue_stained_glass_pane_noside_alt;minecraft:block/blue_stained_glass_pane_post;minecraft:block/blue_stained_glass_pane_side;minecraft:block/blue_stained_glass_pane_side_alt,template_glass_pane_noside;template_glass_pane_noside_alt;template_glass_pane_post;template_glass_pane_side;template_glass_pane_side_alt,minecraft:block/blue_stained_glass;minecraft:block/blue_stained_glass_pane_top,medium,Average color is computed across the visible model variants referenced by this block.
minecraft:blue_terracotta,full_cube_same_faces,full_cube,self_supporting_geometry,"Full cube [0,0,0]-[1,1,1] with same visual treatment on all six exterior faces.","Coordinates are normalized block-local [x,y,z] in 0..1, with y vertical. Occupies the entire voxel [0,0,0]-[1,1,1]. All six exterior faces are present; color differences, if any, are texture/face differences rather than geometry differences.",#4A3C5B,74,60,91,1.000,down=#4A3C5B;up=#4A3C5B;north=#4A3C5B;south=#4A3C5B;west=#4A3C5B;east=#4A3C5B,,none,ceramic,1,1,no,minecraft:block/blue_terracotta,block;cube;cube_all,minecraft:block/blue_terracotta,medium,
minecraft:blue_wall_banner,entity_block,entity_renderer,entity_or_block_entity_renderer,Special renderer/entity-style block; normal model geometry is not authoritative.,"Coordinates are normalized block-local [x,y,z] in 0..1, with y vertical. This block is rendered by an entity, block entity, or special renderer rather than by a normal solid block model. Treat its world geometry as renderer-defined; this CSV intentionally does not infer a precise color or cuboid mesh from the block model.",,,,,,,,none,,1,1,no,minecraft:block/banner,,,high,Average color intentionally omitted because this is handled by entity/block-entity rendering.
minecraft:blue_wool,full_cube_same_faces,full_cube,self_supporting_geometry,"Full cube [0,0,0]-[1,1,1] with same visual treatment on all six exterior faces.","Coordinates are normalized block-local [x,y,z] in 0..1, with y vertical. Occupies the entire voxel [0,0,0]-[1,1,1]. All six exterior faces are present; color differences, if any, are texture/face differences rather than geometry differences.",#353A9E,53,58,158,1.000,down=#353A9E;up=#353A9E;north=#353A9E;south=#353A9E;west=#353A9E;east=#353A9E,,none,fabric,1,1,no,minecraft:block/blue_wool,block;cube;cube_all,minecraft:block/blue_wool,medium,
minecraft:bone_block,full_cube_different_faces,full_cube,self_supporting_geometry,"Full cube [0,0,0]-[1,1,1] with face-dependent visual treatment.","Coordinates are normalized block-local [x,y,z] in 0..1, with y vertical. Occupies the entire voxel [0,0,0]-[1,1,1]. All six exterior faces are present; color differences, if any, are texture/face differences rather than geometry differences.",#DFDCC7,223,220,199,1.000,down=#D2CFB4;up=#D2CFB4;north=#E5E2D0;south=#E5E2D0;west=#E5E2D0;east=#E5E2D0,down=#D2CFB4;up=#D2CFB4,none,light,1,3,yes,minecraft:block/bone_block,block;cube;cube_column,minecraft:block/bone_block_side;minecraft:block/bone_block_top,medium,
minecraft:bookshelf,full_cube_different_faces,full_cube,self_supporting_geometry,"Full cube [0,0,0]-[1,1,1] with face-dependent visual treatment.","Coordinates are normalized block-local [x,y,z] in 0..1, with y vertical. Occupies the entire voxel [0,0,0]-[1,1,1]. All six exterior faces are present; color differences, if any, are texture/face differences rather than geometry differences.",#91754F,145,117,79,1.000,down=#A58551;up=#A58551;north=#856C4E;south=#856C4E;west=#856C4E;east=#856C4E,down=#A58551;up=#A58551,none,,1,1,no,minecraft:block/bookshelf,block;cube;cube_column,minecraft:block/bookshelf;minecraft:block/oak_planks,medium,
minecraft:brain_coral,irregular_dependent,cross_planes,dependent_on_support_or_counterpart,"Irregular crossed flat planes with transparent cutout texture, typically plant-like and support/substrate dependent.","Coordinates are normalized block-local [x,y,z] in 0..1, with y vertical. Cross-plane geometry: two near-zero-thickness quads cross diagonally through the block center, usually spanning most of y=0..1. The visible silhouette comes from transparent texture pixels, not from cuboid volume; placement normally depends on ground or substrate support.",#C85D9B,200,93,155,1.000,,,none,,1,1,no,minecraft:block/brain_coral,cross,minecraft:block/brain_coral,medium,
minecraft:brain_coral_block,full_cube_same_faces,full_cube,self_supporting_geometry,"Full cube [0,0,0]-[1,1,1] with same visual treatment on all six exterior faces.","Coordinates are normalized block-local [x,y,z] in 0..1, with y vertical. Occupies the entire voxel [0,0,0]-[1,1,1]. All six exterior faces are present; color differences, if any, are texture/face differences rather than geometry differences.",#D160A1,209,96,161,1.000,down=#D160A1;up=#D160A1;north=#D160A1;south=#D160A1;west=#D160A1;east=#D160A1,,none,,1,1,no,minecraft:block/brain_coral_block,block;cube;cube_all,minecraft:block/brain_coral_block,medium,
minecraft:brain_coral_fan,irregular_dependent,irregular_model,dependent_on_support_or_counterpart,"Irregular non-cube geometry that is expected to depend on a support block, substrate, or paired state.","Coordinates are normalized block-local [x,y,z] in 0..1, with y vertical. Coral/fan geometry uses thin organic planes or small branch-like cuboids. Floor fan variants stand on the block top; wall fan variants mount as a thin sheet on the chosen wall face.",#CC589B,204,88,155,1.000,,,none,,1,1,no,minecraft:block/brain_coral_fan,coral_fan,minecraft:block/brain_coral_fan,medium,
minecraft:brain_coral_wall_fan,irregular_dependent,irregular_model,dependent_on_support_or_counterpart,"Irregular non-cube geometry that is expected to depend on a support block, substrate, or paired state.","Coordinates are normalized block-local [x,y,z] in 0..1, with y vertical. Coral/fan geometry uses thin organic planes or small branch-like cuboids. Floor fan variants stand on the block top; wall fan variants mount as a thin sheet on the chosen wall face.",#CC589B,204,88,155,1.000,,,none,,1,4,yes,minecraft:block/brain_coral_wall_fan,coral_wall_fan,minecraft:block/brain_coral_fan,medium,
minecraft:brewing_stand,irregular_self_supporting,irregular_model,self_supporting_geometry,Irregular non-cube geometry that can be used as a standalone placed form.,"Coordinates are normalized block-local [x,y,z] in 0..1, with y vertical. Irregular model geometry resolved from block models. Representative normalized cuboids/planes: minecraft:block/brewing_stand -> 4 elements: [0.4375,0,0.4375]-[0.5625,0.875,0.5625] + [0.5625,0,0.3125]-[0.9375,0.125,0.6875] + [0.0625,0,0.0625]-[0.4375,0.125,0.4375] + [0.0625,0,0.5625]-[0.4375,0.125,0.9375] | minecraft:block/brewing_stand_bottle0 -> 1 element: [0.5,0,0.5]-[1,1,0.5] | minecraft:block/brewing_stand_bottle1 -> 1 element: [-0.0256,0,0.5]-[0.4744,1,0.5]. Orientation or count states rotate, swap, or combine these cuboids without making the block a full cube.",#8D7964,141,121,100,1.000,,,none,,7,7,no,minecraft:block/brewing_stand;minecraft:block/brewing_stand_bottle0;minecraft:block/brewing_stand_bottle1;minecraft:block/brewing_stand_bottle2;minecraft:block/brewing_stand_empty0;minecraft:block/brewing_stand_empty1;minecraft:block/brewing_stand_empty2,,minecraft:block/brewing_stand;minecraft:block/brewing_stand_base,medium,Average color is computed across the visible model variants referenced by this block.
minecraft:brick_slab,slab,slab,self_supporting_geometry,Half-height or full-height rectangular prism selected by slab type.,"Coordinates are normalized block-local [x,y,z] in 0..1, with y vertical. type=bottom occupies [0,0,0]-[1,0.5,1]. type=top occupies [0,0.5,0]-[1,1,1]. type=double is a full cube [0,0,0]-[1,1,1]. Single-slab states are exactly half-height rectangular prisms.",#996559,153,101,89,1.000,,,none,brick;architectural_shape,3,3,no,minecraft:block/brick_slab;minecraft:block/brick_slab_top;minecraft:block/bricks,block;cube;cube_all;slab;slab_top,minecraft:block/bricks,medium,Average color is computed across the visible model variants referenced by this block.
minecraft:brick_stairs,stairs,stairs,self_supporting_geometry,"Step-shaped block: half-block base plus one or more quarter/half prisms; straight, inner-corner, and outer-corner variants.","Coordinates are normalized block-local [x,y,z] in 0..1, with y vertical. Stairs are a full 1x1x1 cube with step-shaped upper/lower half removed. For half=bottom, shape=straight occupies a full bottom half [0,0,0]-[1,0.5,1] plus one upper half-prism [0.5,0.5,0]-[1,1,1] in the canonical east-facing model, so the side profile is an L and the missing volume is a 0.5x0.5x1 prism; facing rotates that prism to north/east/south/west. half=top mirrors the geometry vertically, putting the full half at y=0.5..1 and the step/void in y=0..0.5. shape=inner_left/inner_right occupies the full lower (or upper, for half=top) half plus an L-shaped pair of 0.5x0.5x1 and 0.5x0.5x0.5 upper/lower prisms, leaving exactly one 0.5x0.5x0.5 corner void; left/right chooses the corner after the facing rotation. shape=outer_left/outer_right occupies the full half plus only one 0.5x0.5x0.5 corner prism in the opposite half, leaving the other three corner quarters empty; left/right chooses the retained corner after facing rotation.",#996559,153,101,89,1.000,,,none,brick;architectural_shape,3,40,yes,minecraft:block/brick_stairs;minecraft:block/brick_stairs_inner;minecraft:block/brick_stairs_outer,block;inner_stairs;outer_stairs;stairs,minecraft:block/bricks,medium,Average color is computed across the visible model variants referenced by this block.
minecraft:brick_wall,coarse_wall,masonry_wall,self_supporting_geometry,Thick multipart wall: optional center post plus low/tall side arms.,"Coordinates are normalized block-local [x,y,z] in 0..1, with y vertical. Thick wall states are multipart masonry geometry. up=true adds a center post [0.25,0,0.25]-[0.75,1,0.75]. For each of north/east/south/west: value=none adds no arm; value=low adds a thick arm from the post to that face, approximately 0.375 wide, 0.5 long, and 0.875 high; value=tall uses the same footprint but rises to full height y=1. Direction values rotate the canonical north arm [0.3125,0,0]-[0.6875,0.875 or 1,0.5].",#996559,153,101,89,1.000,,,none,brick;architectural_shape,3,9,yes,minecraft:block/brick_wall_post;minecraft:block/brick_wall_side;minecraft:block/brick_wall_side_tall,template_wall_post;template_wall_side;template_wall_side_tall,minecraft:block/bricks,medium,Average color is computed across the visible model variants referenced by this block.
minecraft:bricks,full_cube_same_faces,full_cube,self_supporting_geometry,"Full cube [0,0,0]-[1,1,1] with same visual treatment on all six exterior faces.","Coordinates are normalized block-local [x,y,z] in 0..1, with y vertical. Occupies the entire voxel [0,0,0]-[1,1,1]. All six exterior faces are present; color differences, if any, are texture/face differences rather than geometry differences.",#996559,153,101,89,1.000,down=#996559;up=#996559;north=#996559;south=#996559;west=#996559;east=#996559,,none,brick,1,1,no,minecraft:block/bricks,block;cube;cube_all,minecraft:block/bricks,medium,
minecraft:brown_banner,entity_block,entity_renderer,entity_or_block_entity_renderer,Special renderer/entity-style block; normal model geometry is not authoritative.,"Coordinates are normalized block-local [x,y,z] in 0..1, with y vertical. This block is rendered by an entity, block entity, or special renderer rather than by a normal solid block model. Treat its world geometry as renderer-defined; this CSV intentionally does not infer a precise color or cuboid mesh from the block model.",,,,,,,,none,,1,1,no,minecraft:block/banner,,,high,Average color intentionally omitted because this is handled by entity/block-entity rendering.
minecraft:brown_bed,entity_block,entity_renderer,entity_or_block_entity_renderer,Special renderer/entity-style block; normal model geometry is not authoritative.,"Coordinates are normalized block-local [x,y,z] in 0..1, with y vertical. This block is rendered by an entity, block entity, or special renderer rather than by a normal solid block model. Treat its world geometry as renderer-defined; this CSV intentionally does not infer a precise color or cuboid mesh from the block model.",,,,,,,,none,,1,1,no,minecraft:block/bed,,,high,Average color intentionally omitted because this is handled by entity/block-entity rendering.
minecraft:brown_candle,irregular_dependent,irregular_model,dependent_on_support_or_counterpart,"Irregular non-cube geometry that is expected to depend on a support block, substrate, or paired state.","Coordinates are normalized block-local [x,y,z] in 0..1, with y vertical. Candle geometry is one to four slim vertical candle rods on the top surface. candles=1..4 changes the number and offsets of rods; lit=true adds flame rendering without changing the wax body geometry.",#895830,137,88,48,1.000,,,none,,8,8,no,minecraft:block/brown_candle_four_candles;minecraft:block/brown_candle_four_candles_lit;minecraft:block/brown_candle_one_candle;minecraft:block/brown_candle_one_candle_lit;minecraft:block/brown_candle_three_candles;minecraft:block/brown_candle_three_candles_lit;minecraft:block/brown_candle_two_candles;minecraft:block/brown_candle_two_candles_lit,block;template_candle;template_four_candles;template_three_candles;template_two_candles,minecraft:block/brown_candle;minecraft:block/brown_candle_lit,medium,Average color is computed across the visible model variants referenced by this block.
minecraft:brown_candle_cake,irregular_dependent,irregular_model,dependent_on_support_or_counterpart,"Irregular non-cube geometry that is expected to depend on a support block, substrate, or paired state.","Coordinates are normalized block-local [x,y,z] in 0..1, with y vertical. Candle geometry is one to four slim vertical candle rods on the top surface. candles=1..4 changes the number and offsets of rods; lit=true adds flame rendering without changing the wax body geometry.",#CAAC9F,202,172,159,1.000,,,none,,2,2,no,minecraft:block/brown_candle_cake;minecraft:block/brown_candle_cake_lit,template_cake_with_candle,minecraft:block/brown_candle;minecraft:block/brown_candle_lit;minecraft:block/cake_bottom;minecraft:block/cake_side;minecraft:block/cake_top,medium,Average color is computed across the visible model variants referenced by this block.
minecraft:brown_carpet,irregular_dependent,thin_floor_layer,dependent_on_support_or_counterpart,Irregular very thin floor layer placed on a supporting surface.,"Coordinates are normalized block-local [x,y,z] in 0..1, with y vertical. Thin floor-layer geometry: a flat sheet on top of a supporting block, usually around 0.0625 block thick, occupying most or all of the x/z footprint while leaving almost the entire voxel empty.",#734829,115,72,41,1.000,,,none,fabric,1,1,no,minecraft:block/brown_carpet,block;carpet;thin_block,minecraft:block/brown_wool,medium,
minecraft:brown_concrete,full_cube_same_faces,full_cube,self_supporting_geometry,"Full cube [0,0,0]-[1,1,1] with same visual treatment on all six exterior faces.","Coordinates are normalized block-local [x,y,z] in 0..1, with y vertical. Occupies the entire voxel [0,0,0]-[1,1,1]. All six exterior faces are present; color differences, if any, are texture/face differences rather than geometry differences.",#603C20,96,60,32,1.000,down=#603C20;up=#603C20;north=#603C20;south=#603C20;west=#603C20;east=#603C20,,none,concrete,1,1,no,minecraft:block/brown_concrete,block;cube;cube_all,minecraft:block/brown_concrete,medium,
minecraft:brown_concrete_powder,full_cube_same_faces,full_cube,self_supporting_geometry,"Full cube [0,0,0]-[1,1,1] with same visual treatment on all six exterior faces.","Coordinates are normalized block-local [x,y,z] in 0..1, with y vertical. Occupies the entire voxel [0,0,0]-[1,1,1]. All six exterior faces are present; color differences, if any, are texture/face differences rather than geometry differences.",#7E5536,126,85,54,1.000,down=#7E5536;up=#7E5536;north=#7E5536;south=#7E5536;west=#7E5536;east=#7E5536,,none,concrete,1,4,yes,minecraft:block/brown_concrete_powder,block;cube;cube_all,minecraft:block/brown_concrete_powder,medium,
minecraft:brown_glazed_terracotta,full_cube_same_faces,full_cube,self_supporting_geometry,"Full cube [0,0,0]-[1,1,1] with same visual treatment on all six exterior faces.","Coordinates are normalized block-local [x,y,z] in 0..1, with y vertical. Occupies the entire voxel [0,0,0]-[1,1,1]. All six exterior faces are present; color differences, if any, are texture/face differences rather than geometry differences.",#896E60,137,110,96,1.000,down=#896E60;up=#896E60;north=#896E60;south=#896E60;west=#896E60;east=#896E60,,none,ceramic,1,4,yes,minecraft:block/brown_glazed_terracotta,block;cube;template_glazed_terracotta,minecraft:block/brown_glazed_terracotta,medium,
minecraft:brown_mushroom,irregular_dependent,cross_planes,dependent_on_support_or_counterpart,"Irregular crossed flat planes with transparent cutout texture, typically plant-like and support/substrate dependent.","Coordinates are normalized block-local [x,y,z] in 0..1, with y vertical. Cross-plane geometry: two near-zero-thickness quads cross diagonally through the block center, usually spanning most of y=0..1. The visible silhouette comes from transparent texture pixels, not from cuboid volume; placement normally depends on ground or substrate support.",#A07A61,160,122,97,1.000,,,none,,1,1,no,minecraft:block/brown_mushroom,cross,minecraft:block/brown_mushroom,medium,
minecraft:brown_mushroom_block,irregular_dependent,irregular_model,dependent_on_support_or_counterpart,"Irregular non-cube geometry that is expected to depend on a support block, substrate, or paired state.","Coordinates are normalized block-local [x,y,z] in 0..1, with y vertical. Irregular model geometry resolved from block models. Representative normalized cuboids/planes: minecraft:block/brown_mushroom_block -> 1 element: [0,0,0]-[1,1,0]. Orientation or count states rotate, swap, or combine these cuboids without making the block a full cube.",#B29167,178,145,103,1.000,,,none,,2,12,yes,minecraft:block/brown_mushroom_block;minecraft:block/mushroom_block_inside,template_single_face,minecraft:block/brown_mushroom_block;minecraft:block/mushroom_block_inside,medium,Average color is computed across the visible model variants referenced by this block.
minecraft:brown_shulker_box,entity_block,entity_renderer,entity_or_block_entity_renderer,Special renderer/entity-style block; normal model geometry is not authoritative.,"Coordinates are normalized block-local [x,y,z] in 0..1, with y vertical. This block is rendered by an entity, block entity, or special renderer rather than by a normal solid block model. Treat its world geometry as renderer-defined; this CSV intentionally does not infer a precise color or cuboid mesh from the block model.",,,,,,,,none,,1,1,no,minecraft:block/brown_shulker_box,,,high,Average color intentionally omitted because this is handled by entity/block-entity rendering.
minecraft:brown_stained_glass,full_cube_same_faces,full_cube,self_supporting_geometry,"Full cube [0,0,0]-[1,1,1] with same visual treatment on all six exterior faces.","Coordinates are normalized block-local [x,y,z] in 0..1, with y vertical. Occupies the entire voxel [0,0,0]-[1,1,1]. All six exterior faces are present; color differences, if any, are texture/face differences rather than geometry differences.",#664C33,102,76,51,0.460,down=#664C33;up=#664C33;north=#664C33;south=#664C33;west=#664C33;east=#664C33,,none,glass,1,1,no,minecraft:block/brown_stained_glass,block;cube;cube_all,minecraft:block/brown_stained_glass,medium,
minecraft:brown_stained_glass_pane,thin_wall,thin_pane,self_supporting_geometry,"Narrow multipart connector: thin post, pane, bar, fence, or gate segments.","Coordinates are normalized block-local [x,y,z] in 0..1, with y vertical. Pane/bar geometry is a thin vertical connector system. A central post/cap sits near [0.4375,0,0.4375]-[0.5625,1,0.5625]. Each north/east/south/west=true side adds a thin vertical pane/bar from the center to that face; false omits that side. Single-connection states add end caps so the exposed edge has thickness.",#644B32,100,75,50,0.575,,,none,glass;architectural_shape,5,9,yes,minecraft:block/brown_stained_glass_pane_noside;minecraft:block/brown_stained_glass_pane_noside_alt;minecraft:block/brown_stained_glass_pane_post;minecraft:block/brown_stained_glass_pane_side;minecraft:block/brown_stained_glass_pane_side_alt,template_glass_pane_noside;template_glass_pane_noside_alt;template_glass_pane_post;template_glass_pane_side;template_glass_pane_side_alt,minecraft:block/brown_stained_glass;minecraft:block/brown_stained_glass_pane_top,medium,Average color is computed across the visible model variants referenced by this block.
minecraft:brown_terracotta,full_cube_same_faces,full_cube,self_supporting_geometry,"Full cube [0,0,0]-[1,1,1] with same visual treatment on all six exterior faces.","Coordinates are normalized block-local [x,y,z] in 0..1, with y vertical. Occupies the entire voxel [0,0,0]-[1,1,1]. All six exterior faces are present; color differences, if any, are texture/face differences rather than geometry differences.",#4D3324,77,51,36,1.000,down=#4D3324;up=#4D3324;north=#4D3324;south=#4D3324;west=#4D3324;east=#4D3324,,none,ceramic,1,1,no,minecraft:block/brown_terracotta,block;cube;cube_all,minecraft:block/brown_terracotta,medium,
minecraft:brown_wall_banner,entity_block,entity_renderer,entity_or_block_entity_renderer,Special renderer/entity-style block; normal model geometry is not authoritative.,"Coordinates are normalized block-local [x,y,z] in 0..1, with y vertical. This block is rendered by an entity, block entity, or special renderer rather than by a normal solid block model. Treat its world geometry as renderer-defined; this CSV intentionally does not infer a precise color or cuboid mesh from the block model.",,,,,,,,none,,1,1,no,minecraft:block/banner,,,high,Average color intentionally omitted because this is handled by entity/block-entity rendering.
minecraft:brown_wool,full_cube_same_faces,full_cube,self_supporting_geometry,"Full cube [0,0,0]-[1,1,1] with same visual treatment on all six exterior faces.","Coordinates are normalized block-local [x,y,z] in 0..1, with y vertical. Occupies the entire voxel [0,0,0]-[1,1,1]. All six exterior faces are present; color differences, if any, are texture/face differences rather than geometry differences.",#734829,115,72,41,1.000,down=#734829;up=#734829;north=#734829;south=#734829;west=#734829;east=#734829,,none,fabric,1,1,no,minecraft:block/brown_wool,block;cube;cube_all,minecraft:block/brown_wool,medium,
minecraft:bubble_column,irregular_self_supporting,irregular_model,self_supporting_geometry,Irregular non-cube geometry that can be used as a standalone placed form.,"Coordinates are normalized block-local [x,y,z] in 0..1, with y vertical. Irregular non-cube geometry; exact visible shape is defined by the resolved block model and state-selected model variants.",#B2B2B2,178,178,178,0.706,,,none,neutral,1,1,no,minecraft:block/water,,minecraft:block/water_still,medium,
minecraft:bubble_coral,irregular_dependent,cross_planes,dependent_on_support_or_counterpart,"Irregular crossed flat planes with transparent cutout texture, typically plant-like and support/substrate dependent.","Coordinates are normalized block-local [x,y,z] in 0..1, with y vertical. Cross-plane geometry: two near-zero-thickness quads cross diagonally through the block center, usually spanning most of y=0..1. The visible silhouette comes from transparent texture pixels, not from cuboid volume; placement normally depends on ground or substrate support.",#A61EA2,166,30,162,1.000,,,none,,1,1,no,minecraft:block/bubble_coral,cross,minecraft:block/bubble_coral,medium,
minecraft:bubble_coral_block,full_cube_same_faces,full_cube,self_supporting_geometry,"Full cube [0,0,0]-[1,1,1] with same visual treatment on all six exterior faces.","Coordinates are normalized block-local [x,y,z] in 0..1, with y vertical. Occupies the entire voxel [0,0,0]-[1,1,1]. All six exterior faces are present; color differences, if any, are texture/face differences rather than geometry differences.",#A81EA4,168,30,164,1.000,down=#A81EA4;up=#A81EA4;north=#A81EA4;south=#A81EA4;west=#A81EA4;east=#A81EA4,,none,,1,1,no,minecraft:block/bubble_coral_block,block;cube;cube_all,minecraft:block/bubble_coral_block,medium,
minecraft:bubble_coral_fan,irregular_dependent,irregular_model,dependent_on_support_or_counterpart,"Irregular non-cube geometry that is expected to depend on a support block, substrate, or paired state.","Coordinates are normalized block-local [x,y,z] in 0..1, with y vertical. Coral/fan geometry uses thin organic planes or small branch-like cuboids. Floor fan variants stand on the block top; wall fan variants mount as a thin sheet on the chosen wall face.",#A42AA2,164,42,162,1.000,,,none,,1,1,no,minecraft:block/bubble_coral_fan,coral_fan,minecraft:block/bubble_coral_fan,medium,
minecraft:bubble_coral_wall_fan,irregular_dependent,irregular_model,dependent_on_support_or_counterpart,"Irregular non-cube geometry that is expected to depend on a support block, substrate, or paired state.","Coordinates are normalized block-local [x,y,z] in 0..1, with y vertical. Coral/fan geometry uses thin organic planes or small branch-like cuboids. Floor fan variants stand on the block top; wall fan variants mount as a thin sheet on the chosen wall face.",#A42AA2,164,42,162,1.000,,,none,,1,4,yes,minecraft:block/bubble_coral_wall_fan,coral_wall_fan,minecraft:block/bubble_coral_fan,medium,
minecraft:budding_amethyst,full_cube_same_faces,full_cube,self_supporting_geometry,"Full cube [0,0,0]-[1,1,1] with same visual treatment on all six exterior faces.","Coordinates are normalized block-local [x,y,z] in 0..1, with y vertical. Occupies the entire voxel [0,0,0]-[1,1,1]. All six exterior faces are present; color differences, if any, are texture/face differences rather than geometry differences.",#8E69BF,142,105,191,1.000,down=#8E69BF;up=#8E69BF;north=#8E69BF;south=#8E69BF;west=#8E69BF;east=#8E69BF,,none,,1,1,no,minecraft:block/budding_amethyst,block;cube;cube_all,minecraft:block/budding_amethyst,medium,
minecraft:bush,irregular_dependent,cross_planes,dependent_on_support_or_counterpart,"Irregular crossed flat planes with transparent cutout texture, typically plant-like and support/substrate dependent.","Coordinates are normalized block-local [x,y,z] in 0..1, with y vertical. Cross-plane geometry: two near-zero-thickness quads cross diagonally through the block center, usually spanning most of y=0..1. The visible silhouette comes from transparent texture pixels, not from cuboid volume; placement normally depends on ground or substrate support.",#465C2B,70,92,43,1.000,,,plains_grass_assumed,,1,1,no,minecraft:block/bush,tinted_cross,minecraft:block/bush,medium,Tinted textures use the plains biome approximation for color averaging.
minecraft:cactus,irregular_dependent,irregular_model,dependent_on_support_or_counterpart,"Irregular non-cube geometry that is expected to depend on a support block, substrate, or paired state.","Coordinates are normalized block-local [x,y,z] in 0..1, with y vertical. Irregular model geometry resolved from block models. Representative normalized cuboids/planes: minecraft:block/cactus -> 3 elements: [0,0,0]-[1,1,1] + [0,0,0.0625]-[1,1,0.9375] + [0.0625,0,0]-[0.9375,1,1]. Orientation or count states rotate, swap, or combine these cuboids without making the block a full cube.",#6E8E3E,110,142,62,1.000,,,none,,1,1,no,minecraft:block/cactus,block,minecraft:block/cactus_bottom;minecraft:block/cactus_side;minecraft:block/cactus_top,medium,
minecraft:cactus_flower,irregular_dependent,cross_planes,dependent_on_support_or_counterpart,"Irregular crossed flat planes with transparent cutout texture, typically plant-like and support/substrate dependent.","Coordinates are normalized block-local [x,y,z] in 0..1, with y vertical. Cross-plane geometry: two near-zero-thickness quads cross diagonally through the block center, usually spanning most of y=0..1. The visible silhouette comes from transparent texture pixels, not from cuboid volume; placement normally depends on ground or substrate support.",#D67D89,214,125,137,1.000,,,none,vegetation,1,1,no,minecraft:block/cactus_flower,cross,minecraft:block/cactus_flower,medium,
minecraft:cake,irregular_dependent,irregular_model,dependent_on_support_or_counterpart,"Irregular non-cube geometry that is expected to depend on a support block, substrate, or paired state.","Coordinates are normalized block-local [x,y,z] in 0..1, with y vertical. Cake geometry is a low block-like dessert volume, less than full height. bites=0..6 removes successive vertical slices from one side, reducing the x/z footprint while keeping the same low height.",#C4A69A,196,166,154,1.000,,,none,,7,7,no,minecraft:block/cake;minecraft:block/cake_slice1;minecraft:block/cake_slice2;minecraft:block/cake_slice3;minecraft:block/cake_slice4;minecraft:block/cake_slice5;minecraft:block/cake_slice6,,minecraft:block/cake_bottom;minecraft:block/cake_inner;minecraft:block/cake_side;minecraft:block/cake_top,medium,Average color is computed across the visible model variants referenced by this block.
minecraft:calcite,full_cube_same_faces,full_cube,self_supporting_geometry,"Full cube [0,0,0]-[1,1,1] with same visual treatment on all six exterior faces.","Coordinates are normalized block-local [x,y,z] in 0..1, with y vertical. Occupies the entire voxel [0,0,0]-[1,1,1]. All six exterior faces are present; color differences, if any, are texture/face differences rather than geometry differences.",#E0E1DE,224,225,222,1.000,down=#E0E1DE;up=#E0E1DE;north=#E0E1DE;south=#E0E1DE;west=#E0E1DE;east=#E0E1DE,,none,light;neutral,1,1,no,minecraft:block/calcite,block;cube;cube_all,minecraft:block/calcite,medium,
minecraft:calibrated_sculk_sensor,irregular_self_supporting,irregular_model,self_supporting_geometry,Irregular non-cube geometry that can be used as a standalone placed form.,"Coordinates are normalized block-local [x,y,z] in 0..1, with y vertical. Irregular model geometry resolved from block models. Representative normalized cuboids/planes: minecraft:block/calibrated_sculk_sensor_active -> 7 elements: [0,0,0]-[1,0.5,1] + [-0.0625,0.5,0.1875]-[0.4375,1,0.1875] + [0.5625,0.5,0.1875]-[1.0625,1,0.1875] + [0.5625,0.5,0.8125]-[1.0625,1,0.8125] + [-0.0625,0.5,0.8125]-[0.4375,1,0.8125] + [0.5,0.5,0]-[0.5,1.25,1] plus 1 more cuboids/planes. Orientation or count states rotate, swap, or combine these cuboids without making the block a full cube.",#81789B,129,120,155,1.000,,,none,,2,12,yes,minecraft:block/calibrated_sculk_sensor_active;minecraft:block/calibrated_sculk_sensor_inactive,block;calibrated_sculk_sensor,minecraft:block/calibrated_sculk_sensor_amethyst;minecraft:block/calibrated_sculk_sensor_input_side;minecraft:block/calibrated_sculk_sensor_top;minecraft:block/sculk_sensor_bottom;minecraft:block/sculk_sensor_side;minecraft:block/sculk_sensor_tendril_active;minecraft:block/sculk_sensor_tendril_inactive,medium,Average color is computed across the visible model variants referenced by this block.
minecraft:campfire,irregular_dependent,irregular_model,dependent_on_support_or_counterpart,"Irregular non-cube geometry that is expected to depend on a support block, substrate, or paired state.","Coordinates are normalized block-local [x,y,z] in 0..1, with y vertical. Irregular model geometry resolved from block models. Representative normalized cuboids/planes: minecraft:block/campfire_off -> 5 elements: [0.0625,0,0]-[0.3125,0.25,1] + [0,0.1875,0.6875]-[1,0.4375,0.9375] + [0.6875,0,0]-[0.9375,0.25,1] + [0,0.1875,0.0625]-[1,0.4375,0.3125] + [0.3125,0,0]-[0.6875,0.0625,1] | minecraft:block/campfire -> 7 elements: [0.0625,0,0]-[0.3125,0.25,1] + [0,0.1875,0.6875]-[1,0.4375,0.9375] + [0.6875,0,0]-[0.9375,0.25,1] + [0,0.1875,0.0625]-[1,0.4375,0.3125] + [0.3125,0,0]-[0.6875,0.0625,1] + [0.05,0.0625,0.5]-[0.95,1.0625,0.5] plus 1 more cuboids/planes. Orientation or count states rotate, swap, or combine these cuboids without making the block a full cube.",#977747,151,119,71,1.000,,,none,,2,8,yes,minecraft:block/campfire;minecraft:block/campfire_off,block;template_campfire,minecraft:block/campfire_fire;minecraft:block/campfire_log;minecraft:block/campfire_log_lit,medium,Average color is computed across the visible model variants referenced by this block.
minecraft:candle,irregular_dependent,irregular_model,dependent_on_support_or_counterpart,"Irregular non-cube geometry that is expected to depend on a support block, substrate, or paired state.","Coordinates are normalized block-local [x,y,z] in 0..1, with y vertical. Candle geometry is one to four slim vertical candle rods on the top surface. candles=1..4 changes the number and offsets of rods; lit=true adds flame rendering without changing the wax body geometry.",#EFD7AA,239,215,170,1.000,,,none,light,8,8,no,minecraft:block/candle_four_candles;minecraft:block/candle_four_candles_lit;minecraft:block/candle_one_candle;minecraft:block/candle_one_candle_lit;minecraft:block/candle_three_candles;minecraft:block/candle_three_candles_lit;minecraft:block/candle_two_candles;minecraft:block/candle_two_candles_lit,block;template_candle;template_four_candles;template_three_candles;template_two_candles,minecraft:block/candle;minecraft:block/candle_lit,medium,Average color is computed across the visible model variants referenced by this block.
minecraft:candle_cake,irregular_dependent,irregular_model,dependent_on_support_or_counterpart,"Irregular non-cube geometry that is expected to depend on a support block, substrate, or paired state.","Coordinates are normalized block-local [x,y,z] in 0..1, with y vertical. Candle geometry is one to four slim vertical candle rods on the top surface. candles=1..4 changes the number and offsets of rods; lit=true adds flame rendering without changing the wax body geometry.",#D0B3A4,208,179,164,1.000,,,none,,2,2,no,minecraft:block/candle_cake;minecraft:block/candle_cake_lit,template_cake_with_candle,minecraft:block/cake_bottom;minecraft:block/cake_side;minecraft:block/cake_top;minecraft:block/candle;minecraft:block/candle_lit,medium,Average color is computed across the visible model variants referenced by this block.
minecraft:carrots,irregular_dependent,irregular_model,dependent_on_support_or_counterpart,"Irregular non-cube geometry that is expected to depend on a support block, substrate, or paired state.","Coordinates are normalized block-local [x,y,z] in 0..1, with y vertical. Irregular model geometry resolved from block models. Representative normalized cuboids/planes: minecraft:block/carrots_stage0 -> 4 elements: [0.25,-0.0625,0]-[0.25,0.9375,1] + [0.75,-0.0625,0]-[0.75,0.9375,1] + [0,-0.0625,0.25]-[1,0.9375,0.25] + [0,-0.0625,0.75]-[1,0.9375,0.75]. Orientation or count states rotate, swap, or combine these cuboids without making the block a full cube.",#487827,72,120,39,1.000,,,none,,4,8,no,minecraft:block/carrots_stage0;minecraft:block/carrots_stage1;minecraft:block/carrots_stage2;minecraft:block/carrots_stage3,crop,minecraft:block/carrots_stage0;minecraft:block/carrots_stage1;minecraft:block/carrots_stage2;minecraft:block/carrots_stage3,medium,Average color is computed across the visible model variants referenced by this block.
minecraft:cartography_table,full_cube_different_faces,full_cube,self_supporting_geometry,"Full cube [0,0,0]-[1,1,1] with face-dependent visual treatment.","Coordinates are normalized block-local [x,y,z] in 0..1, with y vertical. Occupies the entire voxel [0,0,0]-[1,1,1]. All six exterior faces are present; color differences, if any, are texture/face differences rather than geometry differences.",#594840,89,72,64,1.000,down=#442C15;up=#81756E;north=#462E15;south=#4F3D44;west=#63504B;east=#462E15,up=#81756E;south=#4F3D44;west=#63504B,none,,1,1,no,minecraft:block/cartography_table,block;cube,minecraft:block/cartography_table_side1;minecraft:block/cartography_table_side2;minecraft:block/cartography_table_side3;minecraft:block/cartography_table_top;minecraft:block/dark_oak_planks,medium,
minecraft:carved_pumpkin,full_cube_different_faces,full_cube,self_supporting_geometry,"Full cube [0,0,0]-[1,1,1] with face-dependent visual treatment.","Coordinates are normalized block-local [x,y,z] in 0..1, with y vertical. Occupies the entire voxel [0,0,0]-[1,1,1]. All six exterior faces are present; color differences, if any, are texture/face differences rather than geometry differences.",#C3761D,195,118,29,1.000,down=#C97A1E;up=#C97A1E;north=#A7671B;south=#C7771D;west=#C7771D;east=#C7771D,north=#A7671B,none,,1,4,yes,minecraft:block/carved_pumpkin,block;cube;orientable;orientable_with_bottom,minecraft:block/carved_pumpkin;minecraft:block/pumpkin_side;minecraft:block/pumpkin_top,medium,
minecraft:cauldron,irregular_self_supporting,open_basin,self_supporting_geometry,Irregular open container/basin shape with visible rim and hollow center.,"Coordinates are normalized block-local [x,y,z] in 0..1, with y vertical. Open basin/container geometry: a hollow or visually hollow container with side walls and rim around the top, leaving the central upper volume open. Fill-level states, when present, add or remove interior contents without changing the outer footprint much.",#484748,72,71,72,1.000,,,none,neutral,1,1,no,minecraft:block/cauldron,,minecraft:block/cauldron_bottom;minecraft:block/cauldron_inner;minecraft:block/cauldron_side;minecraft:block/cauldron_top,medium,
minecraft:cave_air,technical_or_nonvisual,technical_nonvisual,nonvisual_or_engine_special,Invisible or technical block with no material-palette geometry.,"Coordinates are normalized block-local [x,y,z] in 0..1, with y vertical. Technical or nonvisual block. It has no useful visible placed geometry for material selection; collision/render behavior is engine-defined or intentionally invisible.",,,,,,,,none,,1,1,no,minecraft:block/air,,,high,"Average color intentionally omitted because the block is invisible, technical, or non-material."
minecraft:cave_vines,irregular_dependent,cross_planes,dependent_on_support_or_counterpart,"Irregular crossed flat planes with transparent cutout texture, typically plant-like and support/substrate dependent.","Coordinates are normalized block-local [x,y,z] in 0..1, with y vertical. Cross-plane geometry: two near-zero-thickness quads cross diagonally through the block center, usually spanning most of y=0..1. The visible silhouette comes from transparent texture pixels, not from cuboid volume; placement normally depends on ground or substrate support.",#68742B,104,116,43,1.000,,,none,vegetation,2,2,no,minecraft:block/cave_vines;minecraft:block/cave_vines_lit,cross,minecraft:block/cave_vines;minecraft:block/cave_vines_lit,medium,Average color is computed across the visible model variants referenced by this block.
minecraft:cave_vines_plant,irregular_dependent,cross_planes,dependent_on_support_or_counterpart,"Irregular crossed flat planes with transparent cutout texture, typically plant-like and support/substrate dependent.","Coordinates are normalized block-local [x,y,z] in 0..1, with y vertical. Cross-plane geometry: two near-zero-thickness quads cross diagonally through the block center, usually spanning most of y=0..1. The visible silhouette comes from transparent texture pixels, not from cuboid volume; placement normally depends on ground or substrate support.",#686D2A,104,109,42,1.000,,,none,vegetation,2,2,no,minecraft:block/cave_vines_plant;minecraft:block/cave_vines_plant_lit,cross,minecraft:block/cave_vines_plant;minecraft:block/cave_vines_plant_lit,medium,Average color is computed across the visible model variants referenced by this block.
minecraft:chain_command_block,full_cube_same_faces,full_cube,self_supporting_geometry,"Full cube [0,0,0]-[1,1,1] with same visual treatment on all six exterior faces.","Coordinates are normalized block-local [x,y,z] in 0..1, with y vertical. Occupies the entire voxel [0,0,0]-[1,1,1]. All six exterior faces are present; color differences, if any, are texture/face differences rather than geometry differences.",#8AA79A,138,167,154,1.000,down=#8BA79A;up=#8BA79A;north=#8BAB9D;south=#8BA499;west=#8BA79A;east=#8BA79A,,none,,2,12,yes,minecraft:block/chain_command_block;minecraft:block/chain_command_block_conditional,block;cube_directional;template_command_block,minecraft:block/chain_command_block_back;minecraft:block/chain_command_block_conditional;minecraft:block/chain_command_block_front;minecraft:block/chain_command_block_side,medium,Average color is computed across the visible model variants referenced by this block.
minecraft:cherry_button,irregular_dependent,irregular_model,dependent_on_support_or_counterpart,"Irregular non-cube geometry that is expected to depend on a support block, substrate, or paired state.","Coordinates are normalized block-local [x,y,z] in 0..1, with y vertical. Button geometry is a small face-mounted cuboid. face/facing chooses the support face and orientation; powered=true uses a thinner pressed protrusion, while powered=false protrudes farther from the support surface.",#E2B3AD,226,179,173,1.000,,,none,,2,24,yes,minecraft:block/cherry_button;minecraft:block/cherry_button_pressed,button;button_pressed,minecraft:block/cherry_planks,medium,Average color is computed across the visible model variants referenced by this block.
minecraft:cherry_door,irregular_dependent,hinged_panel,dependent_on_support_or_counterpart,"Irregular thin hinged panel; open/closed, half, hinge, or facing changes by state.","Coordinates are normalized block-local [x,y,z] in 0..1, with y vertical. Door-like geometry is a thin vertical panel about 0.1875 blocks thick and one block tall per half. half=lower/upper selects the lower or upper block of the two-block door. facing chooses the panel orientation, hinge selects the pivot side, and open=true rotates the panel around that hinge.",#E2B1AB,226,177,171,1.000,,,none,,8,32,yes,minecraft:block/cherry_door_bottom_left;minecraft:block/cherry_door_bottom_left_open;minecraft:block/cherry_door_bottom_right;minecraft:block/cherry_door_bottom_right_open;minecraft:block/cherry_door_top_left;minecraft:block/cherry_door_top_left_open;minecraft:block/cherry_door_top_right;minecraft:block/cherry_door_top_right_open,door_bottom_left;door_bottom_left_open;door_bottom_right;door_bottom_right_open;door_top_left;door_top_left_open;door_top_right;door_top_right_open,minecraft:block/cherry_door_bottom;minecraft:block/cherry_door_top,medium,Average color is computed across the visible model variants referenced by this block.
minecraft:cherry_fence,thin_wall,fence,self_supporting_geometry,"Narrow multipart connector: thin post, pane, bar, fence, or gate segments.","Coordinates are normalized block-local [x,y,z] in 0..1, with y vertical. Fence geometry is multipart. The center post is [0.375,0,0.375]-[0.625,1,0.625]. Each north/east/south/west=true connector adds two narrow horizontal rails from the post toward that face: lower rail around y=0.375..0.5625 and upper rail around y=0.75..0.9375, with a 0.125-thick cross-section. false leaves that side open.",#E2B3AD,226,179,173,1.000,,,none,architectural_shape,2,5,yes,minecraft:block/cherry_fence_post;minecraft:block/cherry_fence_side,fence_post;fence_side,minecraft:block/cherry_planks,medium,Average color is computed across the visible model variants referenced by this block.
minecraft:cherry_fence_gate,thin_wall,fence_gate,self_supporting_geometry,"Narrow multipart connector: thin post, pane, bar, fence, or gate segments.","Coordinates are normalized block-local [x,y,z] in 0..1, with y vertical. Fence gate geometry is a pair of narrow side posts plus two hinged gate leaves. open=false places the leaves across the center line as a thin barrier; open=true swings the leaves back against the side posts. facing rotates the gate axis. in_wall=true lowers the posts and rails to align with coarse wall height, using the same narrow footprints but shifted downward.",#E2B3AD,226,179,173,1.000,,,none,architectural_shape,4,16,yes,minecraft:block/cherry_fence_gate;minecraft:block/cherry_fence_gate_open;minecraft:block/cherry_fence_gate_wall;minecraft:block/cherry_fence_gate_wall_open,block;template_fence_gate;template_fence_gate_open;template_fence_gate_wall;template_fence_gate_wall_open,minecraft:block/cherry_planks,medium,Average color is computed across the visible model variants referenced by this block.
minecraft:cherry_hanging_sign,entity_block,entity_renderer,entity_or_block_entity_renderer,Special renderer/entity-style block; normal model geometry is not authoritative.,"Coordinates are normalized block-local [x,y,z] in 0..1, with y vertical. This block is rendered by an entity, block entity, or special renderer rather than by a normal solid block model. Treat its world geometry as renderer-defined; this CSV intentionally does not infer a precise color or cuboid mesh from the block model.",,,,,,,,none,,1,1,no,minecraft:block/cherry_hanging_sign,,,high,Average color intentionally omitted because this is handled by entity/block-entity rendering.
minecraft:cherry_leaves,full_cube_same_faces,full_cube,self_supporting_geometry,"Full cube [0,0,0]-[1,1,1] with same visual treatment on all six exterior faces.","Coordinates are normalized block-local [x,y,z] in 0..1, with y vertical. Occupies the entire voxel [0,0,0]-[1,1,1]. All six exterior faces are present; color differences, if any, are texture/face differences rather than geometry differences.",#6D7626,109,118,38,1.000,down=#6D7626;up=#6D7626;north=#6D7626;south=#6D7626;west=#6D7626;east=#6D7626,,plains_foliage,vegetation,1,1,no,minecraft:block/cherry_leaves,block;leaves,minecraft:block/cherry_leaves,medium,Tinted textures use the plains biome approximation for color averaging.
minecraft:cherry_log,full_cube_different_faces,full_cube,self_supporting_geometry,"Full cube [0,0,0]-[1,1,1] with face-dependent visual treatment.","Coordinates are normalized block-local [x,y,z] in 0..1, with y vertical. Occupies the entire voxel [0,0,0]-[1,1,1]. All six exterior faces are present; color differences, if any, are texture/face differences rather than geometry differences.",#816261,129,98,97,1.000,down=#38222E;up=#38222E;north=#38222E;south=#38222E;west=#CA9C96;east=#CA9C96,west=#CA9C96;east=#CA9C96,none,wood,3,3,no,minecraft:block/cherry_log_x;minecraft:block/cherry_log_y;minecraft:block/cherry_log_z,block;cube_column_uv_locked_x;cube_column_uv_locked_y;cube_column_uv_locked_z,minecraft:block/cherry_log;minecraft:block/cherry_log_top,medium,Average color is computed across the visible model variants referenced by this block.
minecraft:cherry_planks,full_cube_same_faces,full_cube,self_supporting_geometry,"Full cube [0,0,0]-[1,1,1] with same visual treatment on all six exterior faces.","Coordinates are normalized block-local [x,y,z] in 0..1, with y vertical. Occupies the entire voxel [0,0,0]-[1,1,1]. All six exterior faces are present; color differences, if any, are texture/face differences rather than geometry differences.",#E3B4AE,227,180,174,1.000,down=#E3B4AE;up=#E3B4AE;north=#E3B4AE;south=#E3B4AE;west=#E3B4AE;east=#E3B4AE,,none,wood,1,1,no,minecraft:block/cherry_planks,block;cube;cube_all,minecraft:block/cherry_planks,medium,
minecraft:cherry_pressure_plate,irregular_dependent,irregular_model,dependent_on_support_or_counterpart,"Irregular non-cube geometry that is expected to depend on a support block, substrate, or paired state.","Coordinates are normalized block-local [x,y,z] in 0..1, with y vertical. Pressure plate geometry is a low rectangular floor plate occupying most of the x/z footprint. powered=false is slightly raised; powered=true lowers it closer to the supporting block.",#E2B3AD,226,179,173,1.000,,,none,,2,2,no,minecraft:block/cherry_pressure_plate;minecraft:block/cherry_pressure_plate_down,block;pressure_plate_down;pressure_plate_up;thin_block,minecraft:block/cherry_planks,medium,Average color is computed across the visible model variants referenced by this block.
minecraft:cherry_sapling,irregular_dependent,cross_planes,dependent_on_support_or_counterpart,"Irregular crossed flat planes with transparent cutout texture, typically plant-like and support/substrate dependent.","Coordinates are normalized block-local [x,y,z] in 0..1, with y vertical. Cross-plane geometry: two near-zero-thickness quads cross diagonally through the block center, usually spanning most of y=0..1. The visible silhouette comes from transparent texture pixels, not from cuboid volume; placement normally depends on ground or substrate support.",#C18FAA,193,143,170,1.000,,,none,,1,1,no,minecraft:block/cherry_sapling,cross,minecraft:block/cherry_sapling,medium,
minecraft:cherry_shelf,irregular_self_supporting,irregular_model,self_supporting_geometry,Irregular non-cube geometry that can be used as a standalone placed form.,"Coordinates are normalized block-local [x,y,z] in 0..1, with y vertical. Irregular model geometry resolved from block models. Representative normalized cuboids/planes: minecraft:block/cherry_shelf -> 3 elements: [0,0,0.8125]-[1,1,1] + [0,0,0.6875]-[1,0.25,0.8125] + [0,0.75,0.6875]-[1,1,0.8125] | minecraft:block/cherry_shelf_unpowered -> 1 element: [0,0.25,0.8125]-[1,0.75,0.8125]. Orientation or count states rotate, swap, or combine these cuboids without making the block a full cube.",#C87F7E,200,127,126,1.000,,,none,,6,24,yes,minecraft:block/cherry_shelf;minecraft:block/cherry_shelf_center;minecraft:block/cherry_shelf_left;minecraft:block/cherry_shelf_right;minecraft:block/cherry_shelf_unconnected;minecraft:block/cherry_shelf_unpowered,block;template_shelf_body;template_shelf_center;template_shelf_left;template_shelf_right;template_shelf_unconnected;template_shelf_unpowered,minecraft:block/cherry_shelf,medium,Average color is computed across the visible model variants referenced by this block.
minecraft:cherry_sign,entity_block,entity_renderer,entity_or_block_entity_renderer,Special renderer/entity-style block; normal model geometry is not authoritative.,"Coordinates are normalized block-local [x,y,z] in 0..1, with y vertical. This block is rendered by an entity, block entity, or special renderer rather than by a normal solid block model. Treat its world geometry as renderer-defined; this CSV intentionally does not infer a precise color or cuboid mesh from the block model.",,,,,,,,none,,1,1,no,minecraft:block/cherry_sign,,,high,Average color intentionally omitted because this is handled by entity/block-entity rendering.
minecraft:cherry_slab,slab,slab,self_supporting_geometry,Half-height or full-height rectangular prism selected by slab type.,"Coordinates are normalized block-local [x,y,z] in 0..1, with y vertical. type=bottom occupies [0,0,0]-[1,0.5,1]. type=top occupies [0,0.5,0]-[1,1,1]. type=double is a full cube [0,0,0]-[1,1,1]. Single-slab states are exactly half-height rectangular prisms.",#E3B4AE,227,180,174,1.000,,,none,architectural_shape,3,3,no,minecraft:block/cherry_planks;minecraft:block/cherry_slab;minecraft:block/cherry_slab_top,block;cube;cube_all;slab;slab_top,minecraft:block/cherry_planks,medium,Average color is computed across the visible model variants referenced by this block.
minecraft:cherry_stairs,stairs,stairs,self_supporting_geometry,"Step-shaped block: half-block base plus one or more quarter/half prisms; straight, inner-corner, and outer-corner variants.","Coordinates are normalized block-local [x,y,z] in 0..1, with y vertical. Stairs are a full 1x1x1 cube with step-shaped upper/lower half removed. For half=bottom, shape=straight occupies a full bottom half [0,0,0]-[1,0.5,1] plus one upper half-prism [0.5,0.5,0]-[1,1,1] in the canonical east-facing model, so the side profile is an L and the missing volume is a 0.5x0.5x1 prism; facing rotates that prism to north/east/south/west. half=top mirrors the geometry vertically, putting the full half at y=0.5..1 and the step/void in y=0..0.5. shape=inner_left/inner_right occupies the full lower (or upper, for half=top) half plus an L-shaped pair of 0.5x0.5x1 and 0.5x0.5x0.5 upper/lower prisms, leaving exactly one 0.5x0.5x0.5 corner void; left/right chooses the corner after the facing rotation. shape=outer_left/outer_right occupies the full half plus only one 0.5x0.5x0.5 corner prism in the opposite half, leaving the other three corner quarters empty; left/right chooses the retained corner after facing rotation.",#E3B4AE,227,180,174,1.000,,,none,architectural_shape,3,40,yes,minecraft:block/cherry_stairs;minecraft:block/cherry_stairs_inner;minecraft:block/cherry_stairs_outer,block;inner_stairs;outer_stairs;stairs,minecraft:block/cherry_planks,medium,Average color is computed across the visible model variants referenced by this block.
minecraft:cherry_trapdoor,irregular_dependent,hinged_panel,dependent_on_support_or_counterpart,"Irregular thin hinged panel; open/closed, half, hinge, or facing changes by state.","Coordinates are normalized block-local [x,y,z] in 0..1, with y vertical. Trapdoor geometry is a thin 1x1 panel about 0.1875 blocks thick. half=bottom places the closed panel at y=0..0.1875; half=top places it at y=0.8125..1. open=true rotates the same panel upright against the side chosen by facing.",#E3B6B0,227,182,176,1.000,,,none,,3,16,yes,minecraft:block/cherry_trapdoor_bottom;minecraft:block/cherry_trapdoor_open;minecraft:block/cherry_trapdoor_top,block;template_orientable_trapdoor_bottom;template_orientable_trapdoor_open;template_orientable_trapdoor_top;thin_block,minecraft:block/cherry_trapdoor,medium,Average color is computed across the visible model variants referenced by this block.
minecraft:cherry_wall_hanging_sign,entity_block,entity_renderer,entity_or_block_entity_renderer,Special renderer/entity-style block; normal model geometry is not authoritative.,"Coordinates are normalized block-local [x,y,z] in 0..1, with y vertical. This block is rendered by an entity, block entity, or special renderer rather than by a normal solid block model. Treat its world geometry as renderer-defined; this CSV intentionally does not infer a precise color or cuboid mesh from the block model.",,,,,,,,none,,1,1,no,minecraft:block/cherry_hanging_sign,,,high,Average color intentionally omitted because this is handled by entity/block-entity rendering.
minecraft:cherry_wall_sign,entity_block,entity_renderer,entity_or_block_entity_renderer,Special renderer/entity-style block; normal model geometry is not authoritative.,"Coordinates are normalized block-local [x,y,z] in 0..1, with y vertical. This block is rendered by an entity, block entity, or special renderer rather than by a normal solid block model. Treat its world geometry as renderer-defined; this CSV intentionally does not infer a precise color or cuboid mesh from the block model.",,,,,,,,none,,1,1,no,minecraft:block/cherry_sign,,,high,Average color intentionally omitted because this is handled by entity/block-entity rendering.
minecraft:cherry_wood,full_cube_same_faces,full_cube,self_supporting_geometry,"Full cube [0,0,0]-[1,1,1] with same visual treatment on all six exterior faces.","Coordinates are normalized block-local [x,y,z] in 0..1, with y vertical. Occupies the entire voxel [0,0,0]-[1,1,1]. All six exterior faces are present; color differences, if any, are texture/face differences rather than geometry differences.",#38222E,56,34,46,1.000,down=#38222E;up=#38222E;north=#38222E;south=#38222E;west=#38222E;east=#38222E,,none,wood;dark,1,3,yes,minecraft:block/cherry_wood,block;cube;cube_column,minecraft:block/cherry_log,medium,
minecraft:chest,entity_block,entity_renderer,entity_or_block_entity_renderer,Special renderer/entity-style block; normal model geometry is not authoritative.,"Coordinates are normalized block-local [x,y,z] in 0..1, with y vertical. This block is rendered by an entity, block entity, or special renderer rather than by a normal solid block model. Treat its world geometry as renderer-defined; this CSV intentionally does not infer a precise color or cuboid mesh from the block model.",,,,,,,,none,,1,1,no,minecraft:block/chest,,,high,Average color intentionally omitted because this is handled by entity/block-entity rendering.
minecraft:chipped_anvil,irregular_self_supporting,anvil,self_supporting_geometry,"Irregular self-supporting anvil silhouette: broad base, narrow waist, and overhanging top.","Coordinates are normalized block-local [x,y,z] in 0..1, with y vertical. Anvil geometry is self-supporting and composed of four stacked cuboid groups: broad base [0.125,0,0.125]-[0.875,0.25,0.875], narrow lower neck around y=0.25..0.3125, central waist around [0.375,0.3125,0.25]-[0.625,0.625,0.75], and overhanging top [0.1875,0.625,0]-[0.8125,1,1]. facing rotates the long top axis.",#474747,71,71,71,1.000,,,none,neutral,1,4,yes,minecraft:block/chipped_anvil,block;template_anvil,minecraft:block/anvil;minecraft:block/chipped_anvil_top,medium,
minecraft:chiseled_bookshelf,irregular_self_supporting,irregular_model,self_supporting_geometry,Irregular non-cube geometry that can be used as a standalone placed form.,"Coordinates are normalized block-local [x,y,z] in 0..1, with y vertical. Irregular model geometry resolved from block models. Representative normalized cuboids/planes: minecraft:block/chiseled_bookshelf -> 1 element: [0,0,0]-[1,1,1] | minecraft:block/chiseled_bookshelf_occupied_slot_top_left -> 1 element: [0.625,0.5,0]-[1,1,0] | minecraft:block/chiseled_bookshelf_occupied_slot_top_mid -> 1 element: [0.3125,0.5,0]-[0.625,1,0]. Orientation or count states rotate, swap, or combine these cuboids without making the block a full cube.",#846849,132,104,73,1.000,,,none,,13,52,yes,minecraft:block/chiseled_bookshelf;minecraft:block/chiseled_bookshelf_empty_slot_bottom_left;minecraft:block/chiseled_bookshelf_empty_slot_bottom_mid;minecraft:block/chiseled_bookshelf_empty_slot_bottom_right;minecraft:block/chiseled_bookshelf_empty_slot_top_left;minecraft:block/chiseled_bookshelf_empty_slot_top_mid;minecraft:block/chiseled_bookshelf_empty_slot_top_right;minecraft:block/chiseled_bookshelf_occupied_slot_bottom_left;minecraft:block/chiseled_bookshelf_occupied_slot_bottom_mid;minecraft:block/chiseled_bookshelf_occupied_slot_bottom_right;minecraft:block/chiseled_bookshelf_occupied_slot_top_left;minecraft:block/chiseled_bookshelf_occupied_slot_top_mid;minecraft:block/chiseled_bookshelf_occupied_slot_top_right,block;template_chiseled_bookshelf_slot_bottom_left;template_chiseled_bookshelf_slot_bottom_mid;template_chiseled_bookshelf_slot_bottom_right;template_chiseled_bookshelf_slot_top_left;template_chiseled_bookshelf_slot_top_mid;template_chiseled_bookshelf_slot_top_right,minecraft:block/chiseled_bookshelf_empty;minecraft:block/chiseled_bookshelf_occupied;minecraft:block/chiseled_bookshelf_side;minecraft:block/chiseled_bookshelf_top,medium,Average color is computed across the visible model variants referenced by this block.
minecraft:chiseled_copper,full_cube_same_faces,full_cube,self_supporting_geometry,"Full cube [0,0,0]-[1,1,1] with same visual treatment on all six exterior faces.","Coordinates are normalized block-local [x,y,z] in 0..1, with y vertical. Occupies the entire voxel [0,0,0]-[1,1,1]. All six exterior faces are present; color differences, if any, are texture/face differences rather than geometry differences.",#BA674D,186,103,77,1.000,down=#BA674D;up=#BA674D;north=#BA674D;south=#BA674D;west=#BA674D;east=#BA674D,,none,copper,1,1,no,minecraft:block/chiseled_copper,block;cube;cube_all,minecraft:block/chiseled_copper,medium,
minecraft:chiseled_deepslate,full_cube_same_faces,full_cube,self_supporting_geometry,"Full cube [0,0,0]-[1,1,1] with same visual treatment on all six exterior faces.","Coordinates are normalized block-local [x,y,z] in 0..1, with y vertical. Occupies the entire voxel [0,0,0]-[1,1,1]. All six exterior faces are present; color differences, if any, are texture/face differences rather than geometry differences.",#39393A,57,57,58,1.000,down=#39393A;up=#39393A;north=#39393A;south=#39393A;west=#39393A;east=#39393A,,none,stone;neutral,1,1,no,minecraft:block/chiseled_deepslate,block;cube;cube_all,minecraft:block/chiseled_deepslate,medium,
minecraft:chiseled_nether_bricks,full_cube_same_faces,full_cube,self_supporting_geometry,"Full cube [0,0,0]-[1,1,1] with same visual treatment on all six exterior faces.","Coordinates are normalized block-local [x,y,z] in 0..1, with y vertical. Occupies the entire voxel [0,0,0]-[1,1,1]. All six exterior faces are present; color differences, if any, are texture/face differences rather than geometry differences.",#31181D,49,24,29,1.000,down=#31181D;up=#31181D;north=#31181D;south=#31181D;west=#31181D;east=#31181D,,none,brick;dark,1,1,no,minecraft:block/chiseled_nether_bricks,block;cube;cube_all,minecraft:block/chiseled_nether_bricks,medium,
minecraft:chiseled_polished_blackstone,full_cube_same_faces,full_cube,self_supporting_geometry,"Full cube [0,0,0]-[1,1,1] with same visual treatment on all six exterior faces.","Coordinates are normalized block-local [x,y,z] in 0..1, with y vertical. Occupies the entire voxel [0,0,0]-[1,1,1]. All six exterior faces are present; color differences, if any, are texture/face differences rather than geometry differences.",#39353E,57,53,62,1.000,down=#39353E;up=#39353E;north=#39353E;south=#39353E;west=#39353E;east=#39353E,,none,stone;dark;neutral,1,1,no,minecraft:block/chiseled_polished_blackstone,block;cube;cube_all,minecraft:block/chiseled_polished_blackstone,medium,
minecraft:chiseled_quartz_block,full_cube_same_faces,full_cube,self_supporting_geometry,"Full cube [0,0,0]-[1,1,1] with same visual treatment on all six exterior faces.","Coordinates are normalized block-local [x,y,z] in 0..1, with y vertical. Occupies the entire voxel [0,0,0]-[1,1,1]. All six exterior faces are present; color differences, if any, are texture/face differences rather than geometry differences.",#E8E3DA,232,227,218,1.000,down=#E8E3DA;up=#E8E3DA;north=#E8E3DA;south=#E8E3DA;west=#E8E3DA;east=#E8E3DA,,none,light;neutral,1,1,no,minecraft:block/chiseled_quartz_block,block;cube;cube_column,minecraft:block/chiseled_quartz_block;minecraft:block/chiseled_quartz_block_top,medium,
minecraft:chiseled_red_sandstone,full_cube_same_faces,full_cube,self_supporting_geometry,"Full cube [0,0,0]-[1,1,1] with same visual treatment on all six exterior faces.","Coordinates are normalized block-local [x,y,z] in 0..1, with y vertical. Occupies the entire voxel [0,0,0]-[1,1,1]. All six exterior faces are present; color differences, if any, are texture/face differences rather than geometry differences.",#B7621F,183,98,31,1.000,down=#B66220;up=#B66220;north=#B8621E;south=#B8621E;west=#B8621E;east=#B8621E,,none,stone,1,1,no,minecraft:block/chiseled_red_sandstone,block;cube;cube_column,minecraft:block/chiseled_red_sandstone;minecraft:block/red_sandstone_top,medium,
minecraft:chiseled_resin_bricks,full_cube_same_faces,full_cube,self_supporting_geometry,"Full cube [0,0,0]-[1,1,1] with same visual treatment on all six exterior faces.","Coordinates are normalized block-local [x,y,z] in 0..1, with y vertical. Occupies the entire voxel [0,0,0]-[1,1,1]. All six exterior faces are present; color differences, if any, are texture/face differences rather than geometry differences.",#CB5B1D,203,91,29,1.000,down=#CB5B1D;up=#CB5B1D;north=#CB5B1D;south=#CB5B1D;west=#CB5B1D;east=#CB5B1D,,none,brick,1,1,no,minecraft:block/chiseled_resin_bricks,block;cube;cube_all,minecraft:block/chiseled_resin_bricks,medium,
minecraft:chiseled_sandstone,full_cube_different_faces,full_cube,self_supporting_geometry,"Full cube [0,0,0]-[1,1,1] with face-dependent visual treatment.","Coordinates are normalized block-local [x,y,z] in 0..1, with y vertical. Occupies the entire voxel [0,0,0]-[1,1,1]. All six exterior faces are present; color differences, if any, are texture/face differences rather than geometry differences.",#DBD0A2,219,208,162,1.000,down=#E0D6AB;up=#E0D6AB;north=#D9CC9E;south=#D9CC9E;west=#D9CC9E;east=#D9CC9E,down=#E0D6AB;up=#E0D6AB,none,stone;light,1,1,no,minecraft:block/chiseled_sandstone,block;cube;cube_column,minecraft:block/chiseled_sandstone;minecraft:block/sandstone_top,medium,
minecraft:chiseled_stone_bricks,full_cube_same_faces,full_cube,self_supporting_geometry,"Full cube [0,0,0]-[1,1,1] with same visual treatment on all six exterior faces.","Coordinates are normalized block-local [x,y,z] in 0..1, with y vertical. Occupies the entire voxel [0,0,0]-[1,1,1]. All six exterior faces are present; color differences, if any, are texture/face differences rather than geometry differences.",#7A797A,122,121,122,1.000,down=#7A797A;up=#7A797A;north=#7A797A;south=#7A797A;west=#7A797A;east=#7A797A,,none,stone;brick;neutral,1,1,no,minecraft:block/chiseled_stone_bricks,block;cube;cube_all,minecraft:block/chiseled_stone_bricks,medium,
minecraft:chiseled_tuff,full_cube_same_faces,full_cube,self_supporting_geometry,"Full cube [0,0,0]-[1,1,1] with same visual treatment on all six exterior faces.","Coordinates are normalized block-local [x,y,z] in 0..1, with y vertical. Occupies the entire voxel [0,0,0]-[1,1,1]. All six exterior faces are present; color differences, if any, are texture/face differences rather than geometry differences.",#5E625B,94,98,91,1.000,down=#61655E;up=#61655E;north=#5C615A;south=#5C615A;west=#5C615A;east=#5C615A,,none,stone;neutral,1,1,no,minecraft:block/chiseled_tuff,block;cube;cube_column,minecraft:block/chiseled_tuff;minecraft:block/chiseled_tuff_top,medium,
minecraft:chiseled_tuff_bricks,full_cube_different_faces,full_cube,self_supporting_geometry,"Full cube [0,0,0]-[1,1,1] with face-dependent visual treatment.","Coordinates are normalized block-local [x,y,z] in 0..1, with y vertical. Occupies the entire voxel [0,0,0]-[1,1,1]. All six exterior faces are present; color differences, if any, are texture/face differences rather than geometry differences.",#6A6D66,106,109,102,1.000,down=#71736C;up=#71736C;north=#666962;south=#666962;west=#666962;east=#666962,down=#71736C;up=#71736C,none,stone;brick;neutral,1,1,no,minecraft:block/chiseled_tuff_bricks,block;cube;cube_column,minecraft:block/chiseled_tuff_bricks;minecraft:block/chiseled_tuff_bricks_top,medium,
minecraft:chorus_flower,irregular_dependent,irregular_model,dependent_on_support_or_counterpart,"Irregular non-cube geometry that is expected to depend on a support block, substrate, or paired state.","Coordinates are normalized block-local [x,y,z] in 0..1, with y vertical. Irregular model geometry resolved from block models. Representative normalized cuboids/planes: minecraft:block/chorus_flower -> 6 elements: [0.125,0.875,0.125]-[0.875,1,0.875] + [0,0.125,0.125]-[0.125,0.875,0.875] + [0.125,0.125,0]-[0.875,0.875,0.125] + [0.125,0.125,0.875]-[0.875,0.875,1] + [0.875,0.125,0.125]-[1,0.875,0.875] + [0.125,0,0.125]-[0.875,0.875,0.875]. Orientation or count states rotate, swap, or combine these cuboids without making the block a full cube.",#7B637B,123,99,123,1.000,,,none,vegetation,2,6,no,minecraft:block/chorus_flower;minecraft:block/chorus_flower_dead,block;template_chorus_flower,minecraft:block/chorus_flower;minecraft:block/chorus_flower_dead;minecraft:block/chorus_plant,medium,Average color is computed across the visible model variants referenced by this block.
minecraft:chorus_plant,irregular_self_supporting,irregular_model,self_supporting_geometry,Irregular non-cube geometry that can be used as a standalone placed form.,"Coordinates are normalized block-local [x,y,z] in 0..1, with y vertical. Irregular model geometry resolved from block models. Representative normalized cuboids/planes: minecraft:block/chorus_plant_side -> 1 element: [0.25,0.25,0]-[0.75,0.75,0.25] | minecraft:block/chorus_plant_noside -> 1 element: [0.25,0.25,0.25]-[0.75,0.75,0.75] | minecraft:block/chorus_plant_noside1 -> 2 elements: [0.25,0.25,0.25]-[0.75,0.75,0.75] + [0.25,0.25,0.1875]-[0.75,0.75,0.25]. Orientation or count states rotate, swap, or combine these cuboids without making the block a full cube.",#624162,98,65,98,1.000,,,none,,5,30,yes,minecraft:block/chorus_plant_noside;minecraft:block/chorus_plant_noside1;minecraft:block/chorus_plant_noside2;minecraft:block/chorus_plant_noside3;minecraft:block/chorus_plant_side,,minecraft:block/chorus_plant,medium,Average color is computed across the visible model variants referenced by this block.
minecraft:clay,full_cube_same_faces,full_cube,self_supporting_geometry,"Full cube [0,0,0]-[1,1,1] with same visual treatment on all six exterior faces.","Coordinates are normalized block-local [x,y,z] in 0..1, with y vertical. Occupies the entire voxel [0,0,0]-[1,1,1]. All six exterior faces are present; color differences, if any, are texture/face differences rather than geometry differences.",#A1A7B4,161,167,180,1.000,down=#A1A7B4;up=#A1A7B4;north=#A1A7B4;south=#A1A7B4;west=#A1A7B4;east=#A1A7B4,,none,,1,1,no,minecraft:block/clay,block;cube;cube_all,minecraft:block/clay,medium,
minecraft:closed_eyeblossom,irregular_dependent,cross_planes,dependent_on_support_or_counterpart,"Irregular crossed flat planes with transparent cutout texture, typically plant-like and support/substrate dependent.","Coordinates are normalized block-local [x,y,z] in 0..1, with y vertical. Cross-plane geometry: two near-zero-thickness quads cross diagonally through the block center, usually spanning most of y=0..1. The visible silhouette comes from transparent texture pixels, not from cuboid volume; placement normally depends on ground or substrate support.",#766B70,118,107,112,1.000,,,none,neutral,1,1,no,minecraft:block/closed_eyeblossom,cross,minecraft:block/closed_eyeblossom,medium,
minecraft:coal_block,full_cube_same_faces,full_cube,self_supporting_geometry,"Full cube [0,0,0]-[1,1,1] with same visual treatment on all six exterior faces.","Coordinates are normalized block-local [x,y,z] in 0..1, with y vertical. Occupies the entire voxel [0,0,0]-[1,1,1]. All six exterior faces are present; color differences, if any, are texture/face differences rather than geometry differences.",#131212,19,18,18,1.000,down=#131212;up=#131212;north=#131212;south=#131212;west=#131212;east=#131212,,none,dark;neutral,1,1,no,minecraft:block/coal_block,block;cube;cube_all,minecraft:block/coal_block,medium,
minecraft:coal_ore,full_cube_same_faces,full_cube,self_supporting_geometry,"Full cube [0,0,0]-[1,1,1] with same visual treatment on all six exterior faces.","Coordinates are normalized block-local [x,y,z] in 0..1, with y vertical. Occupies the entire voxel [0,0,0]-[1,1,1]. All six exterior faces are present; color differences, if any, are texture/face differences rather than geometry differences.",#6F6F6E,111,111,110,1.000,down=#6F6F6E;up=#6F6F6E;north=#6F6F6E;south=#6F6F6E;west=#6F6F6E;east=#6F6F6E,,none,ore;neutral,1,1,no,minecraft:block/coal_ore,block;cube;cube_all,minecraft:block/coal_ore,medium,
minecraft:coarse_dirt,full_cube_same_faces,full_cube,self_supporting_geometry,"Full cube [0,0,0]-[1,1,1] with same visual treatment on all six exterior faces.","Coordinates are normalized block-local [x,y,z] in 0..1, with y vertical. Occupies the entire voxel [0,0,0]-[1,1,1]. All six exterior faces are present; color differences, if any, are texture/face differences rather than geometry differences.",#7D5A3F,125,90,63,1.000,down=#7D5A3F;up=#7D5A3F;north=#7D5A3F;south=#7D5A3F;west=#7D5A3F;east=#7D5A3F,,none,,1,1,no,minecraft:block/coarse_dirt,block;cube;cube_all,minecraft:block/coarse_dirt,medium,
minecraft:cobbled_deepslate,full_cube_same_faces,full_cube,self_supporting_geometry,"Full cube [0,0,0]-[1,1,1] with same visual treatment on all six exterior faces.","Coordinates are normalized block-local [x,y,z] in 0..1, with y vertical. Occupies the entire voxel [0,0,0]-[1,1,1]. All six exterior faces are present; color differences, if any, are texture/face differences rather than geometry differences.",#515153,81,81,83,1.000,down=#515153;up=#515153;north=#515153;south=#515153;west=#515153;east=#515153,,none,stone;neutral,1,1,no,minecraft:block/cobbled_deepslate,block;cube;cube_all,minecraft:block/cobbled_deepslate,medium,
minecraft:cobbled_deepslate_slab,slab,slab,self_supporting_geometry,Half-height or full-height rectangular prism selected by slab type.,"Coordinates are normalized block-local [x,y,z] in 0..1, with y vertical. type=bottom occupies [0,0,0]-[1,0.5,1]. type=top occupies [0,0.5,0]-[1,1,1]. type=double is a full cube [0,0,0]-[1,1,1]. Single-slab states are exactly half-height rectangular prisms.",#515153,81,81,83,1.000,,,none,stone;architectural_shape;neutral,3,3,no,minecraft:block/cobbled_deepslate;minecraft:block/cobbled_deepslate_slab;minecraft:block/cobbled_deepslate_slab_top,block;cube;cube_all;slab;slab_top,minecraft:block/cobbled_deepslate,medium,Average color is computed across the visible model variants referenced by this block.
minecraft:cobbled_deepslate_stairs,stairs,stairs,self_supporting_geometry,"Step-shaped block: half-block base plus one or more quarter/half prisms; straight, inner-corner, and outer-corner variants.","Coordinates are normalized block-local [x,y,z] in 0..1, with y vertical. Stairs are a full 1x1x1 cube with step-shaped upper/lower half removed. For half=bottom, shape=straight occupies a full bottom half [0,0,0]-[1,0.5,1] plus one upper half-prism [0.5,0.5,0]-[1,1,1] in the canonical east-facing model, so the side profile is an L and the missing volume is a 0.5x0.5x1 prism; facing rotates that prism to north/east/south/west. half=top mirrors the geometry vertically, putting the full half at y=0.5..1 and the step/void in y=0..0.5. shape=inner_left/inner_right occupies the full lower (or upper, for half=top) half plus an L-shaped pair of 0.5x0.5x1 and 0.5x0.5x0.5 upper/lower prisms, leaving exactly one 0.5x0.5x0.5 corner void; left/right chooses the corner after the facing rotation. shape=outer_left/outer_right occupies the full half plus only one 0.5x0.5x0.5 corner prism in the opposite half, leaving the other three corner quarters empty; left/right chooses the retained corner after facing rotation.",#515153,81,81,83,1.000,,,none,stone;architectural_shape;neutral,3,40,yes,minecraft:block/cobbled_deepslate_stairs;minecraft:block/cobbled_deepslate_stairs_inner;minecraft:block/cobbled_deepslate_stairs_outer,block;inner_stairs;outer_stairs;stairs,minecraft:block/cobbled_deepslate,medium,Average color is computed across the visible model variants referenced by this block.
minecraft:cobbled_deepslate_wall,coarse_wall,masonry_wall,self_supporting_geometry,Thick multipart wall: optional center post plus low/tall side arms.,"Coordinates are normalized block-local [x,y,z] in 0..1, with y vertical. Thick wall states are multipart masonry geometry. up=true adds a center post [0.25,0,0.25]-[0.75,1,0.75]. For each of north/east/south/west: value=none adds no arm; value=low adds a thick arm from the post to that face, approximately 0.375 wide, 0.5 long, and 0.875 high; value=tall uses the same footprint but rises to full height y=1. Direction values rotate the canonical north arm [0.3125,0,0]-[0.6875,0.875 or 1,0.5].",#515153,81,81,83,1.000,,,none,stone;architectural_shape;neutral,3,9,yes,minecraft:block/cobbled_deepslate_wall_post;minecraft:block/cobbled_deepslate_wall_side;minecraft:block/cobbled_deepslate_wall_side_tall,template_wall_post;template_wall_side;template_wall_side_tall,minecraft:block/cobbled_deepslate,medium,Average color is computed across the visible model variants referenced by this block.
minecraft:cobblestone,full_cube_same_faces,full_cube,self_supporting_geometry,"Full cube [0,0,0]-[1,1,1] with same visual treatment on all six exterior faces.","Coordinates are normalized block-local [x,y,z] in 0..1, with y vertical. Occupies the entire voxel [0,0,0]-[1,1,1]. All six exterior faces are present; color differences, if any, are texture/face differences rather than geometry differences.",#848384,132,131,132,1.000,down=#848384;up=#848384;north=#848384;south=#848384;west=#848384;east=#848384,,none,stone;neutral,1,1,no,minecraft:block/cobblestone,block;cube;cube_all,minecraft:block/cobblestone,medium,
minecraft:cobblestone_slab,slab,slab,self_supporting_geometry,Half-height or full-height rectangular prism selected by slab type.,"Coordinates are normalized block-local [x,y,z] in 0..1, with y vertical. type=bottom occupies [0,0,0]-[1,0.5,1]. type=top occupies [0,0.5,0]-[1,1,1]. type=double is a full cube [0,0,0]-[1,1,1]. Single-slab states are exactly half-height rectangular prisms.",#848384,132,131,132,1.000,,,none,stone;architectural_shape;neutral,3,3,no,minecraft:block/cobblestone;minecraft:block/cobblestone_slab;minecraft:block/cobblestone_slab_top,block;cube;cube_all;slab;slab_top,minecraft:block/cobblestone,medium,Average color is computed across the visible model variants referenced by this block.
minecraft:cobblestone_stairs,stairs,stairs,self_supporting_geometry,"Step-shaped block: half-block base plus one or more quarter/half prisms; straight, inner-corner, and outer-corner variants.","Coordinates are normalized block-local [x,y,z] in 0..1, with y vertical. Stairs are a full 1x1x1 cube with step-shaped upper/lower half removed. For half=bottom, shape=straight occupies a full bottom half [0,0,0]-[1,0.5,1] plus one upper half-prism [0.5,0.5,0]-[1,1,1] in the canonical east-facing model, so the side profile is an L and the missing volume is a 0.5x0.5x1 prism; facing rotates that prism to north/east/south/west. half=top mirrors the geometry vertically, putting the full half at y=0.5..1 and the step/void in y=0..0.5. shape=inner_left/inner_right occupies the full lower (or upper, for half=top) half plus an L-shaped pair of 0.5x0.5x1 and 0.5x0.5x0.5 upper/lower prisms, leaving exactly one 0.5x0.5x0.5 corner void; left/right chooses the corner after the facing rotation. shape=outer_left/outer_right occupies the full half plus only one 0.5x0.5x0.5 corner prism in the opposite half, leaving the other three corner quarters empty; left/right chooses the retained corner after facing rotation.",#848383,132,131,131,1.000,,,none,stone;architectural_shape;neutral,3,40,yes,minecraft:block/cobblestone_stairs;minecraft:block/cobblestone_stairs_inner;minecraft:block/cobblestone_stairs_outer,block;inner_stairs;outer_stairs;stairs,minecraft:block/cobblestone,medium,Average color is computed across the visible model variants referenced by this block.
minecraft:cobblestone_wall,coarse_wall,masonry_wall,self_supporting_geometry,Thick multipart wall: optional center post plus low/tall side arms.,"Coordinates are normalized block-local [x,y,z] in 0..1, with y vertical. Thick wall states are multipart masonry geometry. up=true adds a center post [0.25,0,0.25]-[0.75,1,0.75]. For each of north/east/south/west: value=none adds no arm; value=low adds a thick arm from the post to that face, approximately 0.375 wide, 0.5 long, and 0.875 high; value=tall uses the same footprint but rises to full height y=1. Direction values rotate the canonical north arm [0.3125,0,0]-[0.6875,0.875 or 1,0.5].",#848384,132,131,132,1.000,,,none,stone;architectural_shape;neutral,3,9,yes,minecraft:block/cobblestone_wall_post;minecraft:block/cobblestone_wall_side;minecraft:block/cobblestone_wall_side_tall,template_wall_post;template_wall_side;template_wall_side_tall,minecraft:block/cobblestone,medium,Average color is computed across the visible model variants referenced by this block.
minecraft:cobweb,irregular_dependent,cross_planes,dependent_on_support_or_counterpart,"Irregular crossed flat planes with transparent cutout texture, typically plant-like and support/substrate dependent.","Coordinates are normalized block-local [x,y,z] in 0..1, with y vertical. Cross-plane geometry: two near-zero-thickness quads cross diagonally through the block center, usually spanning most of y=0..1. The visible silhouette comes from transparent texture pixels, not from cuboid volume; placement normally depends on ground or substrate support.",#E6EAEB,230,234,235,1.000,,,none,light;neutral,1,1,no,minecraft:block/cobweb,cross,minecraft:block/cobweb,medium,
minecraft:cocoa,irregular_self_supporting,irregular_model,self_supporting_geometry,Irregular non-cube geometry that can be used as a standalone placed form.,"Coordinates are normalized block-local [x,y,z] in 0..1, with y vertical. Irregular model geometry resolved from block models. Representative normalized cuboids/planes: minecraft:block/cocoa_stage0 -> 2 elements: [0.375,0.4375,0.6875]-[0.625,0.75,0.9375] + [0.5,0.75,0.75]-[0.5,1,1] | minecraft:block/cocoa_stage1 -> 2 elements: [0.3125,0.3125,0.5625]-[0.6875,0.75,0.9375] + [0.5,0.75,0.75]-[0.5,1,1] | minecraft:block/cocoa_stage2 -> 2 elements: [0.25,0.1875,0.4375]-[0.75,0.75,0.9375] + [0.5,0.75,0.75]-[0.5,1,1]. Orientation or count states rotate, swap, or combine these cuboids without making the block a full cube.",#977A3D,151,122,61,1.000,,,none,,3,12,yes,minecraft:block/cocoa_stage0;minecraft:block/cocoa_stage1;minecraft:block/cocoa_stage2,,minecraft:block/cocoa_stage0;minecraft:block/cocoa_stage1;minecraft:block/cocoa_stage2,medium,Average color is computed across the visible model variants referenced by this block.
minecraft:command_block,full_cube_same_faces,full_cube,self_supporting_geometry,"Full cube [0,0,0]-[1,1,1] with same visual treatment on all six exterior faces.","Coordinates are normalized block-local [x,y,z] in 0..1, with y vertical. Occupies the entire voxel [0,0,0]-[1,1,1]. All six exterior faces are present; color differences, if any, are texture/face differences rather than geometry differences.",#B68C7B,182,140,123,1.000,down=#B68C7B;up=#B68C7B;north=#B98E7A;south=#B38B7C;west=#B68C7B;east=#B68C7B,,none,,2,12,yes,minecraft:block/command_block;minecraft:block/command_block_conditional,block;cube_directional;template_command_block,minecraft:block/command_block_back;minecraft:block/command_block_conditional;minecraft:block/command_block_front;minecraft:block/command_block_side,medium,Average color is computed across the visible model variants referenced by this block.
minecraft:comparator,irregular_dependent,irregular_model,dependent_on_support_or_counterpart,"Irregular non-cube geometry that is expected to depend on a support block, substrate, or paired state.","Coordinates are normalized block-local [x,y,z] in 0..1, with y vertical. Irregular model geometry resolved from block models. Representative normalized cuboids/planes: minecraft:block/comparator -> 4 elements: [0,0,0]-[1,0.125,1] + [0.25,0.125,0.6875]-[0.375,0.4375,0.8125] + [0.625,0.125,0.6875]-[0.75,0.4375,0.8125] + [0.4375,0.125,0.125]-[0.5625,0.3125,0.25] | minecraft:block/comparator_on -> 16 elements: [0,0,0]-[1,0.125,1] + [0.25,0.125,0.6875]-[0.375,0.4375,0.8125] + [0.4375,0.125,0.125]-[0.5625,0.3125,0.25] + [0.625,0.125,0.6875]-[0.75,0.4375,0.8125] + [0.2188,0.0938,0.6563]-[0.4063,0.2813,0.8438] + [0.2188,0.4688,0.6563]-[0.4063,0.6563,0.8438] plus 10 more cuboids/planes | minecraft:block/comparator_subtract -> 10 elements: [0,0,0]-[1,0.125,1] + [0.25,0.125,0.6875]-[0.375,0.4375,0.8125] + [0.625,0.125,0.6875]-[0.75,0.4375,0.8125] + [0.4375,0.125,0.125]-[0.5625,0.3125,0.25] + [0.4063,-0.0312,0.0938]-[0.5938,0.1563,0.2813] + [0.4063,0.3438,0.0938]-[0.5938,0.5313,0.2813] plus 4 more cuboids/planes. Orientation or count states rotate, swap, or combine these cuboids without making the block a full cube.",#AF9492,175,148,146,1.000,,,none,,4,16,yes,minecraft:block/comparator;minecraft:block/comparator_on;minecraft:block/comparator_on_subtract;minecraft:block/comparator_subtract,,minecraft:block/comparator;minecraft:block/comparator_on;minecraft:block/redstone_torch;minecraft:block/redstone_torch_off;minecraft:block/smooth_stone,medium,Average color is computed across the visible model variants referenced by this block.
minecraft:composter,irregular_self_supporting,irregular_model,self_supporting_geometry,Irregular non-cube geometry that can be used as a standalone placed form.,"Coordinates are normalized block-local [x,y,z] in 0..1, with y vertical. Irregular model geometry resolved from block models. Representative normalized cuboids/planes: minecraft:block/composter -> 5 elements: [0,0,0]-[1,0.125,1] + [0,0,0]-[0.125,1,1] + [0.875,0,0]-[1,1,1] + [0.125,0,0]-[0.875,1,0.125] + [0.125,0,0.875]-[0.875,1,1] | minecraft:block/composter_contents1 -> 1 element: [0.125,0,0.125]-[0.875,0.1875,0.875] | minecraft:block/composter_contents2 -> 1 element: [0.125,0,0.125]-[0.875,0.3125,0.875]. Orientation or count states rotate, swap, or combine these cuboids without making the block a full cube.",#634724,99,71,36,1.000,,,none,,9,9,no,minecraft:block/composter;minecraft:block/composter_contents1;minecraft:block/composter_contents2;minecraft:block/composter_contents3;minecraft:block/composter_contents4;minecraft:block/composter_contents5;minecraft:block/composter_contents6;minecraft:block/composter_contents7;minecraft:block/composter_contents_ready,block,minecraft:block/composter_bottom;minecraft:block/composter_compost;minecraft:block/composter_ready;minecraft:block/composter_side;minecraft:block/composter_top,medium,Average color is computed across the visible model variants referenced by this block.
minecraft:conduit,irregular_self_supporting,irregular_model,self_supporting_geometry,Irregular non-cube geometry that can be used as a standalone placed form.,"Coordinates are normalized block-local [x,y,z] in 0..1, with y vertical. Irregular non-cube geometry; exact visible shape is defined by the resolved block model and state-selected model variants.",#A5927A,165,146,122,1.000,,,none,,1,1,no,minecraft:block/conduit,,minecraft:block/conduit,medium,
minecraft:copper_bars,thin_wall,thin_bars,self_supporting_geometry,"Narrow multipart connector: thin post, pane, bar, fence, or gate segments.","Coordinates are normalized block-local [x,y,z] in 0..1, with y vertical. Pane/bar geometry is a thin vertical connector system. A central post/cap sits near [0.4375,0,0.4375]-[0.5625,1,0.5625]. Each north/east/south/west=true side adds a thin vertical pane/bar from the center to that face; false omits that side. Single-connection states add end caps so the exposed edge has thickness.",#9B5138,155,81,56,1.000,,,none,copper;architectural_shape,6,10,yes,minecraft:block/copper_bars_cap;minecraft:block/copper_bars_cap_alt;minecraft:block/copper_bars_post;minecraft:block/copper_bars_post_ends;minecraft:block/copper_bars_side;minecraft:block/copper_bars_side_alt,template_bars_cap;template_bars_cap_alt;template_bars_post;template_bars_post_ends;template_bars_side;template_bars_side_alt,minecraft:block/copper_bars,medium,Average color is computed across the visible model variants referenced by this block.
minecraft:copper_block,full_cube_same_faces,full_cube,self_supporting_geometry,"Full cube [0,0,0]-[1,1,1] with same visual treatment on all six exterior faces.","Coordinates are normalized block-local [x,y,z] in 0..1, with y vertical. Occupies the entire voxel [0,0,0]-[1,1,1]. All six exterior faces are present; color differences, if any, are texture/face differences rather than geometry differences.",#C26D52,194,109,82,1.000,down=#C26D52;up=#C26D52;north=#C26D52;south=#C26D52;west=#C26D52;east=#C26D52,,none,copper,1,1,no,minecraft:block/copper_block,block;cube;cube_all,minecraft:block/copper_block,medium,
minecraft:copper_bulb,full_cube_same_faces,full_cube,self_supporting_geometry,"Full cube [0,0,0]-[1,1,1] with same visual treatment on all six exterior faces.","Coordinates are normalized block-local [x,y,z] in 0..1, with y vertical. Occupies the entire voxel [0,0,0]-[1,1,1]. All six exterior faces are present; color differences, if any, are texture/face differences rather than geometry differences.",#C28561,194,133,97,1.000,down=#A45C41;up=#A45C41;north=#A45C41;south=#A45C41;west=#A45C41;east=#A45C41,,none,copper,4,4,no,minecraft:block/copper_bulb;minecraft:block/copper_bulb_lit;minecraft:block/copper_bulb_lit_powered;minecraft:block/copper_bulb_powered,block;cube;cube_all,minecraft:block/copper_bulb;minecraft:block/copper_bulb_lit;minecraft:block/copper_bulb_lit_powered;minecraft:block/copper_bulb_powered,medium,Average color is computed across the visible model variants referenced by this block.
minecraft:copper_chain,irregular_self_supporting,chain_column,self_supporting_geometry,Irregular narrow chain column assembled from small linked cuboids.,"Coordinates are normalized block-local [x,y,z] in 0..1, with y vertical. Chain geometry is a narrow linked column made from small crossed cuboids. axis=x/y/z rotates the link column along that axis, leaving most of the voxel empty.",#995138,153,81,56,1.000,,,none,copper,1,3,yes,minecraft:block/copper_chain,block;template_chain,minecraft:block/copper_chain,medium,
minecraft:copper_chest,irregular_self_supporting,irregular_model,self_supporting_geometry,Irregular non-cube geometry that can be used as a standalone placed form.,"Coordinates are normalized block-local [x,y,z] in 0..1, with y vertical. Irregular non-cube geometry; exact visible shape is defined by the resolved block model and state-selected model variants.",#C26D52,194,109,82,1.000,,,none,copper,1,1,no,minecraft:block/copper_chest,,minecraft:block/copper_block,medium,
minecraft:copper_door,irregular_dependent,hinged_panel,dependent_on_support_or_counterpart,"Irregular thin hinged panel; open/closed, half, hinge, or facing changes by state.","Coordinates are normalized block-local [x,y,z] in 0..1, with y vertical. Door-like geometry is a thin vertical panel about 0.1875 blocks thick and one block tall per half. half=lower/upper selects the lower or upper block of the two-block door. facing chooses the panel orientation, hinge selects the pivot side, and open=true rotates the panel around that hinge.",#BF6D52,191,109,82,1.000,,,none,copper,8,32,yes,minecraft:block/copper_door_bottom_left;minecraft:block/copper_door_bottom_left_open;minecraft:block/copper_door_bottom_right;minecraft:block/copper_door_bottom_right_open;minecraft:block/copper_door_top_left;minecraft:block/copper_door_top_left_open;minecraft:block/copper_door_top_right;minecraft:block/copper_door_top_right_open,door_bottom_left;door_bottom_left_open;door_bottom_right;door_bottom_right_open;door_top_left;door_top_left_open;door_top_right;door_top_right_open,minecraft:block/copper_door_bottom;minecraft:block/copper_door_top,medium,Average color is computed across the visible model variants referenced by this block.
minecraft:copper_golem_statue,irregular_self_supporting,irregular_model,self_supporting_geometry,Irregular non-cube geometry that can be used as a standalone placed form.,"Coordinates are normalized block-local [x,y,z] in 0..1, with y vertical. Irregular non-cube geometry; exact visible shape is defined by the resolved block model and state-selected model variants.",#C26D52,194,109,82,1.000,,,none,copper,1,1,no,minecraft:block/copper_golem_statue,,minecraft:block/copper_block,medium,
minecraft:copper_grate,full_cube_same_faces,full_cube,self_supporting_geometry,"Full cube [0,0,0]-[1,1,1] with same visual treatment on all six exterior faces.","Coordinates are normalized block-local [x,y,z] in 0..1, with y vertical. Occupies the entire voxel [0,0,0]-[1,1,1]. All six exterior faces are present; color differences, if any, are texture/face differences rather than geometry differences.",#C26D51,194,109,81,1.000,down=#C26D51;up=#C26D51;north=#C26D51;south=#C26D51;west=#C26D51;east=#C26D51,,none,copper,1,1,no,minecraft:block/copper_grate,block;cube;cube_all,minecraft:block/copper_grate,medium,
minecraft:copper_lantern,irregular_self_supporting,hanging_or_floor_lantern,self_supporting_geometry,Irregular non-cube geometry that can be used as a standalone placed form.,"Coordinates are normalized block-local [x,y,z] in 0..1, with y vertical. Lantern geometry is a compact cage-like light body with a small handle. hanging=false places it on the floor; hanging=true suspends it from the ceiling with the body lower in the voxel.",#A3825E,163,130,94,1.000,,,none,copper;light_source,2,2,no,minecraft:block/copper_lantern;minecraft:block/copper_lantern_hanging,block;template_hanging_lantern;template_lantern,minecraft:block/copper_lantern,medium,Average color is computed across the visible model variants referenced by this block.
minecraft:copper_ore,full_cube_same_faces,full_cube,self_supporting_geometry,"Full cube [0,0,0]-[1,1,1] with same visual treatment on all six exterior faces.","Coordinates are normalized block-local [x,y,z] in 0..1, with y vertical. Occupies the entire voxel [0,0,0]-[1,1,1]. All six exterior faces are present; color differences, if any, are texture/face differences rather than geometry differences.",#817F7A,129,127,122,1.000,down=#817F7A;up=#817F7A;north=#817F7A;south=#817F7A;west=#817F7A;east=#817F7A,,none,copper;ore;neutral,1,1,no,minecraft:block/copper_ore,block;cube;cube_all,minecraft:block/copper_ore,medium,
minecraft:copper_torch,irregular_dependent,torch_rod,dependent_on_support_or_counterpart,Irregular slim torch/rod geometry; floor or wall attachment depends on block state.,"Coordinates are normalized block-local [x,y,z] in 0..1, with y vertical. Torch-like rod geometry: floor variants use a slim vertical cuboid roughly [0.4375,0,0.4375]-[0.5625,0.625,0.5625]. Wall variants rotate/tilt this slim rod against the selected wall face, so the support face determines the attachment side.",#828261,130,130,97,1.000,,,none,copper;light_source,1,1,no,minecraft:block/copper_torch,template_torch,minecraft:block/copper_torch,medium,
minecraft:copper_trapdoor,irregular_dependent,hinged_panel,dependent_on_support_or_counterpart,"Irregular thin hinged panel; open/closed, half, hinge, or facing changes by state.","Coordinates are normalized block-local [x,y,z] in 0..1, with y vertical. Trapdoor geometry is a thin 1x1 panel about 0.1875 blocks thick. half=bottom places the closed panel at y=0..0.1875; half=top places it at y=0.8125..1. open=true rotates the same panel upright against the side chosen by facing.",#BF6B51,191,107,81,1.000,,,none,copper,3,16,yes,minecraft:block/copper_trapdoor_bottom;minecraft:block/copper_trapdoor_open;minecraft:block/copper_trapdoor_top,block;template_trapdoor_bottom;template_trapdoor_open;template_trapdoor_top;thin_block,minecraft:block/copper_trapdoor,medium,Average color is computed across the visible model variants referenced by this block.
minecraft:copper_wall_torch,irregular_dependent,torch_rod,dependent_on_support_or_counterpart,Irregular slim torch/rod geometry; floor or wall attachment depends on block state.,"Coordinates are normalized block-local [x,y,z] in 0..1, with y vertical. Torch-like rod geometry: floor variants use a slim vertical cuboid roughly [0.4375,0,0.4375]-[0.5625,0.625,0.5625]. Wall variants rotate/tilt this slim rod against the selected wall face, so the support face determines the attachment side.",#828261,130,130,97,1.000,,,none,copper;light_source,1,4,yes,minecraft:block/copper_wall_torch,template_torch_wall,minecraft:block/copper_torch,medium,
minecraft:cornflower,irregular_dependent,cross_planes,dependent_on_support_or_counterpart,"Irregular crossed flat planes with transparent cutout texture, typically plant-like and support/substrate dependent.","Coordinates are normalized block-local [x,y,z] in 0..1, with y vertical. Cross-plane geometry: two near-zero-thickness quads cross diagonally through the block center, usually spanning most of y=0..1. The visible silhouette comes from transparent texture pixels, not from cuboid volume; placement normally depends on ground or substrate support.",#547CAB,84,124,171,1.000,,,none,vegetation,1,1,no,minecraft:block/cornflower,cross,minecraft:block/cornflower,medium,
minecraft:cracked_deepslate_bricks,full_cube_same_faces,full_cube,self_supporting_geometry,"Full cube [0,0,0]-[1,1,1] with same visual treatment on all six exterior faces.","Coordinates are normalized block-local [x,y,z] in 0..1, with y vertical. Occupies the entire voxel [0,0,0]-[1,1,1]. All six exterior faces are present; color differences, if any, are texture/face differences rather than geometry differences.",#454546,69,69,70,1.000,down=#454546;up=#454546;north=#454546;south=#454546;west=#454546;east=#454546,,none,stone;brick;neutral,1,1,no,minecraft:block/cracked_deepslate_bricks,block;cube;cube_all,minecraft:block/cracked_deepslate_bricks,medium,
minecraft:cracked_deepslate_tiles,full_cube_same_faces,full_cube,self_supporting_geometry,"Full cube [0,0,0]-[1,1,1] with same visual treatment on all six exterior faces.","Coordinates are normalized block-local [x,y,z] in 0..1, with y vertical. Occupies the entire voxel [0,0,0]-[1,1,1]. All six exterior faces are present; color differences, if any, are texture/face differences rather than geometry differences.",#373737,55,55,55,1.000,down=#373737;up=#373737;north=#373737;south=#373737;west=#373737;east=#373737,,none,stone;dark;neutral,1,1,no,minecraft:block/cracked_deepslate_tiles,block;cube;cube_all,minecraft:block/cracked_deepslate_tiles,medium,
minecraft:cracked_nether_bricks,full_cube_same_faces,full_cube,self_supporting_geometry,"Full cube [0,0,0]-[1,1,1] with same visual treatment on all six exterior faces.","Coordinates are normalized block-local [x,y,z] in 0..1, with y vertical. Occupies the entire voxel [0,0,0]-[1,1,1]. All six exterior faces are present; color differences, if any, are texture/face differences rather than geometry differences.",#2B1519,43,21,25,1.000,down=#2B1519;up=#2B1519;north=#2B1519;south=#2B1519;west=#2B1519;east=#2B1519,,none,brick;dark,1,1,no,minecraft:block/cracked_nether_bricks,block;cube;cube_all,minecraft:block/cracked_nether_bricks,medium,
minecraft:cracked_polished_blackstone_bricks,full_cube_same_faces,full_cube,self_supporting_geometry,"Full cube [0,0,0]-[1,1,1] with same visual treatment on all six exterior faces.","Coordinates are normalized block-local [x,y,z] in 0..1, with y vertical. Occupies the entire voxel [0,0,0]-[1,1,1]. All six exterior faces are present; color differences, if any, are texture/face differences rather than geometry differences.",#2F2B32,47,43,50,1.000,down=#2F2B32;up=#2F2B32;north=#2F2B32;south=#2F2B32;west=#2F2B32;east=#2F2B32,,none,stone;brick;dark;neutral,1,1,no,minecraft:block/cracked_polished_blackstone_bricks,block;cube;cube_all,minecraft:block/cracked_polished_blackstone_bricks,medium,
minecraft:cracked_stone_bricks,full_cube_same_faces,full_cube,self_supporting_geometry,"Full cube [0,0,0]-[1,1,1] with same visual treatment on all six exterior faces.","Coordinates are normalized block-local [x,y,z] in 0..1, with y vertical. Occupies the entire voxel [0,0,0]-[1,1,1]. All six exterior faces are present; color differences, if any, are texture/face differences rather than geometry differences.",#787778,120,119,120,1.000,down=#787778;up=#787778;north=#787778;south=#787778;west=#787778;east=#787778,,none,stone;brick;neutral,1,1,no,minecraft:block/cracked_stone_bricks,block;cube;cube_all,minecraft:block/cracked_stone_bricks,medium,
minecraft:crafter,full_cube_different_faces,full_cube,self_supporting_geometry,"Full cube [0,0,0]-[1,1,1] with face-dependent visual treatment.","Coordinates are normalized block-local [x,y,z] in 0..1, with y vertical. Occupies the entire voxel [0,0,0]-[1,1,1]. All six exterior faces are present; color differences, if any, are texture/face differences rather than geometry differences.",#7D7166,125,113,102,1.000,down=#505050;up=#777272;north=#79736D;south=#827769;west=#8A7B69;east=#887A67,down=#505050;south=#827769;west=#8A7B69;east=#887A67,none,,4,48,yes,minecraft:block/crafter;minecraft:block/crafter_crafting;minecraft:block/crafter_crafting_triggered;minecraft:block/crafter_triggered,block;crafter;crafter_crafting;crafter_triggered,minecraft:block/crafter_bottom;minecraft:block/crafter_east;minecraft:block/crafter_east_crafting;minecraft:block/crafter_east_triggered;minecraft:block/crafter_north;minecraft:block/crafter_north_crafting;minecraft:block/crafter_south;minecraft:block/crafter_south_triggered;minecraft:block/crafter_top;minecraft:block/crafter_top_crafting;minecraft:block/crafter_top_triggered;minecraft:block/crafter_west;minecraft:block/crafter_west_crafting;minecraft:block/crafter_west_triggered,medium,Average color is computed across the visible model variants referenced by this block.
minecraft:crafting_table,full_cube_different_faces,full_cube,self_supporting_geometry,"Full cube [0,0,0]-[1,1,1] with face-dependent visual treatment.","Coordinates are normalized block-local [x,y,z] in 0..1, with y vertical. Occupies the entire voxel [0,0,0]-[1,1,1]. All six exterior faces are present; color differences, if any, are texture/face differences rather than geometry differences.",#93764F,147,118,79,1.000,down=#A58551;up=#865331;north=#937D5D;south=#90754B;west=#937D5D;east=#90754B,down=#A58551;up=#865331;south=#90754B;east=#90754B,none,,1,1,no,minecraft:block/crafting_table,block;cube,minecraft:block/crafting_table_front;minecraft:block/crafting_table_side;minecraft:block/crafting_table_top;minecraft:block/oak_planks,medium,
minecraft:creaking_heart,full_cube_different_faces,full_cube,self_supporting_geometry,"Full cube [0,0,0]-[1,1,1] with face-dependent visual treatment.","Coordinates are normalized block-local [x,y,z] in 0..1, with y vertical. Occupies the entire voxel [0,0,0]-[1,1,1]. All six exterior faces are present; color differences, if any, are texture/face differences rather than geometry differences.",#7A4E3D,122,78,61,1.000,down=#A55A35;up=#A55A35;north=#9F5A3C;south=#9F5A3C;west=#9F5A3C;east=#9F5A3C,down=#A55A35;up=#A55A35,none,,6,9,yes,minecraft:block/creaking_heart;minecraft:block/creaking_heart_awake;minecraft:block/creaking_heart_awake_horizontal;minecraft:block/creaking_heart_dormant;minecraft:block/creaking_heart_dormant_horizontal;minecraft:block/creaking_heart_horizontal,block;cube;cube_column;cube_column_horizontal,minecraft:block/creaking_heart;minecraft:block/creaking_heart_awake;minecraft:block/creaking_heart_dormant;minecraft:block/creaking_heart_top;minecraft:block/creaking_heart_top_awake;minecraft:block/creaking_heart_top_dormant,medium,Average color is computed across the visible model variants referenced by this block.
minecraft:creeper_head,entity_block,entity_renderer,entity_or_block_entity_renderer,Special renderer/entity-style block; normal model geometry is not authoritative.,"Coordinates are normalized block-local [x,y,z] in 0..1, with y vertical. This block is rendered by an entity, block entity, or special renderer rather than by a normal solid block model. Treat its world geometry as renderer-defined; this CSV intentionally does not infer a precise color or cuboid mesh from the block model.",,,,,,,,none,,1,1,no,minecraft:block/skull,,,high,Average color intentionally omitted because this is handled by entity/block-entity rendering.
minecraft:creeper_wall_head,entity_block,entity_renderer,entity_or_block_entity_renderer,Special renderer/entity-style block; normal model geometry is not authoritative.,"Coordinates are normalized block-local [x,y,z] in 0..1, with y vertical. This block is rendered by an entity, block entity, or special renderer rather than by a normal solid block model. Treat its world geometry as renderer-defined; this CSV intentionally does not infer a precise color or cuboid mesh from the block model.",,,,,,,,none,,1,1,no,minecraft:block/skull,,,high,Average color intentionally omitted because this is handled by entity/block-entity rendering.
minecraft:crimson_button,irregular_dependent,irregular_model,dependent_on_support_or_counterpart,"Irregular non-cube geometry that is expected to depend on a support block, substrate, or paired state.","Coordinates are normalized block-local [x,y,z] in 0..1, with y vertical. Button geometry is a small face-mounted cuboid. face/facing chooses the support face and orientation; powered=true uses a thinner pressed protrusion, while powered=false protrudes farther from the support surface.",#673148,103,49,72,1.000,,,none,,2,24,yes,minecraft:block/crimson_button;minecraft:block/crimson_button_pressed,button;button_pressed,minecraft:block/crimson_planks,medium,Average color is computed across the visible model variants referenced by this block.
minecraft:crimson_door,irregular_dependent,hinged_panel,dependent_on_support_or_counterpart,"Irregular thin hinged panel; open/closed, half, hinge, or facing changes by state.","Coordinates are normalized block-local [x,y,z] in 0..1, with y vertical. Door-like geometry is a thin vertical panel about 0.1875 blocks thick and one block tall per half. half=lower/upper selects the lower or upper block of the two-block door. facing chooses the panel orientation, hinge selects the pivot side, and open=true rotates the panel around that hinge.",#793952,121,57,82,1.000,,,none,,8,32,yes,minecraft:block/crimson_door_bottom_left;minecraft:block/crimson_door_bottom_left_open;minecraft:block/crimson_door_bottom_right;minecraft:block/crimson_door_bottom_right_open;minecraft:block/crimson_door_top_left;minecraft:block/crimson_door_top_left_open;minecraft:block/crimson_door_top_right;minecraft:block/crimson_door_top_right_open,door_bottom_left;door_bottom_left_open;door_bottom_right;door_bottom_right_open;door_top_left;door_top_left_open;door_top_right;door_top_right_open,minecraft:block/crimson_door_bottom;minecraft:block/crimson_door_top,medium,Average color is computed across the visible model variants referenced by this block.
minecraft:crimson_fence,thin_wall,fence,self_supporting_geometry,"Narrow multipart connector: thin post, pane, bar, fence, or gate segments.","Coordinates are normalized block-local [x,y,z] in 0..1, with y vertical. Fence geometry is multipart. The center post is [0.375,0,0.375]-[0.625,1,0.625]. Each north/east/south/west=true connector adds two narrow horizontal rails from the post toward that face: lower rail around y=0.375..0.5625 and upper rail around y=0.75..0.9375, with a 0.125-thick cross-section. false leaves that side open.",#683248,104,50,72,1.000,,,none,architectural_shape,2,5,yes,minecraft:block/crimson_fence_post;minecraft:block/crimson_fence_side,fence_post;fence_side,minecraft:block/crimson_planks,medium,Average color is computed across the visible model variants referenced by this block.
minecraft:crimson_fence_gate,thin_wall,fence_gate,self_supporting_geometry,"Narrow multipart connector: thin post, pane, bar, fence, or gate segments.","Coordinates are normalized block-local [x,y,z] in 0..1, with y vertical. Fence gate geometry is a pair of narrow side posts plus two hinged gate leaves. open=false places the leaves across the center line as a thin barrier; open=true swings the leaves back against the side posts. facing rotates the gate axis. in_wall=true lowers the posts and rails to align with coarse wall height, using the same narrow footprints but shifted downward.",#683248,104,50,72,1.000,,,none,architectural_shape,4,16,yes,minecraft:block/crimson_fence_gate;minecraft:block/crimson_fence_gate_open;minecraft:block/crimson_fence_gate_wall;minecraft:block/crimson_fence_gate_wall_open,block;template_fence_gate;template_fence_gate_open;template_fence_gate_wall;template_fence_gate_wall_open,minecraft:block/crimson_planks,medium,Average color is computed across the visible model variants referenced by this block.
minecraft:crimson_fungus,irregular_dependent,cross_planes,dependent_on_support_or_counterpart,"Irregular crossed flat planes with transparent cutout texture, typically plant-like and support/substrate dependent.","Coordinates are normalized block-local [x,y,z] in 0..1, with y vertical. Cross-plane geometry: two near-zero-thickness quads cross diagonally through the block center, usually spanning most of y=0..1. The visible silhouette comes from transparent texture pixels, not from cuboid volume; placement normally depends on ground or substrate support.",#9D3F2B,157,63,43,1.000,,,none,,1,1,no,minecraft:block/crimson_fungus,cross,minecraft:block/crimson_fungus,medium,
minecraft:crimson_hanging_sign,entity_block,entity_renderer,entity_or_block_entity_renderer,Special renderer/entity-style block; normal model geometry is not authoritative.,"Coordinates are normalized block-local [x,y,z] in 0..1, with y vertical. This block is rendered by an entity, block entity, or special renderer rather than by a normal solid block model. Treat its world geometry as renderer-defined; this CSV intentionally does not infer a precise color or cuboid mesh from the block model.",,,,,,,,none,,1,1,no,minecraft:block/crimson_hanging_sign,,,high,Average color intentionally omitted because this is handled by entity/block-entity rendering.
minecraft:crimson_hyphae,full_cube_same_faces,full_cube,self_supporting_geometry,"Full cube [0,0,0]-[1,1,1] with same visual treatment on all six exterior faces.","Coordinates are normalized block-local [x,y,z] in 0..1, with y vertical. Occupies the entire voxel [0,0,0]-[1,1,1]. All six exterior faces are present; color differences, if any, are texture/face differences rather than geometry differences.",#611D26,97,29,38,1.000,down=#611D26;up=#611D26;north=#611D26;south=#611D26;west=#611D26;east=#611D26,,none,wood;dark,1,3,yes,minecraft:block/crimson_hyphae,block;cube;cube_column,minecraft:block/crimson_stem,medium,
minecraft:crimson_nylium,full_cube_different_faces,full_cube,self_supporting_geometry,"Full cube [0,0,0]-[1,1,1] with face-dependent visual treatment.","Coordinates are normalized block-local [x,y,z] in 0..1, with y vertical. Occupies the entire voxel [0,0,0]-[1,1,1]. All six exterior faces are present; color differences, if any, are texture/face differences rather than geometry differences.",#722424,114,36,36,1.000,down=#632929;up=#852727;north=#6F2122;south=#6F2122;west=#6F2122;east=#6F2122,down=#632929;up=#852727,none,dark,1,1,no,minecraft:block/crimson_nylium,block;cube;cube_bottom_top,minecraft:block/crimson_nylium;minecraft:block/crimson_nylium_side;minecraft:block/netherrack,medium,
minecraft:crimson_planks,full_cube_same_faces,full_cube,self_supporting_geometry,"Full cube [0,0,0]-[1,1,1] with same visual treatment on all six exterior faces.","Coordinates are normalized block-local [x,y,z] in 0..1, with y vertical. Occupies the entire voxel [0,0,0]-[1,1,1]. All six exterior faces are present; color differences, if any, are texture/face differences rather than geometry differences.",#693249,105,50,73,1.000,down=#693249;up=#693249;north=#693249;south=#693249;west=#693249;east=#693249,,none,wood,1,1,no,minecraft:block/crimson_planks,block;cube;cube_all,minecraft:block/crimson_planks,medium,
minecraft:crimson_pressure_plate,irregular_dependent,irregular_model,dependent_on_support_or_counterpart,"Irregular non-cube geometry that is expected to depend on a support block, substrate, or paired state.","Coordinates are normalized block-local [x,y,z] in 0..1, with y vertical. Pressure plate geometry is a low rectangular floor plate occupying most of the x/z footprint. powered=false is slightly raised; powered=true lowers it closer to the supporting block.",#663147,102,49,71,1.000,,,none,,2,2,no,minecraft:block/crimson_pressure_plate;minecraft:block/crimson_pressure_plate_down,block;pressure_plate_down;pressure_plate_up;thin_block,minecraft:block/crimson_planks,medium,Average color is computed across the visible model variants referenced by this block.
minecraft:crimson_roots,irregular_dependent,cross_planes,dependent_on_support_or_counterpart,"Irregular crossed flat planes with transparent cutout texture, typically plant-like and support/substrate dependent.","Coordinates are normalized block-local [x,y,z] in 0..1, with y vertical. Cross-plane geometry: two near-zero-thickness quads cross diagonally through the block center, usually spanning most of y=0..1. The visible silhouette comes from transparent texture pixels, not from cuboid volume; placement normally depends on ground or substrate support.",#83092B,131,9,43,1.000,,,none,vegetation;dark,1,1,no,minecraft:block/crimson_roots,cross,minecraft:block/crimson_roots,medium,
minecraft:crimson_shelf,irregular_self_supporting,irregular_model,self_supporting_geometry,Irregular non-cube geometry that can be used as a standalone placed form.,"Coordinates are normalized block-local [x,y,z] in 0..1, with y vertical. Irregular model geometry resolved from block models. Representative normalized cuboids/planes: minecraft:block/crimson_shelf -> 3 elements: [0,0,0.8125]-[1,1,1] + [0,0,0.6875]-[1,0.25,0.8125] + [0,0.75,0.6875]-[1,1,0.8125] | minecraft:block/crimson_shelf_unpowered -> 1 element: [0,0.25,0.8125]-[1,0.75,0.8125]. Orientation or count states rotate, swap, or combine these cuboids without making the block a full cube.",#7F3351,127,51,81,1.000,,,none,,6,24,yes,minecraft:block/crimson_shelf;minecraft:block/crimson_shelf_center;minecraft:block/crimson_shelf_left;minecraft:block/crimson_shelf_right;minecraft:block/crimson_shelf_unconnected;minecraft:block/crimson_shelf_unpowered,block;template_shelf_body;template_shelf_center;template_shelf_left;template_shelf_right;template_shelf_unconnected;template_shelf_unpowered,minecraft:block/crimson_shelf,medium,Average color is computed across the visible model variants referenced by this block.
minecraft:crimson_sign,entity_block,entity_renderer,entity_or_block_entity_renderer,Special renderer/entity-style block; normal model geometry is not authoritative.,"Coordinates are normalized block-local [x,y,z] in 0..1, with y vertical. This block is rendered by an entity, block entity, or special renderer rather than by a normal solid block model. Treat its world geometry as renderer-defined; this CSV intentionally does not infer a precise color or cuboid mesh from the block model.",,,,,,,,none,,1,1,no,minecraft:block/crimson_sign,,,high,Average color intentionally omitted because this is handled by entity/block-entity rendering.
minecraft:crimson_slab,slab,slab,self_supporting_geometry,Half-height or full-height rectangular prism selected by slab type.,"Coordinates are normalized block-local [x,y,z] in 0..1, with y vertical. type=bottom occupies [0,0,0]-[1,0.5,1]. type=top occupies [0,0.5,0]-[1,1,1]. type=double is a full cube [0,0,0]-[1,1,1]. Single-slab states are exactly half-height rectangular prisms.",#693249,105,50,73,1.000,,,none,architectural_shape,3,3,no,minecraft:block/crimson_planks;minecraft:block/crimson_slab;minecraft:block/crimson_slab_top,block;cube;cube_all;slab;slab_top,minecraft:block/crimson_planks,medium,Average color is computed across the visible model variants referenced by this block.
minecraft:crimson_stairs,stairs,stairs,self_supporting_geometry,"Step-shaped block: half-block base plus one or more quarter/half prisms; straight, inner-corner, and outer-corner variants.","Coordinates are normalized block-local [x,y,z] in 0..1, with y vertical. Stairs are a full 1x1x1 cube with step-shaped upper/lower half removed. For half=bottom, shape=straight occupies a full bottom half [0,0,0]-[1,0.5,1] plus one upper half-prism [0.5,0.5,0]-[1,1,1] in the canonical east-facing model, so the side profile is an L and the missing volume is a 0.5x0.5x1 prism; facing rotates that prism to north/east/south/west. half=top mirrors the geometry vertically, putting the full half at y=0.5..1 and the step/void in y=0..0.5. shape=inner_left/inner_right occupies the full lower (or upper, for half=top) half plus an L-shaped pair of 0.5x0.5x1 and 0.5x0.5x0.5 upper/lower prisms, leaving exactly one 0.5x0.5x0.5 corner void; left/right chooses the corner after the facing rotation. shape=outer_left/outer_right occupies the full half plus only one 0.5x0.5x0.5 corner prism in the opposite half, leaving the other three corner quarters empty; left/right chooses the retained corner after facing rotation.",#693249,105,50,73,1.000,,,none,architectural_shape,3,40,yes,minecraft:block/crimson_stairs;minecraft:block/crimson_stairs_inner;minecraft:block/crimson_stairs_outer,block;inner_stairs;outer_stairs;stairs,minecraft:block/crimson_planks,medium,Average color is computed across the visible model variants referenced by this block.
minecraft:crimson_stem,full_cube_different_faces,full_cube,self_supporting_geometry,"Full cube [0,0,0]-[1,1,1] with face-dependent visual treatment.","Coordinates are normalized block-local [x,y,z] in 0..1, with y vertical. Occupies the entire voxel [0,0,0]-[1,1,1]. All six exterior faces are present; color differences, if any, are texture/face differences rather than geometry differences.",#682736,104,39,54,1.000,down=#74344B;up=#74344B;north=#611D26;south=#611D26;west=#611D26;east=#611D26,down=#74344B;up=#74344B,none,wood;dark,1,3,yes,minecraft:block/crimson_stem,block;cube;cube_column,minecraft:block/crimson_stem;minecraft:block/crimson_stem_top,medium,
minecraft:crimson_trapdoor,irregular_dependent,hinged_panel,dependent_on_support_or_counterpart,"Irregular thin hinged panel; open/closed, half, hinge, or facing changes by state.","Coordinates are normalized block-local [x,y,z] in 0..1, with y vertical. Trapdoor geometry is a thin 1x1 panel about 0.1875 blocks thick. half=bottom places the closed panel at y=0..0.1875; half=top places it at y=0.8125..1. open=true rotates the same panel upright against the side chosen by facing.",#6B344A,107,52,74,1.000,,,none,,3,16,yes,minecraft:block/crimson_trapdoor_bottom;minecraft:block/crimson_trapdoor_open;minecraft:block/crimson_trapdoor_top,block;template_orientable_trapdoor_bottom;template_orientable_trapdoor_open;template_orientable_trapdoor_top;thin_block,minecraft:block/crimson_trapdoor,medium,Average color is computed across the visible model variants referenced by this block.
minecraft:crimson_wall_hanging_sign,entity_block,entity_renderer,entity_or_block_entity_renderer,Special renderer/entity-style block; normal model geometry is not authoritative.,"Coordinates are normalized block-local [x,y,z] in 0..1, with y vertical. This block is rendered by an entity, block entity, or special renderer rather than by a normal solid block model. Treat its world geometry as renderer-defined; this CSV intentionally does not infer a precise color or cuboid mesh from the block model.",,,,,,,,none,,1,1,no,minecraft:block/crimson_hanging_sign,,,high,Average color intentionally omitted because this is handled by entity/block-entity rendering.
minecraft:crimson_wall_sign,entity_block,entity_renderer,entity_or_block_entity_renderer,Special renderer/entity-style block; normal model geometry is not authoritative.,"Coordinates are normalized block-local [x,y,z] in 0..1, with y vertical. This block is rendered by an entity, block entity, or special renderer rather than by a normal solid block model. Treat its world geometry as renderer-defined; this CSV intentionally does not infer a precise color or cuboid mesh from the block model.",,,,,,,,none,,1,1,no,minecraft:block/crimson_sign,,,high,Average color intentionally omitted because this is handled by entity/block-entity rendering.
minecraft:crying_obsidian,full_cube_same_faces,full_cube,self_supporting_geometry,"Full cube [0,0,0]-[1,1,1] with same visual treatment on all six exterior faces.","Coordinates are normalized block-local [x,y,z] in 0..1, with y vertical. Occupies the entire voxel [0,0,0]-[1,1,1]. All six exterior faces are present; color differences, if any, are texture/face differences rather than geometry differences.",#32115C,50,17,92,1.000,down=#32115C;up=#32115C;north=#32115C;south=#32115C;west=#32115C;east=#32115C,,none,dark,1,1,no,minecraft:block/crying_obsidian,block;cube;cube_all,minecraft:block/crying_obsidian,medium,
minecraft:cut_copper,full_cube_same_faces,full_cube,self_supporting_geometry,"Full cube [0,0,0]-[1,1,1] with same visual treatment on all six exterior faces.","Coordinates are normalized block-local [x,y,z] in 0..1, with y vertical. Occupies the entire voxel [0,0,0]-[1,1,1]. All six exterior faces are present; color differences, if any, are texture/face differences rather than geometry differences.",#C16D53,193,109,83,1.000,down=#C16D53;up=#C16D53;north=#C16D53;south=#C16D53;west=#C16D53;east=#C16D53,,none,copper,1,1,no,minecraft:block/cut_copper,block;cube;cube_all,minecraft:block/cut_copper,medium,
minecraft:cut_copper_slab,slab,slab,self_supporting_geometry,Half-height or full-height rectangular prism selected by slab type.,"Coordinates are normalized block-local [x,y,z] in 0..1, with y vertical. type=bottom occupies [0,0,0]-[1,0.5,1]. type=top occupies [0,0.5,0]-[1,1,1]. type=double is a full cube [0,0,0]-[1,1,1]. Single-slab states are exactly half-height rectangular prisms.",#C16D53,193,109,83,1.000,,,none,copper;architectural_shape,3,3,no,minecraft:block/cut_copper;minecraft:block/cut_copper_slab;minecraft:block/cut_copper_slab_top,block;cube;cube_all;slab;slab_top,minecraft:block/cut_copper,medium,Average color is computed across the visible model variants referenced by this block.
minecraft:cut_copper_stairs,stairs,stairs,self_supporting_geometry,"Step-shaped block: half-block base plus one or more quarter/half prisms; straight, inner-corner, and outer-corner variants.","Coordinates are normalized block-local [x,y,z] in 0..1, with y vertical. Stairs are a full 1x1x1 cube with step-shaped upper/lower half removed. For half=bottom, shape=straight occupies a full bottom half [0,0,0]-[1,0.5,1] plus one upper half-prism [0.5,0.5,0]-[1,1,1] in the canonical east-facing model, so the side profile is an L and the missing volume is a 0.5x0.5x1 prism; facing rotates that prism to north/east/south/west. half=top mirrors the geometry vertically, putting the full half at y=0.5..1 and the step/void in y=0..0.5. shape=inner_left/inner_right occupies the full lower (or upper, for half=top) half plus an L-shaped pair of 0.5x0.5x1 and 0.5x0.5x0.5 upper/lower prisms, leaving exactly one 0.5x0.5x0.5 corner void; left/right chooses the corner after the facing rotation. shape=outer_left/outer_right occupies the full half plus only one 0.5x0.5x0.5 corner prism in the opposite half, leaving the other three corner quarters empty; left/right chooses the retained corner after facing rotation.",#C16D53,193,109,83,1.000,,,none,copper;architectural_shape,3,40,yes,minecraft:block/cut_copper_stairs;minecraft:block/cut_copper_stairs_inner;minecraft:block/cut_copper_stairs_outer,block;inner_stairs;outer_stairs;stairs,minecraft:block/cut_copper,medium,Average color is computed across the visible model variants referenced by this block.
minecraft:cut_red_sandstone,full_cube_different_faces,full_cube,self_supporting_geometry,"Full cube [0,0,0]-[1,1,1] with face-dependent visual treatment.","Coordinates are normalized block-local [x,y,z] in 0..1, with y vertical. Occupies the entire voxel [0,0,0]-[1,1,1]. All six exterior faces are present; color differences, if any, are texture/face differences rather than geometry differences.",#BB6521,187,101,33,1.000,down=#B66220;up=#B66220;north=#BE6721;south=#BE6721;west=#BE6721;east=#BE6721,down=#B66220;up=#B66220,none,stone,1,1,no,minecraft:block/cut_red_sandstone,block;cube;cube_column,minecraft:block/cut_red_sandstone;minecraft:block/red_sandstone_top,medium,
minecraft:cut_red_sandstone_slab,slab,slab,self_supporting_geometry,Half-height or full-height rectangular prism selected by slab type.,"Coordinates are normalized block-local [x,y,z] in 0..1, with y vertical. type=bottom occupies [0,0,0]-[1,0.5,1]. type=top occupies [0,0.5,0]-[1,1,1]. type=double is a full cube [0,0,0]-[1,1,1]. Single-slab states are exactly half-height rectangular prisms.",#BA6521,186,101,33,1.000,,,none,stone;architectural_shape,3,3,no,minecraft:block/cut_red_sandstone;minecraft:block/cut_red_sandstone_slab;minecraft:block/cut_red_sandstone_slab_top,block;cube;cube_column;slab;slab_top,minecraft:block/cut_red_sandstone;minecraft:block/red_sandstone_top,medium,Average color is computed across the visible model variants referenced by this block.
minecraft:cut_sandstone,full_cube_different_faces,full_cube,self_supporting_geometry,"Full cube [0,0,0]-[1,1,1] with face-dependent visual treatment.","Coordinates are normalized block-local [x,y,z] in 0..1, with y vertical. Occupies the entire voxel [0,0,0]-[1,1,1]. All six exterior faces are present; color differences, if any, are texture/face differences rather than geometry differences.",#DCD2A5,220,210,165,1.000,down=#E0D6AB;up=#E0D6AB;north=#DACFA2;south=#DACFA2;west=#DACFA2;east=#DACFA2,down=#E0D6AB;up=#E0D6AB,none,stone;light,1,1,no,minecraft:block/cut_sandstone,block;cube;cube_column,minecraft:block/cut_sandstone;minecraft:block/sandstone_top,medium,
minecraft:cut_sandstone_slab,slab,slab,self_supporting_geometry,Half-height or full-height rectangular prism selected by slab type.,"Coordinates are normalized block-local [x,y,z] in 0..1, with y vertical. type=bottom occupies [0,0,0]-[1,0.5,1]. type=top occupies [0,0.5,0]-[1,1,1]. type=double is a full cube [0,0,0]-[1,1,1]. Single-slab states are exactly half-height rectangular prisms.",#DDD2A6,221,210,166,1.000,,,none,stone;architectural_shape;light,3,3,no,minecraft:block/cut_sandstone;minecraft:block/cut_sandstone_slab;minecraft:block/cut_sandstone_slab_top,block;cube;cube_column;slab;slab_top,minecraft:block/cut_sandstone;minecraft:block/sandstone_top,medium,Average color is computed across the visible model variants referenced by this block.
minecraft:cyan_banner,entity_block,entity_renderer,entity_or_block_entity_renderer,Special renderer/entity-style block; normal model geometry is not authoritative.,"Coordinates are normalized block-local [x,y,z] in 0..1, with y vertical. This block is rendered by an entity, block entity, or special renderer rather than by a normal solid block model. Treat its world geometry as renderer-defined; this CSV intentionally does not infer a precise color or cuboid mesh from the block model.",,,,,,,,none,,1,1,no,minecraft:block/banner,,,high,Average color intentionally omitted because this is handled by entity/block-entity rendering.
minecraft:cyan_bed,entity_block,entity_renderer,entity_or_block_entity_renderer,Special renderer/entity-style block; normal model geometry is not authoritative.,"Coordinates are normalized block-local [x,y,z] in 0..1, with y vertical. This block is rendered by an entity, block entity, or special renderer rather than by a normal solid block model. Treat its world geometry as renderer-defined; this CSV intentionally does not infer a precise color or cuboid mesh from the block model.",,,,,,,,none,,1,1,no,minecraft:block/bed,,,high,Average color intentionally omitted because this is handled by entity/block-entity rendering.
minecraft:cyan_candle,irregular_dependent,irregular_model,dependent_on_support_or_counterpart,"Irregular non-cube geometry that is expected to depend on a support block, substrate, or paired state.","Coordinates are normalized block-local [x,y,z] in 0..1, with y vertical. Candle geometry is one to four slim vertical candle rods on the top surface. candles=1..4 changes the number and offsets of rods; lit=true adds flame rendering without changing the wax body geometry.",#259089,37,144,137,1.000,,,none,,8,8,no,minecraft:block/cyan_candle_four_candles;minecraft:block/cyan_candle_four_candles_lit;minecraft:block/cyan_candle_one_candle;minecraft:block/cyan_candle_one_candle_lit;minecraft:block/cyan_candle_three_candles;minecraft:block/cyan_candle_three_candles_lit;minecraft:block/cyan_candle_two_candles;minecraft:block/cyan_candle_two_candles_lit,block;template_candle;template_four_candles;template_three_candles;template_two_candles,minecraft:block/cyan_candle;minecraft:block/cyan_candle_lit,medium,Average color is computed across the visible model variants referenced by this block.
minecraft:cyan_candle_cake,irregular_dependent,irregular_model,dependent_on_support_or_counterpart,"Irregular non-cube geometry that is expected to depend on a support block, substrate, or paired state.","Coordinates are normalized block-local [x,y,z] in 0..1, with y vertical. Candle geometry is one to four slim vertical candle rods on the top surface. candles=1..4 changes the number and offsets of rods; lit=true adds flame rendering without changing the wax body geometry.",#C8AEA2,200,174,162,1.000,,,none,,2,2,no,minecraft:block/cyan_candle_cake;minecraft:block/cyan_candle_cake_lit,template_cake_with_candle,minecraft:block/cake_bottom;minecraft:block/cake_side;minecraft:block/cake_top;minecraft:block/cyan_candle;minecraft:block/cyan_candle_lit,medium,Average color is computed across the visible model variants referenced by this block.
minecraft:cyan_carpet,irregular_dependent,thin_floor_layer,dependent_on_support_or_counterpart,Irregular very thin floor layer placed on a supporting surface.,"Coordinates are normalized block-local [x,y,z] in 0..1, with y vertical. Thin floor-layer geometry: a flat sheet on top of a supporting block, usually around 0.0625 block thick, occupying most or all of the x/z footprint while leaving almost the entire voxel empty.",#158A91,21,138,145,1.000,,,none,fabric,1,1,no,minecraft:block/cyan_carpet,block;carpet;thin_block,minecraft:block/cyan_wool,medium,
minecraft:cyan_concrete,full_cube_same_faces,full_cube,self_supporting_geometry,"Full cube [0,0,0]-[1,1,1] with same visual treatment on all six exterior faces.","Coordinates are normalized block-local [x,y,z] in 0..1, with y vertical. Occupies the entire voxel [0,0,0]-[1,1,1]. All six exterior faces are present; color differences, if any, are texture/face differences rather than geometry differences.",#157788,21,119,136,1.000,down=#157788;up=#157788;north=#157788;south=#157788;west=#157788;east=#157788,,none,concrete,1,1,no,minecraft:block/cyan_concrete,block;cube;cube_all,minecraft:block/cyan_concrete,medium,
minecraft:cyan_concrete_powder,full_cube_same_faces,full_cube,self_supporting_geometry,"Full cube [0,0,0]-[1,1,1] with same visual treatment on all six exterior faces.","Coordinates are normalized block-local [x,y,z] in 0..1, with y vertical. Occupies the entire voxel [0,0,0]-[1,1,1]. All six exterior faces are present; color differences, if any, are texture/face differences rather than geometry differences.",#25959D,37,149,157,1.000,down=#25959D;up=#25959D;north=#25959D;south=#25959D;west=#25959D;east=#25959D,,none,concrete,1,4,yes,minecraft:block/cyan_concrete_powder,block;cube;cube_all,minecraft:block/cyan_concrete_powder,medium,
minecraft:cyan_glazed_terracotta,full_cube_same_faces,full_cube,self_supporting_geometry,"Full cube [0,0,0]-[1,1,1] with same visual treatment on all six exterior faces.","Coordinates are normalized block-local [x,y,z] in 0..1, with y vertical. Occupies the entire voxel [0,0,0]-[1,1,1]. All six exterior faces are present; color differences, if any, are texture/face differences rather than geometry differences.",#4F8288,79,130,136,1.000,down=#4F8288;up=#4F8288;north=#4F8288;south=#4F8288;west=#4F8288;east=#4F8288,,none,ceramic,1,4,yes,minecraft:block/cyan_glazed_terracotta,block;cube;template_glazed_terracotta,minecraft:block/cyan_glazed_terracotta,medium,
minecraft:cyan_shulker_box,entity_block,entity_renderer,entity_or_block_entity_renderer,Special renderer/entity-style block; normal model geometry is not authoritative.,"Coordinates are normalized block-local [x,y,z] in 0..1, with y vertical. This block is rendered by an entity, block entity, or special renderer rather than by a normal solid block model. Treat its world geometry as renderer-defined; this CSV intentionally does not infer a precise color or cuboid mesh from the block model.",,,,,,,,none,,1,1,no,minecraft:block/cyan_shulker_box,,,high,Average color intentionally omitted because this is handled by entity/block-entity rendering.
minecraft:cyan_stained_glass,full_cube_same_faces,full_cube,self_supporting_geometry,"Full cube [0,0,0]-[1,1,1] with same visual treatment on all six exterior faces.","Coordinates are normalized block-local [x,y,z] in 0..1, with y vertical. Occupies the entire voxel [0,0,0]-[1,1,1]. All six exterior faces are present; color differences, if any, are texture/face differences rather than geometry differences.",#4C7F99,76,127,153,0.460,down=#4C7F99;up=#4C7F99;north=#4C7F99;south=#4C7F99;west=#4C7F99;east=#4C7F99,,none,glass,1,1,no,minecraft:block/cyan_stained_glass,block;cube;cube_all,minecraft:block/cyan_stained_glass,medium,
minecraft:cyan_stained_glass_pane,thin_wall,thin_pane,self_supporting_geometry,"Narrow multipart connector: thin post, pane, bar, fence, or gate segments.","Coordinates are normalized block-local [x,y,z] in 0..1, with y vertical. Pane/bar geometry is a thin vertical connector system. A central post/cap sits near [0.4375,0,0.4375]-[0.5625,1,0.5625]. Each north/east/south/west=true side adds a thin vertical pane/bar from the center to that face; false omits that side. Single-connection states add end caps so the exposed edge has thickness.",#4B7D96,75,125,150,0.575,,,none,glass;architectural_shape,5,9,yes,minecraft:block/cyan_stained_glass_pane_noside;minecraft:block/cyan_stained_glass_pane_noside_alt;minecraft:block/cyan_stained_glass_pane_post;minecraft:block/cyan_stained_glass_pane_side;minecraft:block/cyan_stained_glass_pane_side_alt,template_glass_pane_noside;template_glass_pane_noside_alt;template_glass_pane_post;template_glass_pane_side;template_glass_pane_side_alt,minecraft:block/cyan_stained_glass;minecraft:block/cyan_stained_glass_pane_top,medium,Average color is computed across the visible model variants referenced by this block.
minecraft:cyan_terracotta,full_cube_same_faces,full_cube,self_supporting_geometry,"Full cube [0,0,0]-[1,1,1] with same visual treatment on all six exterior faces.","Coordinates are normalized block-local [x,y,z] in 0..1, with y vertical. Occupies the entire voxel [0,0,0]-[1,1,1]. All six exterior faces are present; color differences, if any, are texture/face differences rather than geometry differences.",#575B5B,87,91,91,1.000,down=#575B5B;up=#575B5B;north=#575B5B;south=#575B5B;west=#575B5B;east=#575B5B,,none,ceramic;neutral,1,1,no,minecraft:block/cyan_terracotta,block;cube;cube_all,minecraft:block/cyan_terracotta,medium,
minecraft:cyan_wall_banner,entity_block,entity_renderer,entity_or_block_entity_renderer,Special renderer/entity-style block; normal model geometry is not authoritative.,"Coordinates are normalized block-local [x,y,z] in 0..1, with y vertical. This block is rendered by an entity, block entity, or special renderer rather than by a normal solid block model. Treat its world geometry as renderer-defined; this CSV intentionally does not infer a precise color or cuboid mesh from the block model.",,,,,,,,none,,1,1,no,minecraft:block/banner,,,high,Average color intentionally omitted because this is handled by entity/block-entity rendering.
minecraft:cyan_wool,full_cube_same_faces,full_cube,self_supporting_geometry,"Full cube [0,0,0]-[1,1,1] with same visual treatment on all six exterior faces.","Coordinates are normalized block-local [x,y,z] in 0..1, with y vertical. Occupies the entire voxel [0,0,0]-[1,1,1]. All six exterior faces are present; color differences, if any, are texture/face differences rather than geometry differences.",#158A91,21,138,145,1.000,down=#158A91;up=#158A91;north=#158A91;south=#158A91;west=#158A91;east=#158A91,,none,fabric,1,1,no,minecraft:block/cyan_wool,block;cube;cube_all,minecraft:block/cyan_wool,medium,
minecraft:damaged_anvil,irregular_self_supporting,anvil,self_supporting_geometry,"Irregular self-supporting anvil silhouette: broad base, narrow waist, and overhanging top.","Coordinates are normalized block-local [x,y,z] in 0..1, with y vertical. Anvil geometry is self-supporting and composed of four stacked cuboid groups: broad base [0.125,0,0.125]-[0.875,0.25,0.875], narrow lower neck around y=0.25..0.3125, central waist around [0.375,0.3125,0.25]-[0.625,0.625,0.75], and overhanging top [0.1875,0.625,0]-[0.8125,1,1]. facing rotates the long top axis.",#474747,71,71,71,1.000,,,none,neutral,1,4,yes,minecraft:block/damaged_anvil,block;template_anvil,minecraft:block/anvil;minecraft:block/damaged_anvil_top,medium,
minecraft:dandelion,irregular_dependent,cross_planes,dependent_on_support_or_counterpart,"Irregular crossed flat planes with transparent cutout texture, typically plant-like and support/substrate dependent.","Coordinates are normalized block-local [x,y,z] in 0..1, with y vertical. Cross-plane geometry: two near-zero-thickness quads cross diagonally through the block center, usually spanning most of y=0..1. The visible silhouette comes from transparent texture pixels, not from cuboid volume; placement normally depends on ground or substrate support.",#B7B435,183,180,53,1.000,,,none,,1,1,no,minecraft:block/dandelion,cross,minecraft:block/dandelion,medium,
minecraft:dark_oak_button,irregular_dependent,irregular_model,dependent_on_support_or_counterpart,"Irregular non-cube geometry that is expected to depend on a support block, substrate, or paired state.","Coordinates are normalized block-local [x,y,z] in 0..1, with y vertical. Button geometry is a small face-mounted cuboid. face/facing chooses the support face and orientation; powered=true uses a thinner pressed protrusion, while powered=false protrudes farther from the support surface.",#442C15,68,44,21,1.000,,,none,dark,2,24,yes,minecraft:block/dark_oak_button;minecraft:block/dark_oak_button_pressed,button;button_pressed,minecraft:block/dark_oak_planks,medium,Average color is computed across the visible model variants referenced by this block.
minecraft:dark_oak_door,irregular_dependent,hinged_panel,dependent_on_support_or_counterpart,"Irregular thin hinged panel; open/closed, half, hinge, or facing changes by state.","Coordinates are normalized block-local [x,y,z] in 0..1, with y vertical. Door-like geometry is a thin vertical panel about 0.1875 blocks thick and one block tall per half. half=lower/upper selects the lower or upper block of the two-block door. facing chooses the panel orientation, hinge selects the pivot side, and open=true rotates the panel around that hinge.",#4E361D,78,54,29,1.000,,,none,,8,32,yes,minecraft:block/dark_oak_door_bottom_left;minecraft:block/dark_oak_door_bottom_left_open;minecraft:block/dark_oak_door_bottom_right;minecraft:block/dark_oak_door_bottom_right_open;minecraft:block/dark_oak_door_top_left;minecraft:block/dark_oak_door_top_left_open;minecraft:block/dark_oak_door_top_right;minecraft:block/dark_oak_door_top_right_open,door_bottom_left;door_bottom_left_open;door_bottom_right;door_bottom_right_open;door_top_left;door_top_left_open;door_top_right;door_top_right_open,minecraft:block/dark_oak_door_bottom;minecraft:block/dark_oak_door_top,medium,Average color is computed across the visible model variants referenced by this block.
minecraft:dark_oak_fence,thin_wall,fence,self_supporting_geometry,"Narrow multipart connector: thin post, pane, bar, fence, or gate segments.","Coordinates are normalized block-local [x,y,z] in 0..1, with y vertical. Fence geometry is multipart. The center post is [0.375,0,0.375]-[0.625,1,0.625]. Each north/east/south/west=true connector adds two narrow horizontal rails from the post toward that face: lower rail around y=0.375..0.5625 and upper rail around y=0.75..0.9375, with a 0.125-thick cross-section. false leaves that side open.",#442C15,68,44,21,1.000,,,none,architectural_shape;dark,2,5,yes,minecraft:block/dark_oak_fence_post;minecraft:block/dark_oak_fence_side,fence_post;fence_side,minecraft:block/dark_oak_planks,medium,Average color is computed across the visible model variants referenced by this block.
minecraft:dark_oak_fence_gate,thin_wall,fence_gate,self_supporting_geometry,"Narrow multipart connector: thin post, pane, bar, fence, or gate segments.","Coordinates are normalized block-local [x,y,z] in 0..1, with y vertical. Fence gate geometry is a pair of narrow side posts plus two hinged gate leaves. open=false places the leaves across the center line as a thin barrier; open=true swings the leaves back against the side posts. facing rotates the gate axis. in_wall=true lowers the posts and rails to align with coarse wall height, using the same narrow footprints but shifted downward.",#432C14,67,44,20,1.000,,,none,architectural_shape;dark,4,16,yes,minecraft:block/dark_oak_fence_gate;minecraft:block/dark_oak_fence_gate_open;minecraft:block/dark_oak_fence_gate_wall;minecraft:block/dark_oak_fence_gate_wall_open,block;template_fence_gate;template_fence_gate_open;template_fence_gate_wall;template_fence_gate_wall_open,minecraft:block/dark_oak_planks,medium,Average color is computed across the visible model variants referenced by this block.
minecraft:dark_oak_hanging_sign,entity_block,entity_renderer,entity_or_block_entity_renderer,Special renderer/entity-style block; normal model geometry is not authoritative.,"Coordinates are normalized block-local [x,y,z] in 0..1, with y vertical. This block is rendered by an entity, block entity, or special renderer rather than by a normal solid block model. Treat its world geometry as renderer-defined; this CSV intentionally does not infer a precise color or cuboid mesh from the block model.",,,,,,,,none,,1,1,no,minecraft:block/dark_oak_hanging_sign,,,high,Average color intentionally omitted because this is handled by entity/block-entity rendering.
minecraft:dark_oak_leaves,full_cube_same_faces,full_cube,self_supporting_geometry,"Full cube [0,0,0]-[1,1,1] with same visual treatment on all six exterior faces.","Coordinates are normalized block-local [x,y,z] in 0..1, with y vertical. Occupies the entire voxel [0,0,0]-[1,1,1]. All six exterior faces are present; color differences, if any, are texture/face differences rather than geometry differences.",#48681C,72,104,28,1.000,down=#48681C;up=#48681C;north=#48681C;south=#48681C;west=#48681C;east=#48681C,,plains_foliage,vegetation,1,1,no,minecraft:block/dark_oak_leaves,block;leaves,minecraft:block/dark_oak_leaves,medium,Tinted textures use the plains biome approximation for color averaging.
minecraft:dark_oak_log,full_cube_different_faces,full_cube,self_supporting_geometry,"Full cube [0,0,0]-[1,1,1] with face-dependent visual treatment.","Coordinates are normalized block-local [x,y,z] in 0..1, with y vertical. Occupies the entire voxel [0,0,0]-[1,1,1]. All six exterior faces are present; color differences, if any, are texture/face differences rather than geometry differences.",#402F1A,64,47,26,1.000,down=#452E17;up=#452E17;north=#3E301B;south=#3E301B;west=#3E301B;east=#3E301B,down=#452E17;up=#452E17,none,wood;dark,2,3,yes,minecraft:block/dark_oak_log;minecraft:block/dark_oak_log_horizontal,block;cube;cube_column;cube_column_horizontal,minecraft:block/dark_oak_log;minecraft:block/dark_oak_log_top,medium,Average color is computed across the visible model variants referenced by this block.
minecraft:dark_oak_planks,full_cube_same_faces,full_cube,self_supporting_geometry,"Full cube [0,0,0]-[1,1,1] with same visual treatment on all six exterior faces.","Coordinates are normalized block-local [x,y,z] in 0..1, with y vertical. Occupies the entire voxel [0,0,0]-[1,1,1]. All six exterior faces are present; color differences, if any, are texture/face differences rather than geometry differences.",#442C15,68,44,21,1.000,down=#442C15;up=#442C15;north=#442C15;south=#442C15;west=#442C15;east=#442C15,,none,wood;dark,1,1,no,minecraft:block/dark_oak_planks,block;cube;cube_all,minecraft:block/dark_oak_planks,medium,
minecraft:dark_oak_pressure_plate,irregular_dependent,irregular_model,dependent_on_support_or_counterpart,"Irregular non-cube geometry that is expected to depend on a support block, substrate, or paired state.","Coordinates are normalized block-local [x,y,z] in 0..1, with y vertical. Pressure plate geometry is a low rectangular floor plate occupying most of the x/z footprint. powered=false is slightly raised; powered=true lowers it closer to the supporting block.",#432B14,67,43,20,1.000,,,none,dark,2,2,no,minecraft:block/dark_oak_pressure_plate;minecraft:block/dark_oak_pressure_plate_down,block;pressure_plate_down;pressure_plate_up;thin_block,minecraft:block/dark_oak_planks,medium,Average color is computed across the visible model variants referenced by this block.
minecraft:dark_oak_sapling,irregular_dependent,cross_planes,dependent_on_support_or_counterpart,"Irregular crossed flat planes with transparent cutout texture, typically plant-like and support/substrate dependent.","Coordinates are normalized block-local [x,y,z] in 0..1, with y vertical. Cross-plane geometry: two near-zero-thickness quads cross diagonally through the block center, usually spanning most of y=0..1. The visible silhouette comes from transparent texture pixels, not from cuboid volume; placement normally depends on ground or substrate support.",#486223,72,98,35,1.000,,,none,,1,1,no,minecraft:block/dark_oak_sapling,cross,minecraft:block/dark_oak_sapling,medium,
minecraft:dark_oak_shelf,irregular_self_supporting,irregular_model,self_supporting_geometry,Irregular non-cube geometry that can be used as a standalone placed form.,"Coordinates are normalized block-local [x,y,z] in 0..1, with y vertical. Irregular model geometry resolved from block models. Representative normalized cuboids/planes: minecraft:block/dark_oak_shelf -> 3 elements: [0,0,0.8125]-[1,1,1] + [0,0,0.6875]-[1,0.25,0.8125] + [0,0.75,0.6875]-[1,1,0.8125] | minecraft:block/dark_oak_shelf_unpowered -> 1 element: [0,0.25,0.8125]-[1,0.75,0.8125]. Orientation or count states rotate, swap, or combine these cuboids without making the block a full cube.",#413321,65,51,33,1.000,,,none,dark,6,24,yes,minecraft:block/dark_oak_shelf;minecraft:block/dark_oak_shelf_center;minecraft:block/dark_oak_shelf_left;minecraft:block/dark_oak_shelf_right;minecraft:block/dark_oak_shelf_unconnected;minecraft:block/dark_oak_shelf_unpowered,block;template_shelf_body;template_shelf_center;template_shelf_left;template_shelf_right;template_shelf_unconnected;template_shelf_unpowered,minecraft:block/dark_oak_shelf,medium,Average color is computed across the visible model variants referenced by this block.
minecraft:dark_oak_sign,entity_block,entity_renderer,entity_or_block_entity_renderer,Special renderer/entity-style block; normal model geometry is not authoritative.,"Coordinates are normalized block-local [x,y,z] in 0..1, with y vertical. This block is rendered by an entity, block entity, or special renderer rather than by a normal solid block model. Treat its world geometry as renderer-defined; this CSV intentionally does not infer a precise color or cuboid mesh from the block model.",,,,,,,,none,,1,1,no,minecraft:block/dark_oak_sign,,,high,Average color intentionally omitted because this is handled by entity/block-entity rendering.
minecraft:dark_oak_slab,slab,slab,self_supporting_geometry,Half-height or full-height rectangular prism selected by slab type.,"Coordinates are normalized block-local [x,y,z] in 0..1, with y vertical. type=bottom occupies [0,0,0]-[1,0.5,1]. type=top occupies [0,0.5,0]-[1,1,1]. type=double is a full cube [0,0,0]-[1,1,1]. Single-slab states are exactly half-height rectangular prisms.",#442C15,68,44,21,1.000,,,none,architectural_shape;dark,3,3,no,minecraft:block/dark_oak_planks;minecraft:block/dark_oak_slab;minecraft:block/dark_oak_slab_top,block;cube;cube_all;slab;slab_top,minecraft:block/dark_oak_planks,medium,Average color is computed across the visible model variants referenced by this block.
minecraft:dark_oak_stairs,stairs,stairs,self_supporting_geometry,"Step-shaped block: half-block base plus one or more quarter/half prisms; straight, inner-corner, and outer-corner variants.","Coordinates are normalized block-local [x,y,z] in 0..1, with y vertical. Stairs are a full 1x1x1 cube with step-shaped upper/lower half removed. For half=bottom, shape=straight occupies a full bottom half [0,0,0]-[1,0.5,1] plus one upper half-prism [0.5,0.5,0]-[1,1,1] in the canonical east-facing model, so the side profile is an L and the missing volume is a 0.5x0.5x1 prism; facing rotates that prism to north/east/south/west. half=top mirrors the geometry vertically, putting the full half at y=0.5..1 and the step/void in y=0..0.5. shape=inner_left/inner_right occupies the full lower (or upper, for half=top) half plus an L-shaped pair of 0.5x0.5x1 and 0.5x0.5x0.5 upper/lower prisms, leaving exactly one 0.5x0.5x0.5 corner void; left/right chooses the corner after the facing rotation. shape=outer_left/outer_right occupies the full half plus only one 0.5x0.5x0.5 corner prism in the opposite half, leaving the other three corner quarters empty; left/right chooses the retained corner after facing rotation.",#442C15,68,44,21,1.000,,,none,architectural_shape;dark,3,40,yes,minecraft:block/dark_oak_stairs;minecraft:block/dark_oak_stairs_inner;minecraft:block/dark_oak_stairs_outer,block;inner_stairs;outer_stairs;stairs,minecraft:block/dark_oak_planks,medium,Average color is computed across the visible model variants referenced by this block.
minecraft:dark_oak_trapdoor,irregular_dependent,hinged_panel,dependent_on_support_or_counterpart,"Irregular thin hinged panel; open/closed, half, hinge, or facing changes by state.","Coordinates are normalized block-local [x,y,z] in 0..1, with y vertical. Trapdoor geometry is a thin 1x1 panel about 0.1875 blocks thick. half=bottom places the closed panel at y=0..0.1875; half=top places it at y=0.8125..1. open=true rotates the same panel upright against the side chosen by facing.",#503519,80,53,25,1.000,,,none,,3,16,yes,minecraft:block/dark_oak_trapdoor_bottom;minecraft:block/dark_oak_trapdoor_open;minecraft:block/dark_oak_trapdoor_top,block;template_trapdoor_bottom;template_trapdoor_open;template_trapdoor_top;thin_block,minecraft:block/dark_oak_trapdoor,medium,Average color is computed across the visible model variants referenced by this block.
minecraft:dark_oak_wall_hanging_sign,entity_block,entity_renderer,entity_or_block_entity_renderer,Special renderer/entity-style block; normal model geometry is not authoritative.,"Coordinates are normalized block-local [x,y,z] in 0..1, with y vertical. This block is rendered by an entity, block entity, or special renderer rather than by a normal solid block model. Treat its world geometry as renderer-defined; this CSV intentionally does not infer a precise color or cuboid mesh from the block model.",,,,,,,,none,,1,1,no,minecraft:block/dark_oak_hanging_sign,,,high,Average color intentionally omitted because this is handled by entity/block-entity rendering.
minecraft:dark_oak_wall_sign,entity_block,entity_renderer,entity_or_block_entity_renderer,Special renderer/entity-style block; normal model geometry is not authoritative.,"Coordinates are normalized block-local [x,y,z] in 0..1, with y vertical. This block is rendered by an entity, block entity, or special renderer rather than by a normal solid block model. Treat its world geometry as renderer-defined; this CSV intentionally does not infer a precise color or cuboid mesh from the block model.",,,,,,,,none,,1,1,no,minecraft:block/dark_oak_sign,,,high,Average color intentionally omitted because this is handled by entity/block-entity rendering.
minecraft:dark_oak_wood,full_cube_same_faces,full_cube,self_supporting_geometry,"Full cube [0,0,0]-[1,1,1] with same visual treatment on all six exterior faces.","Coordinates are normalized block-local [x,y,z] in 0..1, with y vertical. Occupies the entire voxel [0,0,0]-[1,1,1]. All six exterior faces are present; color differences, if any, are texture/face differences rather than geometry differences.",#3E301B,62,48,27,1.000,down=#3E301B;up=#3E301B;north=#3E301B;south=#3E301B;west=#3E301B;east=#3E301B,,none,wood;dark,1,3,yes,minecraft:block/dark_oak_wood,block;cube;cube_column,minecraft:block/dark_oak_log,medium,
minecraft:dark_prismarine,full_cube_same_faces,full_cube,self_supporting_geometry,"Full cube [0,0,0]-[1,1,1] with same visual treatment on all six exterior faces.","Coordinates are normalized block-local [x,y,z] in 0..1, with y vertical. Occupies the entire voxel [0,0,0]-[1,1,1]. All six exterior faces are present; color differences, if any, are texture/face differences rather than geometry differences.",#355F4E,53,95,78,1.000,down=#355F4E;up=#355F4E;north=#355F4E;south=#355F4E;west=#355F4E;east=#355F4E,,none,,1,1,no,minecraft:block/dark_prismarine,block;cube;cube_all,minecraft:block/dark_prismarine,medium,
minecraft:dark_prismarine_slab,slab,slab,self_supporting_geometry,Half-height or full-height rectangular prism selected by slab type.,"Coordinates are normalized block-local [x,y,z] in 0..1, with y vertical. type=bottom occupies [0,0,0]-[1,0.5,1]. type=top occupies [0,0.5,0]-[1,1,1]. type=double is a full cube [0,0,0]-[1,1,1]. Single-slab states are exactly half-height rectangular prisms.",#355F4E,53,95,78,1.000,,,none,architectural_shape,3,3,no,minecraft:block/dark_prismarine;minecraft:block/dark_prismarine_slab;minecraft:block/dark_prismarine_slab_top,block;cube;cube_all;slab;slab_top,minecraft:block/dark_prismarine,medium,Average color is computed across the visible model variants referenced by this block.
minecraft:dark_prismarine_stairs,stairs,stairs,self_supporting_geometry,"Step-shaped block: half-block base plus one or more quarter/half prisms; straight, inner-corner, and outer-corner variants.","Coordinates are normalized block-local [x,y,z] in 0..1, with y vertical. Stairs are a full 1x1x1 cube with step-shaped upper/lower half removed. For half=bottom, shape=straight occupies a full bottom half [0,0,0]-[1,0.5,1] plus one upper half-prism [0.5,0.5,0]-[1,1,1] in the canonical east-facing model, so the side profile is an L and the missing volume is a 0.5x0.5x1 prism; facing rotates that prism to north/east/south/west. half=top mirrors the geometry vertically, putting the full half at y=0.5..1 and the step/void in y=0..0.5. shape=inner_left/inner_right occupies the full lower (or upper, for half=top) half plus an L-shaped pair of 0.5x0.5x1 and 0.5x0.5x0.5 upper/lower prisms, leaving exactly one 0.5x0.5x0.5 corner void; left/right chooses the corner after the facing rotation. shape=outer_left/outer_right occupies the full half plus only one 0.5x0.5x0.5 corner prism in the opposite half, leaving the other three corner quarters empty; left/right chooses the retained corner after facing rotation.",#355F4E,53,95,78,1.000,,,none,architectural_shape,3,40,yes,minecraft:block/dark_prismarine_stairs;minecraft:block/dark_prismarine_stairs_inner;minecraft:block/dark_prismarine_stairs_outer,block;inner_stairs;outer_stairs;stairs,minecraft:block/dark_prismarine,medium,Average color is computed across the visible model variants referenced by this block.
minecraft:daylight_detector,irregular_self_supporting,irregular_model,self_supporting_geometry,Irregular non-cube geometry that can be used as a standalone placed form.,"Coordinates are normalized block-local [x,y,z] in 0..1, with y vertical. Irregular model geometry resolved from block models. Representative normalized cuboids/planes: minecraft:block/daylight_detector -> 1 element: [0,0,0]-[1,0.375,1]. Orientation or count states rotate, swap, or combine these cuboids without making the block a full cube.",#5E564E,94,86,78,1.000,,,none,neutral,2,2,no,minecraft:block/daylight_detector;minecraft:block/daylight_detector_inverted,block;template_daylight_detector;thin_block,minecraft:block/daylight_detector_inverted_top;minecraft:block/daylight_detector_side;minecraft:block/daylight_detector_top,medium,Average color is computed across the visible model variants referenced by this block.
minecraft:dead_brain_coral,irregular_dependent,cross_planes,dependent_on_support_or_counterpart,"Irregular crossed flat planes with transparent cutout texture, typically plant-like and support/substrate dependent.","Coordinates are normalized block-local [x,y,z] in 0..1, with y vertical. Cross-plane geometry: two near-zero-thickness quads cross diagonally through the block center, usually spanning most of y=0..1. The visible silhouette comes from transparent texture pixels, not from cuboid volume; placement normally depends on ground or substrate support.",#877F7B,135,127,123,1.000,,,none,neutral,1,1,no,minecraft:block/dead_brain_coral,cross,minecraft:block/dead_brain_coral,medium,
minecraft:dead_brain_coral_block,full_cube_same_faces,full_cube,self_supporting_geometry,"Full cube [0,0,0]-[1,1,1] with same visual treatment on all six exterior faces.","Coordinates are normalized block-local [x,y,z] in 0..1, with y vertical. Occupies the entire voxel [0,0,0]-[1,1,1]. All six exterior faces are present; color differences, if any, are texture/face differences rather than geometry differences.",#7F7874,127,120,116,1.000,down=#7F7874;up=#7F7874;north=#7F7874;south=#7F7874;west=#7F7874;east=#7F7874,,none,neutral,1,1,no,minecraft:block/dead_brain_coral_block,block;cube;cube_all,minecraft:block/dead_brain_coral_block,medium,
minecraft:dead_brain_coral_fan,irregular_dependent,irregular_model,dependent_on_support_or_counterpart,"Irregular non-cube geometry that is expected to depend on a support block, substrate, or paired state.","Coordinates are normalized block-local [x,y,z] in 0..1, with y vertical. Coral/fan geometry uses thin organic planes or small branch-like cuboids. Floor fan variants stand on the block top; wall fan variants mount as a thin sheet on the chosen wall face.",#87807C,135,128,124,1.000,,,none,neutral,1,1,no,minecraft:block/dead_brain_coral_fan,coral_fan,minecraft:block/dead_brain_coral_fan,medium,
minecraft:dead_brain_coral_wall_fan,irregular_dependent,irregular_model,dependent_on_support_or_counterpart,"Irregular non-cube geometry that is expected to depend on a support block, substrate, or paired state.","Coordinates are normalized block-local [x,y,z] in 0..1, with y vertical. Coral/fan geometry uses thin organic planes or small branch-like cuboids. Floor fan variants stand on the block top; wall fan variants mount as a thin sheet on the chosen wall face.",#87807C,135,128,124,1.000,,,none,neutral,1,4,yes,minecraft:block/dead_brain_coral_wall_fan,coral_wall_fan,minecraft:block/dead_brain_coral_fan,medium,
minecraft:dead_bubble_coral,irregular_dependent,cross_planes,dependent_on_support_or_counterpart,"Irregular crossed flat planes with transparent cutout texture, typically plant-like and support/substrate dependent.","Coordinates are normalized block-local [x,y,z] in 0..1, with y vertical. Cross-plane geometry: two near-zero-thickness quads cross diagonally through the block center, usually spanning most of y=0..1. The visible silhouette comes from transparent texture pixels, not from cuboid volume; placement normally depends on ground or substrate support.",#877F7B,135,127,123,1.000,,,none,neutral,1,1,no,minecraft:block/dead_bubble_coral,cross,minecraft:block/dead_bubble_coral,medium,
minecraft:dead_bubble_coral_block,full_cube_same_faces,full_cube,self_supporting_geometry,"Full cube [0,0,0]-[1,1,1] with same visual treatment on all six exterior faces.","Coordinates are normalized block-local [x,y,z] in 0..1, with y vertical. Occupies the entire voxel [0,0,0]-[1,1,1]. All six exterior faces are present; color differences, if any, are texture/face differences rather than geometry differences.",#857D79,133,125,121,1.000,down=#857D79;up=#857D79;north=#857D79;south=#857D79;west=#857D79;east=#857D79,,none,neutral,1,1,no,minecraft:block/dead_bubble_coral_block,block;cube;cube_all,minecraft:block/dead_bubble_coral_block,medium,
minecraft:dead_bubble_coral_fan,irregular_dependent,irregular_model,dependent_on_support_or_counterpart,"Irregular non-cube geometry that is expected to depend on a support block, substrate, or paired state.","Coordinates are normalized block-local [x,y,z] in 0..1, with y vertical. Coral/fan geometry uses thin organic planes or small branch-like cuboids. Floor fan variants stand on the block top; wall fan variants mount as a thin sheet on the chosen wall face.",#8F8985,143,137,133,1.000,,,none,neutral,1,1,no,minecraft:block/dead_bubble_coral_fan,coral_fan,minecraft:block/dead_bubble_coral_fan,medium,
minecraft:dead_bubble_coral_wall_fan,irregular_dependent,irregular_model,dependent_on_support_or_counterpart,"Irregular non-cube geometry that is expected to depend on a support block, substrate, or paired state.","Coordinates are normalized block-local [x,y,z] in 0..1, with y vertical. Coral/fan geometry uses thin organic planes or small branch-like cuboids. Floor fan variants stand on the block top; wall fan variants mount as a thin sheet on the chosen wall face.",#8F8985,143,137,133,1.000,,,none,neutral,1,4,yes,minecraft:block/dead_bubble_coral_wall_fan,coral_wall_fan,minecraft:block/dead_bubble_coral_fan,medium,
minecraft:dead_bush,irregular_dependent,cross_planes,dependent_on_support_or_counterpart,"Irregular crossed flat planes with transparent cutout texture, typically plant-like and support/substrate dependent.","Coordinates are normalized block-local [x,y,z] in 0..1, with y vertical. Cross-plane geometry: two near-zero-thickness quads cross diagonally through the block center, usually spanning most of y=0..1. The visible silhouette comes from transparent texture pixels, not from cuboid volume; placement normally depends on ground or substrate support.",#705129,112,81,41,1.000,,,none,,1,1,no,minecraft:block/dead_bush,cross,minecraft:block/dead_bush,medium,
minecraft:dead_fire_coral,irregular_dependent,cross_planes,dependent_on_support_or_counterpart,"Irregular crossed flat planes with transparent cutout texture, typically plant-like and support/substrate dependent.","Coordinates are normalized block-local [x,y,z] in 0..1, with y vertical. Cross-plane geometry: two near-zero-thickness quads cross diagonally through the block center, usually spanning most of y=0..1. The visible silhouette comes from transparent texture pixels, not from cuboid volume; placement normally depends on ground or substrate support.",#8A827E,138,130,126,1.000,,,none,neutral,1,1,no,minecraft:block/dead_fire_coral,cross,minecraft:block/dead_fire_coral,medium,
minecraft:dead_fire_coral_block,full_cube_same_faces,full_cube,self_supporting_geometry,"Full cube [0,0,0]-[1,1,1] with same visual treatment on all six exterior faces.","Coordinates are normalized block-local [x,y,z] in 0..1, with y vertical. Occupies the entire voxel [0,0,0]-[1,1,1]. All six exterior faces are present; color differences, if any, are texture/face differences rather than geometry differences.",#857E79,133,126,121,1.000,down=#857E79;up=#857E79;north=#857E79;south=#857E79;west=#857E79;east=#857E79,,none,neutral,1,1,no,minecraft:block/dead_fire_coral_block,block;cube;cube_all,minecraft:block/dead_fire_coral_block,medium,
minecraft:dead_fire_coral_fan,irregular_dependent,irregular_model,dependent_on_support_or_counterpart,"Irregular non-cube geometry that is expected to depend on a support block, substrate, or paired state.","Coordinates are normalized block-local [x,y,z] in 0..1, with y vertical. Coral/fan geometry uses thin organic planes or small branch-like cuboids. Floor fan variants stand on the block top; wall fan variants mount as a thin sheet on the chosen wall face.",#807975,128,121,117,1.000,,,none,neutral,1,1,no,minecraft:block/dead_fire_coral_fan,coral_fan,minecraft:block/dead_fire_coral_fan,medium,
minecraft:dead_fire_coral_wall_fan,irregular_dependent,irregular_model,dependent_on_support_or_counterpart,"Irregular non-cube geometry that is expected to depend on a support block, substrate, or paired state.","Coordinates are normalized block-local [x,y,z] in 0..1, with y vertical. Coral/fan geometry uses thin organic planes or small branch-like cuboids. Floor fan variants stand on the block top; wall fan variants mount as a thin sheet on the chosen wall face.",#807975,128,121,117,1.000,,,none,neutral,1,4,yes,minecraft:block/dead_fire_coral_wall_fan,coral_wall_fan,minecraft:block/dead_fire_coral_fan,medium,
minecraft:dead_horn_coral,irregular_dependent,cross_planes,dependent_on_support_or_counterpart,"Irregular crossed flat planes with transparent cutout texture, typically plant-like and support/substrate dependent.","Coordinates are normalized block-local [x,y,z] in 0..1, with y vertical. Cross-plane geometry: two near-zero-thickness quads cross diagonally through the block center, usually spanning most of y=0..1. The visible silhouette comes from transparent texture pixels, not from cuboid volume; placement normally depends on ground or substrate support.",#8F8883,143,136,131,1.000,,,none,neutral,1,1,no,minecraft:block/dead_horn_coral,cross,minecraft:block/dead_horn_coral,medium,
minecraft:dead_horn_coral_block,full_cube_same_faces,full_cube,self_supporting_geometry,"Full cube [0,0,0]-[1,1,1] with same visual treatment on all six exterior faces.","Coordinates are normalized block-local [x,y,z] in 0..1, with y vertical. Occupies the entire voxel [0,0,0]-[1,1,1]. All six exterior faces are present; color differences, if any, are texture/face differences rather than geometry differences.",#88817D,136,129,125,1.000,down=#88817D;up=#88817D;north=#88817D;south=#88817D;west=#88817D;east=#88817D,,none,neutral,1,1,no,minecraft:block/dead_horn_coral_block,block;cube;cube_all,minecraft:block/dead_horn_coral_block,medium,
minecraft:dead_horn_coral_fan,irregular_dependent,irregular_model,dependent_on_support_or_counterpart,"Irregular non-cube geometry that is expected to depend on a support block, substrate, or paired state.","Coordinates are normalized block-local [x,y,z] in 0..1, with y vertical. Coral/fan geometry uses thin organic planes or small branch-like cuboids. Floor fan variants stand on the block top; wall fan variants mount as a thin sheet on the chosen wall face.",#88807B,136,128,123,1.000,,,none,neutral,1,1,no,minecraft:block/dead_horn_coral_fan,coral_fan,minecraft:block/dead_horn_coral_fan,medium,
minecraft:dead_horn_coral_wall_fan,irregular_dependent,irregular_model,dependent_on_support_or_counterpart,"Irregular non-cube geometry that is expected to depend on a support block, substrate, or paired state.","Coordinates are normalized block-local [x,y,z] in 0..1, with y vertical. Coral/fan geometry uses thin organic planes or small branch-like cuboids. Floor fan variants stand on the block top; wall fan variants mount as a thin sheet on the chosen wall face.",#88807B,136,128,123,1.000,,,none,neutral,1,4,yes,minecraft:block/dead_horn_coral_wall_fan,coral_wall_fan,minecraft:block/dead_horn_coral_fan,medium,
minecraft:dead_tube_coral,irregular_dependent,cross_planes,dependent_on_support_or_counterpart,"Irregular crossed flat planes with transparent cutout texture, typically plant-like and support/substrate dependent.","Coordinates are normalized block-local [x,y,z] in 0..1, with y vertical. Cross-plane geometry: two near-zero-thickness quads cross diagonally through the block center, usually spanning most of y=0..1. The visible silhouette comes from transparent texture pixels, not from cuboid volume; placement normally depends on ground or substrate support.",#78716E,120,113,110,1.000,,,none,neutral,1,1,no,minecraft:block/dead_tube_coral,cross,minecraft:block/dead_tube_coral,medium,
minecraft:dead_tube_coral_block,full_cube_same_faces,full_cube,self_supporting_geometry,"Full cube [0,0,0]-[1,1,1] with same visual treatment on all six exterior faces.","Coordinates are normalized block-local [x,y,z] in 0..1, with y vertical. Occupies the entire voxel [0,0,0]-[1,1,1]. All six exterior faces are present; color differences, if any, are texture/face differences rather than geometry differences.",#857D7A,133,125,122,1.000,down=#857D7A;up=#857D7A;north=#857D7A;south=#857D7A;west=#857D7A;east=#857D7A,,none,neutral,1,1,no,minecraft:block/dead_tube_coral_block,block;cube;cube_all,minecraft:block/dead_tube_coral_block,medium,
minecraft:dead_tube_coral_fan,irregular_dependent,irregular_model,dependent_on_support_or_counterpart,"Irregular non-cube geometry that is expected to depend on a support block, substrate, or paired state.","Coordinates are normalized block-local [x,y,z] in 0..1, with y vertical. Coral/fan geometry uses thin organic planes or small branch-like cuboids. Floor fan variants stand on the block top; wall fan variants mount as a thin sheet on the chosen wall face.",#837D79,131,125,121,1.000,,,none,neutral,1,1,no,minecraft:block/dead_tube_coral_fan,coral_fan,minecraft:block/dead_tube_coral_fan,medium,
minecraft:dead_tube_coral_wall_fan,irregular_dependent,irregular_model,dependent_on_support_or_counterpart,"Irregular non-cube geometry that is expected to depend on a support block, substrate, or paired state.","Coordinates are normalized block-local [x,y,z] in 0..1, with y vertical. Coral/fan geometry uses thin organic planes or small branch-like cuboids. Floor fan variants stand on the block top; wall fan variants mount as a thin sheet on the chosen wall face.",#837D79,131,125,121,1.000,,,none,neutral,1,4,yes,minecraft:block/dead_tube_coral_wall_fan,coral_wall_fan,minecraft:block/dead_tube_coral_fan,medium,
minecraft:decorated_pot,irregular_self_supporting,irregular_model,self_supporting_geometry,Irregular non-cube geometry that can be used as a standalone placed form.,"Coordinates are normalized block-local [x,y,z] in 0..1, with y vertical. Irregular non-cube geometry; exact visible shape is defined by the resolved block model and state-selected model variants.",#985E44,152,94,68,1.000,,,none,,1,1,no,minecraft:block/decorated_pot,,minecraft:block/terracotta,medium,
minecraft:deepslate,full_cube_different_faces,full_cube,self_supporting_geometry,"Full cube [0,0,0]-[1,1,1] with face-dependent visual treatment.","Coordinates are normalized block-local [x,y,z] in 0..1, with y vertical. Occupies the entire voxel [0,0,0]-[1,1,1]. All six exterior faces are present; color differences, if any, are texture/face differences rather than geometry differences.",#555557,85,85,87,1.000,down=#59595B;up=#59595B;north=#535355;south=#535355;west=#535355;east=#535355,down=#59595B;up=#59595B,none,stone;neutral,2,12,yes,minecraft:block/deepslate;minecraft:block/deepslate_mirrored,block;cube;cube_column;cube_column_mirrored;cube_mirrored,minecraft:block/deepslate;minecraft:block/deepslate_top,medium,Average color is computed across the visible model variants referenced by this block.
minecraft:deepslate_brick_slab,slab,slab,self_supporting_geometry,Half-height or full-height rectangular prism selected by slab type.,"Coordinates are normalized block-local [x,y,z] in 0..1, with y vertical. type=bottom occupies [0,0,0]-[1,0.5,1]. type=top occupies [0,0.5,0]-[1,1,1]. type=double is a full cube [0,0,0]-[1,1,1]. Single-slab states are exactly half-height rectangular prisms.",#4B4B4B,75,75,75,1.000,,,none,stone;brick;architectural_shape;neutral,3,3,no,minecraft:block/deepslate_brick_slab;minecraft:block/deepslate_brick_slab_top;minecraft:block/deepslate_bricks,block;cube;cube_all;slab;slab_top,minecraft:block/deepslate_bricks,medium,Average color is computed across the visible model variants referenced by this block.
minecraft:deepslate_brick_stairs,stairs,stairs,self_supporting_geometry,"Step-shaped block: half-block base plus one or more quarter/half prisms; straight, inner-corner, and outer-corner variants.","Coordinates are normalized block-local [x,y,z] in 0..1, with y vertical. Stairs are a full 1x1x1 cube with step-shaped upper/lower half removed. For half=bottom, shape=straight occupies a full bottom half [0,0,0]-[1,0.5,1] plus one upper half-prism [0.5,0.5,0]-[1,1,1] in the canonical east-facing model, so the side profile is an L and the missing volume is a 0.5x0.5x1 prism; facing rotates that prism to north/east/south/west. half=top mirrors the geometry vertically, putting the full half at y=0.5..1 and the step/void in y=0..0.5. shape=inner_left/inner_right occupies the full lower (or upper, for half=top) half plus an L-shaped pair of 0.5x0.5x1 and 0.5x0.5x0.5 upper/lower prisms, leaving exactly one 0.5x0.5x0.5 corner void; left/right chooses the corner after the facing rotation. shape=outer_left/outer_right occupies the full half plus only one 0.5x0.5x0.5 corner prism in the opposite half, leaving the other three corner quarters empty; left/right chooses the retained corner after facing rotation.",#4B4B4B,75,75,75,1.000,,,none,stone;brick;architectural_shape;neutral,3,40,yes,minecraft:block/deepslate_brick_stairs;minecraft:block/deepslate_brick_stairs_inner;minecraft:block/deepslate_brick_stairs_outer,block;inner_stairs;outer_stairs;stairs,minecraft:block/deepslate_bricks,medium,Average color is computed across the visible model variants referenced by this block.
minecraft:deepslate_brick_wall,coarse_wall,masonry_wall,self_supporting_geometry,Thick multipart wall: optional center post plus low/tall side arms.,"Coordinates are normalized block-local [x,y,z] in 0..1, with y vertical. Thick wall states are multipart masonry geometry. up=true adds a center post [0.25,0,0.25]-[0.75,1,0.75]. For each of north/east/south/west: value=none adds no arm; value=low adds a thick arm from the post to that face, approximately 0.375 wide, 0.5 long, and 0.875 high; value=tall uses the same footprint but rises to full height y=1. Direction values rotate the canonical north arm [0.3125,0,0]-[0.6875,0.875 or 1,0.5].",#4B4B4B,75,75,75,1.000,,,none,stone;brick;architectural_shape;neutral,3,9,yes,minecraft:block/deepslate_brick_wall_post;minecraft:block/deepslate_brick_wall_side;minecraft:block/deepslate_brick_wall_side_tall,template_wall_post;template_wall_side;template_wall_side_tall,minecraft:block/deepslate_bricks,medium,Average color is computed across the visible model variants referenced by this block.
minecraft:deepslate_bricks,full_cube_same_faces,full_cube,self_supporting_geometry,"Full cube [0,0,0]-[1,1,1] with same visual treatment on all six exterior faces.","Coordinates are normalized block-local [x,y,z] in 0..1, with y vertical. Occupies the entire voxel [0,0,0]-[1,1,1]. All six exterior faces are present; color differences, if any, are texture/face differences rather than geometry differences.",#4B4B4B,75,75,75,1.000,down=#4B4B4B;up=#4B4B4B;north=#4B4B4B;south=#4B4B4B;west=#4B4B4B;east=#4B4B4B,,none,stone;brick;neutral,1,1,no,minecraft:block/deepslate_bricks,block;cube;cube_all,minecraft:block/deepslate_bricks,medium,
minecraft:deepslate_coal_ore,full_cube_same_faces,full_cube,self_supporting_geometry,"Full cube [0,0,0]-[1,1,1] with same visual treatment on all six exterior faces.","Coordinates are normalized block-local [x,y,z] in 0..1, with y vertical. Occupies the entire voxel [0,0,0]-[1,1,1]. All six exterior faces are present; color differences, if any, are texture/face differences rather than geometry differences.",#515152,81,81,82,1.000,down=#515152;up=#515152;north=#515152;south=#515152;west=#515152;east=#515152,,none,stone;ore;neutral,1,1,no,minecraft:block/deepslate_coal_ore,block;cube;cube_all,minecraft:block/deepslate_coal_ore,medium,
minecraft:deepslate_copper_ore,full_cube_same_faces,full_cube,self_supporting_geometry,"Full cube [0,0,0]-[1,1,1] with same visual treatment on all six exterior faces.","Coordinates are normalized block-local [x,y,z] in 0..1, with y vertical. Occupies the entire voxel [0,0,0]-[1,1,1]. All six exterior faces are present; color differences, if any, are texture/face differences rather than geometry differences.",#65625D,101,98,93,1.000,down=#65625D;up=#65625D;north=#65625D;south=#65625D;west=#65625D;east=#65625D,,none,stone;copper;ore;neutral,1,1,no,minecraft:block/deepslate_copper_ore,block;cube;cube_all,minecraft:block/deepslate_copper_ore,medium,
minecraft:deepslate_diamond_ore,full_cube_same_faces,full_cube,self_supporting_geometry,"Full cube [0,0,0]-[1,1,1] with same visual treatment on all six exterior faces.","Coordinates are normalized block-local [x,y,z] in 0..1, with y vertical. Occupies the entire voxel [0,0,0]-[1,1,1]. All six exterior faces are present; color differences, if any, are texture/face differences rather than geometry differences.",#5B7876,91,120,118,1.000,down=#5B7876;up=#5B7876;north=#5B7876;south=#5B7876;west=#5B7876;east=#5B7876,,none,stone;ore,1,1,no,minecraft:block/deepslate_diamond_ore,block;cube;cube_all,minecraft:block/deepslate_diamond_ore,medium,
minecraft:deepslate_emerald_ore,full_cube_same_faces,full_cube,self_supporting_geometry,"Full cube [0,0,0]-[1,1,1] with same visual treatment on all six exterior faces.","Coordinates are normalized block-local [x,y,z] in 0..1, with y vertical. Occupies the entire voxel [0,0,0]-[1,1,1]. All six exterior faces are present; color differences, if any, are texture/face differences rather than geometry differences.",#5A7760,90,119,96,1.000,down=#5A7760;up=#5A7760;north=#5A7760;south=#5A7760;west=#5A7760;east=#5A7760,,none,stone;ore,1,1,no,minecraft:block/deepslate_emerald_ore,block;cube;cube_all,minecraft:block/deepslate_emerald_ore,medium,
minecraft:deepslate_gold_ore,full_cube_same_faces,full_cube,self_supporting_geometry,"Full cube [0,0,0]-[1,1,1] with same visual treatment on all six exterior faces.","Coordinates are normalized block-local [x,y,z] in 0..1, with y vertical. Occupies the entire voxel [0,0,0]-[1,1,1]. All six exterior faces are present; color differences, if any, are texture/face differences rather than geometry differences.",#847256,132,114,86,1.000,down=#847256;up=#847256;north=#847256;south=#847256;west=#847256;east=#847256,,none,stone;ore,1,1,no,minecraft:block/deepslate_gold_ore,block;cube;cube_all,minecraft:block/deepslate_gold_ore,medium,
minecraft:deepslate_iron_ore,full_cube_same_faces,full_cube,self_supporting_geometry,"Full cube [0,0,0]-[1,1,1] with same visual treatment on all six exterior faces.","Coordinates are normalized block-local [x,y,z] in 0..1, with y vertical. Occupies the entire voxel [0,0,0]-[1,1,1]. All six exterior faces are present; color differences, if any, are texture/face differences rather than geometry differences.",#756A63,117,106,99,1.000,down=#756A63;up=#756A63;north=#756A63;south=#756A63;west=#756A63;east=#756A63,,none,stone;ore,1,1,no,minecraft:block/deepslate_iron_ore,block;cube;cube_all,minecraft:block/deepslate_iron_ore,medium,
minecraft:deepslate_lapis_ore,full_cube_same_faces,full_cube,self_supporting_geometry,"Full cube [0,0,0]-[1,1,1] with same visual treatment on all six exterior faces.","Coordinates are normalized block-local [x,y,z] in 0..1, with y vertical. Occupies the entire voxel [0,0,0]-[1,1,1]. All six exterior faces are present; color differences, if any, are texture/face differences rather than geometry differences.",#575F7F,87,95,127,1.000,down=#575F7F;up=#575F7F;north=#575F7F;south=#575F7F;west=#575F7F;east=#575F7F,,none,stone;ore,1,1,no,minecraft:block/deepslate_lapis_ore,block;cube;cube_all,minecraft:block/deepslate_lapis_ore,medium,
minecraft:deepslate_redstone_ore,full_cube_same_faces,full_cube,self_supporting_geometry,"Full cube [0,0,0]-[1,1,1] with same visual treatment on all six exterior faces.","Coordinates are normalized block-local [x,y,z] in 0..1, with y vertical. Occupies the entire voxel [0,0,0]-[1,1,1]. All six exterior faces are present; color differences, if any, are texture/face differences rather than geometry differences.",#785152,120,81,82,1.000,down=#785152;up=#785152;north=#785152;south=#785152;west=#785152;east=#785152,,none,stone;ore,1,1,no,minecraft:block/deepslate_redstone_ore,block;cube;cube_all,minecraft:block/deepslate_redstone_ore,medium,
minecraft:deepslate_tile_slab,slab,slab,self_supporting_geometry,Half-height or full-height rectangular prism selected by slab type.,"Coordinates are normalized block-local [x,y,z] in 0..1, with y vertical. type=bottom occupies [0,0,0]-[1,0.5,1]. type=top occupies [0,0.5,0]-[1,1,1]. type=double is a full cube [0,0,0]-[1,1,1]. Single-slab states are exactly half-height rectangular prisms.",#39393A,57,57,58,1.000,,,none,stone;architectural_shape;neutral,3,3,no,minecraft:block/deepslate_tile_slab;minecraft:block/deepslate_tile_slab_top;minecraft:block/deepslate_tiles,block;cube;cube_all;slab;slab_top,minecraft:block/deepslate_tiles,medium,Average color is computed across the visible model variants referenced by this block.
minecraft:deepslate_tile_stairs,stairs,stairs,self_supporting_geometry,"Step-shaped block: half-block base plus one or more quarter/half prisms; straight, inner-corner, and outer-corner variants.","Coordinates are normalized block-local [x,y,z] in 0..1, with y vertical. Stairs are a full 1x1x1 cube with step-shaped upper/lower half removed. For half=bottom, shape=straight occupies a full bottom half [0,0,0]-[1,0.5,1] plus one upper half-prism [0.5,0.5,0]-[1,1,1] in the canonical east-facing model, so the side profile is an L and the missing volume is a 0.5x0.5x1 prism; facing rotates that prism to north/east/south/west. half=top mirrors the geometry vertically, putting the full half at y=0.5..1 and the step/void in y=0..0.5. shape=inner_left/inner_right occupies the full lower (or upper, for half=top) half plus an L-shaped pair of 0.5x0.5x1 and 0.5x0.5x0.5 upper/lower prisms, leaving exactly one 0.5x0.5x0.5 corner void; left/right chooses the corner after the facing rotation. shape=outer_left/outer_right occupies the full half plus only one 0.5x0.5x0.5 corner prism in the opposite half, leaving the other three corner quarters empty; left/right chooses the retained corner after facing rotation.",#393939,57,57,57,1.000,,,none,stone;architectural_shape;neutral,3,40,yes,minecraft:block/deepslate_tile_stairs;minecraft:block/deepslate_tile_stairs_inner;minecraft:block/deepslate_tile_stairs_outer,block;inner_stairs;outer_stairs;stairs,minecraft:block/deepslate_tiles,medium,Average color is computed across the visible model variants referenced by this block.
minecraft:deepslate_tile_wall,coarse_wall,masonry_wall,self_supporting_geometry,Thick multipart wall: optional center post plus low/tall side arms.,"Coordinates are normalized block-local [x,y,z] in 0..1, with y vertical. Thick wall states are multipart masonry geometry. up=true adds a center post [0.25,0,0.25]-[0.75,1,0.75]. For each of north/east/south/west: value=none adds no arm; value=low adds a thick arm from the post to that face, approximately 0.375 wide, 0.5 long, and 0.875 high; value=tall uses the same footprint but rises to full height y=1. Direction values rotate the canonical north arm [0.3125,0,0]-[0.6875,0.875 or 1,0.5].",#39393A,57,57,58,1.000,,,none,stone;architectural_shape;neutral,3,9,yes,minecraft:block/deepslate_tile_wall_post;minecraft:block/deepslate_tile_wall_side;minecraft:block/deepslate_tile_wall_side_tall,template_wall_post;template_wall_side;template_wall_side_tall,minecraft:block/deepslate_tiles,medium,Average color is computed across the visible model variants referenced by this block.
minecraft:deepslate_tiles,full_cube_same_faces,full_cube,self_supporting_geometry,"Full cube [0,0,0]-[1,1,1] with same visual treatment on all six exterior faces.","Coordinates are normalized block-local [x,y,z] in 0..1, with y vertical. Occupies the entire voxel [0,0,0]-[1,1,1]. All six exterior faces are present; color differences, if any, are texture/face differences rather than geometry differences.",#39393A,57,57,58,1.000,down=#39393A;up=#39393A;north=#39393A;south=#39393A;west=#39393A;east=#39393A,,none,stone;neutral,1,1,no,minecraft:block/deepslate_tiles,block;cube;cube_all,minecraft:block/deepslate_tiles,medium,
minecraft:detector_rail,irregular_dependent,floor_rail,dependent_on_support_or_counterpart,Irregular low rail strips laid on a supporting block; shape/orientation changes by rail state.,"Coordinates are normalized block-local [x,y,z] in 0..1, with y vertical. Rail geometry is a very low, mostly planar track on the supporting block. Flat states lie close to y=0 with thin strips across the footprint; ascending states raise one end toward the neighboring block, making an inclined ramp-like strip. shape/facing values choose straight, corner, or ascending orientation.",#88756B,136,117,107,1.000,,,none,,6,12,yes,minecraft:block/detector_rail;minecraft:block/detector_rail_on;minecraft:block/detector_rail_on_raised_ne;minecraft:block/detector_rail_on_raised_sw;minecraft:block/detector_rail_raised_ne;minecraft:block/detector_rail_raised_sw,rail_flat;template_rail_raised_ne;template_rail_raised_sw,minecraft:block/detector_rail;minecraft:block/detector_rail_on,medium,Average color is computed across the visible model variants referenced by this block.
minecraft:diamond_block,full_cube_same_faces,full_cube,self_supporting_geometry,"Full cube [0,0,0]-[1,1,1] with same visual treatment on all six exterior faces.","Coordinates are normalized block-local [x,y,z] in 0..1, with y vertical. Occupies the entire voxel [0,0,0]-[1,1,1]. All six exterior faces are present; color differences, if any, are texture/face differences rather than geometry differences.",#71EEE5,113,238,229,1.000,down=#71EEE5;up=#71EEE5;north=#71EEE5;south=#71EEE5;west=#71EEE5;east=#71EEE5,,none,light,1,1,no,minecraft:block/diamond_block,block;cube;cube_all,minecraft:block/diamond_block,medium,
minecraft:diamond_ore,full_cube_same_faces,full_cube,self_supporting_geometry,"Full cube [0,0,0]-[1,1,1] with same visual treatment on all six exterior faces.","Coordinates are normalized block-local [x,y,z] in 0..1, with y vertical. Occupies the entire voxel [0,0,0]-[1,1,1]. All six exterior faces are present; color differences, if any, are texture/face differences rather than geometry differences.",#7E9291,126,146,145,1.000,down=#7E9291;up=#7E9291;north=#7E9291;south=#7E9291;west=#7E9291;east=#7E9291,,none,ore,1,1,no,minecraft:block/diamond_ore,block;cube;cube_all,minecraft:block/diamond_ore,medium,
minecraft:diorite,full_cube_same_faces,full_cube,self_supporting_geometry,"Full cube [0,0,0]-[1,1,1] with same visual treatment on all six exterior faces.","Coordinates are normalized block-local [x,y,z] in 0..1, with y vertical. Occupies the entire voxel [0,0,0]-[1,1,1]. All six exterior faces are present; color differences, if any, are texture/face differences rather than geometry differences.",#C0C0C1,192,192,193,1.000,down=#C0C0C1;up=#C0C0C1;north=#C0C0C1;south=#C0C0C1;west=#C0C0C1;east=#C0C0C1,,none,stone;neutral,1,1,no,minecraft:block/diorite,block;cube;cube_all,minecraft:block/diorite,medium,
minecraft:diorite_slab,slab,slab,self_supporting_geometry,Half-height or full-height rectangular prism selected by slab type.,"Coordinates are normalized block-local [x,y,z] in 0..1, with y vertical. type=bottom occupies [0,0,0]-[1,0.5,1]. type=top occupies [0,0.5,0]-[1,1,1]. type=double is a full cube [0,0,0]-[1,1,1]. Single-slab states are exactly half-height rectangular prisms.",#C0C0C1,192,192,193,1.000,,,none,stone;architectural_shape;neutral,3,3,no,minecraft:block/diorite;minecraft:block/diorite_slab;minecraft:block/diorite_slab_top,block;cube;cube_all;slab;slab_top,minecraft:block/diorite,medium,Average color is computed across the visible model variants referenced by this block.
minecraft:diorite_stairs,stairs,stairs,self_supporting_geometry,"Step-shaped block: half-block base plus one or more quarter/half prisms; straight, inner-corner, and outer-corner variants.","Coordinates are normalized block-local [x,y,z] in 0..1, with y vertical. Stairs are a full 1x1x1 cube with step-shaped upper/lower half removed. For half=bottom, shape=straight occupies a full bottom half [0,0,0]-[1,0.5,1] plus one upper half-prism [0.5,0.5,0]-[1,1,1] in the canonical east-facing model, so the side profile is an L and the missing volume is a 0.5x0.5x1 prism; facing rotates that prism to north/east/south/west. half=top mirrors the geometry vertically, putting the full half at y=0.5..1 and the step/void in y=0..0.5. shape=inner_left/inner_right occupies the full lower (or upper, for half=top) half plus an L-shaped pair of 0.5x0.5x1 and 0.5x0.5x0.5 upper/lower prisms, leaving exactly one 0.5x0.5x0.5 corner void; left/right chooses the corner after the facing rotation. shape=outer_left/outer_right occupies the full half plus only one 0.5x0.5x0.5 corner prism in the opposite half, leaving the other three corner quarters empty; left/right chooses the retained corner after facing rotation.",#C1C0C1,193,192,193,1.000,,,none,stone;architectural_shape;neutral,3,40,yes,minecraft:block/diorite_stairs;minecraft:block/diorite_stairs_inner;minecraft:block/diorite_stairs_outer,block;inner_stairs;outer_stairs;stairs,minecraft:block/diorite,medium,Average color is computed across the visible model variants referenced by this block.
minecraft:diorite_wall,coarse_wall,masonry_wall,self_supporting_geometry,Thick multipart wall: optional center post plus low/tall side arms.,"Coordinates are normalized block-local [x,y,z] in 0..1, with y vertical. Thick wall states are multipart masonry geometry. up=true adds a center post [0.25,0,0.25]-[0.75,1,0.75]. For each of north/east/south/west: value=none adds no arm; value=low adds a thick arm from the post to that face, approximately 0.375 wide, 0.5 long, and 0.875 high; value=tall uses the same footprint but rises to full height y=1. Direction values rotate the canonical north arm [0.3125,0,0]-[0.6875,0.875 or 1,0.5].",#C0C0C1,192,192,193,1.000,,,none,stone;architectural_shape;neutral,3,9,yes,minecraft:block/diorite_wall_post;minecraft:block/diorite_wall_side;minecraft:block/diorite_wall_side_tall,template_wall_post;template_wall_side;template_wall_side_tall,minecraft:block/diorite,medium,Average color is computed across the visible model variants referenced by this block.
minecraft:dirt,full_cube_same_faces,full_cube,self_supporting_geometry,"Full cube [0,0,0]-[1,1,1] with same visual treatment on all six exterior faces.","Coordinates are normalized block-local [x,y,z] in 0..1, with y vertical. Occupies the entire voxel [0,0,0]-[1,1,1]. All six exterior faces are present; color differences, if any, are texture/face differences rather than geometry differences.",#8A6346,138,99,70,1.000,down=#8A6346;up=#8A6346;north=#8A6346;south=#8A6346;west=#8A6346;east=#8A6346,,none,,1,4,yes,minecraft:block/dirt,block;cube;cube_all,minecraft:block/dirt,medium,
minecraft:dirt_path,irregular_self_supporting,irregular_model,self_supporting_geometry,Irregular non-cube geometry that can be used as a standalone placed form.,"Coordinates are normalized block-local [x,y,z] in 0..1, with y vertical. Irregular model geometry resolved from block models. Representative normalized cuboids/planes: minecraft:block/dirt_path -> 1 element: [0,0,0]-[1,0.9375,1]. Orientation or count states rotate, swap, or combine these cuboids without making the block a full cube.",#8D6B45,141,107,69,1.000,,,none,,1,4,yes,minecraft:block/dirt_path,block,minecraft:block/dirt;minecraft:block/dirt_path_side;minecraft:block/dirt_path_top,medium,
minecraft:dispenser,full_cube_different_faces,full_cube,self_supporting_geometry,"Full cube [0,0,0]-[1,1,1] with face-dependent visual treatment.","Coordinates are normalized block-local [x,y,z] in 0..1, with y vertical. Occupies the entire voxel [0,0,0]-[1,1,1]. All six exterior faces are present; color differences, if any, are texture/face differences rather than geometry differences.",#767676,118,118,118,1.000,down=#727272;up=#686868;north=#727272;south=#727272;west=#727272;east=#727272,up=#686868,none,neutral,2,6,yes,minecraft:block/dispenser;minecraft:block/dispenser_vertical,block;cube;orientable;orientable_vertical;orientable_with_bottom,minecraft:block/dispenser_front;minecraft:block/dispenser_front_vertical;minecraft:block/furnace_side;minecraft:block/furnace_top,medium,Average color is computed across the visible model variants referenced by this block.
minecraft:dragon_egg,irregular_self_supporting,irregular_model,self_supporting_geometry,Irregular non-cube geometry that can be used as a standalone placed form.,"Coordinates are normalized block-local [x,y,z] in 0..1, with y vertical. Cluster geometry: count-like states add multiple small rounded/cuboid objects on the floor footprint. More items increase visual density while leaving the block mostly empty.",#120A15,18,10,21,1.000,,,none,dark;neutral,1,1,no,minecraft:block/dragon_egg,block,minecraft:block/dragon_egg,medium,
minecraft:dragon_head,entity_block,entity_renderer,entity_or_block_entity_renderer,Special renderer/entity-style block; normal model geometry is not authoritative.,"Coordinates are normalized block-local [x,y,z] in 0..1, with y vertical. This block is rendered by an entity, block entity, or special renderer rather than by a normal solid block model. Treat its world geometry as renderer-defined; this CSV intentionally does not infer a precise color or cuboid mesh from the block model.",,,,,,,,none,,1,1,no,minecraft:block/skull,,,high,Average color intentionally omitted because this is handled by entity/block-entity rendering.
minecraft:dragon_wall_head,entity_block,entity_renderer,entity_or_block_entity_renderer,Special renderer/entity-style block; normal model geometry is not authoritative.,"Coordinates are normalized block-local [x,y,z] in 0..1, with y vertical. This block is rendered by an entity, block entity, or special renderer rather than by a normal solid block model. Treat its world geometry as renderer-defined; this CSV intentionally does not infer a precise color or cuboid mesh from the block model.",,,,,,,,none,,1,1,no,minecraft:block/skull,,,high,Average color intentionally omitted because this is handled by entity/block-entity rendering.
minecraft:dried_ghast,irregular_self_supporting,irregular_model,self_supporting_geometry,Irregular non-cube geometry that can be used as a standalone placed form.,"Coordinates are normalized block-local [x,y,z] in 0..1, with y vertical. Irregular model geometry resolved from block models. Representative normalized cuboids/planes: minecraft:block/dried_ghast_hydration_0 -> 7 elements: [0.1875,0,0.1875]-[0.8125,0.625,0.8125] + [0,0,0.3125]-[0.1875,0.0625,0.4375] + [0,0,0.5625]-[0.1875,0.0625,0.6875] + [0.8125,0,0.3125]-[1,0.0625,0.4375] + [0.8125,0,0.5625]-[1,0.0625,0.6875] + [0.5625,0,0.8125]-[0.6875,0.0625,1] plus 1 more cuboids/planes. Orientation or count states rotate, swap, or combine these cuboids without making the block a full cube.",#BFB8B8,191,184,184,1.000,,,none,neutral,4,16,yes,minecraft:block/dried_ghast_hydration_0;minecraft:block/dried_ghast_hydration_1;minecraft:block/dried_ghast_hydration_2;minecraft:block/dried_ghast_hydration_3,block;dried_ghast,minecraft:block/dried_ghast_hydration_0_bottom;minecraft:block/dried_ghast_hydration_0_east;minecraft:block/dried_ghast_hydration_0_north;minecraft:block/dried_ghast_hydration_0_south;minecraft:block/dried_ghast_hydration_0_tentacles;minecraft:block/dried_ghast_hydration_0_top;minecraft:block/dried_ghast_hydration_0_west;minecraft:block/dried_ghast_hydration_1_bottom;minecraft:block/dried_ghast_hydration_1_east;minecraft:block/dried_ghast_hydration_1_north;minecraft:block/dried_ghast_hydration_1_south;minecraft:block/dried_ghast_hydration_1_tentacles;minecraft:block/dried_ghast_hydration_1_top;minecraft:block/dried_ghast_hydration_1_west;minecraft:block/dried_ghast_hydration_2_bottom;minecraft:block/dried_ghast_hydration_2_east;minecraft:block/dried_ghast_hydration_2_north;minecraft:block/dried_ghast_hydration_2_south;minecraft:block/dried_ghast_hydration_2_tentacles;minecraft:block/dried_ghast_hydration_2_top;minecraft:block/dried_ghast_hydration_2_west;minecraft:block/dried_ghast_hydration_3_bottom;minecraft:block/dried_ghast_hydration_3_east;minecraft:block/dried_ghast_hydration_3_north;minecraft:block/dried_ghast_hydration_3_south;minecraft:block/dried_ghast_hydration_3_tentacles;minecraft:block/dried_ghast_hydration_3_top;minecraft:block/dried_ghast_hydration_3_west,medium,Average color is computed across the visible model variants referenced by this block.
minecraft:dried_kelp_block,full_cube_different_faces,full_cube,self_supporting_geometry,"Full cube [0,0,0]-[1,1,1] with face-dependent visual treatment.","Coordinates are normalized block-local [x,y,z] in 0..1, with y vertical. Occupies the entire voxel [0,0,0]-[1,1,1]. All six exterior faces are present; color differences, if any, are texture/face differences rather than geometry differences.",#373D2D,55,61,45,1.000,down=#414534;up=#414534;north=#313928;south=#313928;west=#313928;east=#313928,down=#414534;up=#414534,none,neutral,1,1,no,minecraft:block/dried_kelp_block,block,minecraft:block/dried_kelp_bottom;minecraft:block/dried_kelp_side;minecraft:block/dried_kelp_top,medium,
minecraft:dripstone_block,full_cube_same_faces,full_cube,self_supporting_geometry,"Full cube [0,0,0]-[1,1,1] with same visual treatment on all six exterior faces.","Coordinates are normalized block-local [x,y,z] in 0..1, with y vertical. Occupies the entire voxel [0,0,0]-[1,1,1]. All six exterior faces are present; color differences, if any, are texture/face differences rather than geometry differences.",#886E5E,136,110,94,1.000,down=#886E5E;up=#886E5E;north=#886E5E;south=#886E5E;west=#886E5E;east=#886E5E,,none,stone,1,1,no,minecraft:block/dripstone_block,block;cube;cube_all,minecraft:block/dripstone_block,medium,
minecraft:dropper,full_cube_different_faces,full_cube,self_supporting_geometry,"Full cube [0,0,0]-[1,1,1] with face-dependent visual treatment.","Coordinates are normalized block-local [x,y,z] in 0..1, with y vertical. Occupies the entire voxel [0,0,0]-[1,1,1]. All six exterior faces are present; color differences, if any, are texture/face differences rather than geometry differences.",#767676,118,118,118,1.000,down=#727272;up=#676767;north=#727272;south=#727272;west=#727272;east=#727272,up=#676767,none,neutral,2,6,yes,minecraft:block/dropper;minecraft:block/dropper_vertical,block;cube;orientable;orientable_vertical;orientable_with_bottom,minecraft:block/dropper_front;minecraft:block/dropper_front_vertical;minecraft:block/furnace_side;minecraft:block/furnace_top,medium,Average color is computed across the visible model variants referenced by this block.
minecraft:emerald_block,full_cube_same_faces,full_cube,self_supporting_geometry,"Full cube [0,0,0]-[1,1,1] with same visual treatment on all six exterior faces.","Coordinates are normalized block-local [x,y,z] in 0..1, with y vertical. Occupies the entire voxel [0,0,0]-[1,1,1]. All six exterior faces are present; color differences, if any, are texture/face differences rather than geometry differences.",#39CE63,57,206,99,1.000,down=#39CE63;up=#39CE63;north=#39CE63;south=#39CE63;west=#39CE63;east=#39CE63,,none,,1,1,no,minecraft:block/emerald_block,block;cube;cube_all,minecraft:block/emerald_block,medium,
minecraft:emerald_ore,full_cube_same_faces,full_cube,self_supporting_geometry,"Full cube [0,0,0]-[1,1,1] with same visual treatment on all six exterior faces.","Coordinates are normalized block-local [x,y,z] in 0..1, with y vertical. Occupies the entire voxel [0,0,0]-[1,1,1]. All six exterior faces are present; color differences, if any, are texture/face differences rather than geometry differences.",#768E7A,118,142,122,1.000,down=#768E7A;up=#768E7A;north=#768E7A;south=#768E7A;west=#768E7A;east=#768E7A,,none,ore,1,1,no,minecraft:block/emerald_ore,block;cube;cube_all,minecraft:block/emerald_ore,medium,
minecraft:enchanting_table,irregular_self_supporting,irregular_model,self_supporting_geometry,Irregular non-cube geometry that can be used as a standalone placed form.,"Coordinates are normalized block-local [x,y,z] in 0..1, with y vertical. Irregular model geometry resolved from block models. Representative normalized cuboids/planes: minecraft:block/enchanting_table -> 1 element: [0,0,0]-[1,0.75,1]. Orientation or count states rotate, swap, or combine these cuboids without making the block a full cube.",#5C6460,92,100,96,1.000,,,none,neutral,1,1,no,minecraft:block/enchanting_table,block,minecraft:block/enchanting_table_bottom;minecraft:block/enchanting_table_side;minecraft:block/enchanting_table_top,medium,
minecraft:end_gateway,irregular_self_supporting,irregular_model,self_supporting_geometry,Irregular non-cube geometry that can be used as a standalone placed form.,"Coordinates are normalized block-local [x,y,z] in 0..1, with y vertical. Irregular non-cube geometry; exact visible shape is defined by the resolved block model and state-selected model variants.",#181125,24,17,37,1.000,,,none,dark,1,1,no,minecraft:block/end_gateway,,minecraft:block/obsidian,medium,
minecraft:end_portal,irregular_self_supporting,irregular_model,self_supporting_geometry,Irregular non-cube geometry that can be used as a standalone placed form.,"Coordinates are normalized block-local [x,y,z] in 0..1, with y vertical. Irregular non-cube geometry; exact visible shape is defined by the resolved block model and state-selected model variants.",#181125,24,17,37,1.000,,,none,dark,1,1,no,minecraft:block/end_portal,,minecraft:block/obsidian,medium,
minecraft:end_portal_frame,irregular_self_supporting,irregular_model,self_supporting_geometry,Irregular non-cube geometry that can be used as a standalone placed form.,"Coordinates are normalized block-local [x,y,z] in 0..1, with y vertical. Irregular model geometry resolved from block models. Representative normalized cuboids/planes: minecraft:block/end_portal_frame -> 1 element: [0,0,0]-[1,0.8125,1] | minecraft:block/end_portal_frame_filled -> 2 elements: [0,0,0]-[1,0.8125,1] + [0.25,0.8125,0.25]-[0.75,1,0.75]. Orientation or count states rotate, swap, or combine these cuboids without making the block a full cube.",#ADB383,173,179,131,1.000,,,none,,2,8,yes,minecraft:block/end_portal_frame;minecraft:block/end_portal_frame_filled,block,minecraft:block/end_portal_frame_eye;minecraft:block/end_portal_frame_side;minecraft:block/end_portal_frame_top;minecraft:block/end_stone,medium,Average color is computed across the visible model variants referenced by this block.
minecraft:end_rod,irregular_self_supporting,irregular_model,self_supporting_geometry,Irregular non-cube geometry that can be used as a standalone placed form.,"Coordinates are normalized block-local [x,y,z] in 0..1, with y vertical. Irregular model geometry resolved from block models. Representative normalized cuboids/planes: minecraft:block/end_rod -> 2 elements: [0.375,0,0.375]-[0.625,0.0625,0.625] + [0.4375,0.0625,0.4375]-[0.5625,1,0.5625]. Orientation or count states rotate, swap, or combine these cuboids without making the block a full cube.",#E6DDD0,230,221,208,1.000,,,none,light,1,6,yes,minecraft:block/end_rod,block,minecraft:block/end_rod,medium,
minecraft:end_stone,full_cube_same_faces,full_cube,self_supporting_geometry,"Full cube [0,0,0]-[1,1,1] with same visual treatment on all six exterior faces.","Coordinates are normalized block-local [x,y,z] in 0..1, with y vertical. Occupies the entire voxel [0,0,0]-[1,1,1]. All six exterior faces are present; color differences, if any, are texture/face differences rather than geometry differences.",#DCE09F,220,224,159,1.000,down=#DCE09F;up=#DCE09F;north=#DCE09F;south=#DCE09F;west=#DCE09F;east=#DCE09F,,none,stone;light,1,1,no,minecraft:block/end_stone,block;cube;cube_all,minecraft:block/end_stone,medium,
minecraft:end_stone_brick_slab,slab,slab,self_supporting_geometry,Half-height or full-height rectangular prism selected by slab type.,"Coordinates are normalized block-local [x,y,z] in 0..1, with y vertical. type=bottom occupies [0,0,0]-[1,0.5,1]. type=top occupies [0,0.5,0]-[1,1,1]. type=double is a full cube [0,0,0]-[1,1,1]. Single-slab states are exactly half-height rectangular prisms.",#DBE2A4,219,226,164,1.000,,,none,stone;brick;architectural_shape;light,3,3,no,minecraft:block/end_stone_brick_slab;minecraft:block/end_stone_brick_slab_top;minecraft:block/end_stone_bricks,block;cube;cube_all;slab;slab_top,minecraft:block/end_stone_bricks,medium,Average color is computed across the visible model variants referenced by this block.
minecraft:end_stone_brick_stairs,stairs,stairs,self_supporting_geometry,"Step-shaped block: half-block base plus one or more quarter/half prisms; straight, inner-corner, and outer-corner variants.","Coordinates are normalized block-local [x,y,z] in 0..1, with y vertical. Stairs are a full 1x1x1 cube with step-shaped upper/lower half removed. For half=bottom, shape=straight occupies a full bottom half [0,0,0]-[1,0.5,1] plus one upper half-prism [0.5,0.5,0]-[1,1,1] in the canonical east-facing model, so the side profile is an L and the missing volume is a 0.5x0.5x1 prism; facing rotates that prism to north/east/south/west. half=top mirrors the geometry vertically, putting the full half at y=0.5..1 and the step/void in y=0..0.5. shape=inner_left/inner_right occupies the full lower (or upper, for half=top) half plus an L-shaped pair of 0.5x0.5x1 and 0.5x0.5x0.5 upper/lower prisms, leaving exactly one 0.5x0.5x0.5 corner void; left/right chooses the corner after the facing rotation. shape=outer_left/outer_right occupies the full half plus only one 0.5x0.5x0.5 corner prism in the opposite half, leaving the other three corner quarters empty; left/right chooses the retained corner after facing rotation.",#DBE2A4,219,226,164,1.000,,,none,stone;brick;architectural_shape;light,3,40,yes,minecraft:block/end_stone_brick_stairs;minecraft:block/end_stone_brick_stairs_inner;minecraft:block/end_stone_brick_stairs_outer,block;inner_stairs;outer_stairs;stairs,minecraft:block/end_stone_bricks,medium,Average color is computed across the visible model variants referenced by this block.
minecraft:end_stone_brick_wall,coarse_wall,masonry_wall,self_supporting_geometry,Thick multipart wall: optional center post plus low/tall side arms.,"Coordinates are normalized block-local [x,y,z] in 0..1, with y vertical. Thick wall states are multipart masonry geometry. up=true adds a center post [0.25,0,0.25]-[0.75,1,0.75]. For each of north/east/south/west: value=none adds no arm; value=low adds a thick arm from the post to that face, approximately 0.375 wide, 0.5 long, and 0.875 high; value=tall uses the same footprint but rises to full height y=1. Direction values rotate the canonical north arm [0.3125,0,0]-[0.6875,0.875 or 1,0.5].",#DBE2A4,219,226,164,1.000,,,none,stone;brick;architectural_shape;light,3,9,yes,minecraft:block/end_stone_brick_wall_post;minecraft:block/end_stone_brick_wall_side;minecraft:block/end_stone_brick_wall_side_tall,template_wall_post;template_wall_side;template_wall_side_tall,minecraft:block/end_stone_bricks,medium,Average color is computed across the visible model variants referenced by this block.
minecraft:end_stone_bricks,full_cube_same_faces,full_cube,self_supporting_geometry,"Full cube [0,0,0]-[1,1,1] with same visual treatment on all six exterior faces.","Coordinates are normalized block-local [x,y,z] in 0..1, with y vertical. Occupies the entire voxel [0,0,0]-[1,1,1]. All six exterior faces are present; color differences, if any, are texture/face differences rather than geometry differences.",#DBE2A4,219,226,164,1.000,down=#DBE2A4;up=#DBE2A4;north=#DBE2A4;south=#DBE2A4;west=#DBE2A4;east=#DBE2A4,,none,stone;brick;light,1,1,no,minecraft:block/end_stone_bricks,block;cube;cube_all,minecraft:block/end_stone_bricks,medium,
minecraft:ender_chest,entity_block,entity_renderer,entity_or_block_entity_renderer,Special renderer/entity-style block; normal model geometry is not authoritative.,"Coordinates are normalized block-local [x,y,z] in 0..1, with y vertical. This block is rendered by an entity, block entity, or special renderer rather than by a normal solid block model. Treat its world geometry as renderer-defined; this CSV intentionally does not infer a precise color or cuboid mesh from the block model.",,,,,,,,none,,1,1,no,minecraft:block/ender_chest,,,high,Average color intentionally omitted because this is handled by entity/block-entity rendering.
minecraft:exposed_chiseled_copper,full_cube_same_faces,full_cube,self_supporting_geometry,"Full cube [0,0,0]-[1,1,1] with same visual treatment on all six exterior faces.","Coordinates are normalized block-local [x,y,z] in 0..1, with y vertical. Occupies the entire voxel [0,0,0]-[1,1,1]. All six exterior faces are present; color differences, if any, are texture/face differences rather than geometry differences.",#9E7866,158,120,102,1.000,down=#9E7866;up=#9E7866;north=#9E7866;south=#9E7866;west=#9E7866;east=#9E7866,,none,copper,1,1,no,minecraft:block/exposed_chiseled_copper,block;cube;cube_all,minecraft:block/exposed_chiseled_copper,medium,
minecraft:exposed_copper,full_cube_same_faces,full_cube,self_supporting_geometry,"Full cube [0,0,0]-[1,1,1] with same visual treatment on all six exterior faces.","Coordinates are normalized block-local [x,y,z] in 0..1, with y vertical. Occupies the entire voxel [0,0,0]-[1,1,1]. All six exterior faces are present; color differences, if any, are texture/face differences rather than geometry differences.",#A37E69,163,126,105,1.000,down=#A37E69;up=#A37E69;north=#A37E69;south=#A37E69;west=#A37E69;east=#A37E69,,none,copper,1,1,no,minecraft:block/exposed_copper,block;cube;cube_all,minecraft:block/exposed_copper,medium,
minecraft:exposed_copper_bars,thin_wall,thin_bars,self_supporting_geometry,"Narrow multipart connector: thin post, pane, bar, fence, or gate segments.","Coordinates are normalized block-local [x,y,z] in 0..1, with y vertical. Pane/bar geometry is a thin vertical connector system. A central post/cap sits near [0.4375,0,0.4375]-[0.5625,1,0.5625]. Each north/east/south/west=true side adds a thin vertical pane/bar from the center to that face; false omits that side. Single-connection states add end caps so the exposed edge has thickness.",#856A59,133,106,89,1.000,,,none,copper;architectural_shape,6,10,yes,minecraft:block/exposed_copper_bars_cap;minecraft:block/exposed_copper_bars_cap_alt;minecraft:block/exposed_copper_bars_post;minecraft:block/exposed_copper_bars_post_ends;minecraft:block/exposed_copper_bars_side;minecraft:block/exposed_copper_bars_side_alt,template_bars_cap;template_bars_cap_alt;template_bars_post;template_bars_post_ends;template_bars_side;template_bars_side_alt,minecraft:block/exposed_copper_bars,medium,Average color is computed across the visible model variants referenced by this block.
minecraft:exposed_copper_bulb,full_cube_same_faces,full_cube,self_supporting_geometry,"Full cube [0,0,0]-[1,1,1] with same visual treatment on all six exterior faces.","Coordinates are normalized block-local [x,y,z] in 0..1, with y vertical. Occupies the entire voxel [0,0,0]-[1,1,1]. All six exterior faces are present; color differences, if any, are texture/face differences rather than geometry differences.",#AF8465,175,132,101,1.000,down=#8E6E5D;up=#8E6E5D;north=#8E6E5D;south=#8E6E5D;west=#8E6E5D;east=#8E6E5D,,none,copper,4,4,no,minecraft:block/exposed_copper_bulb;minecraft:block/exposed_copper_bulb_lit;minecraft:block/exposed_copper_bulb_lit_powered;minecraft:block/exposed_copper_bulb_powered,block;cube;cube_all,minecraft:block/exposed_copper_bulb;minecraft:block/exposed_copper_bulb_lit;minecraft:block/exposed_copper_bulb_lit_powered;minecraft:block/exposed_copper_bulb_powered,medium,Average color is computed across the visible model variants referenced by this block.
minecraft:exposed_copper_chain,irregular_self_supporting,chain_column,self_supporting_geometry,Irregular narrow chain column assembled from small linked cuboids.,"Coordinates are normalized block-local [x,y,z] in 0..1, with y vertical. Chain geometry is a narrow linked column made from small crossed cuboids. axis=x/y/z rotates the link column along that axis, leaving most of the voxel empty.",#816754,129,103,84,1.000,,,none,copper,1,3,yes,minecraft:block/exposed_copper_chain,block;template_chain,minecraft:block/exposed_copper_chain,medium,
minecraft:exposed_copper_chest,irregular_self_supporting,irregular_model,self_supporting_geometry,Irregular non-cube geometry that can be used as a standalone placed form.,"Coordinates are normalized block-local [x,y,z] in 0..1, with y vertical. Irregular non-cube geometry; exact visible shape is defined by the resolved block model and state-selected model variants.",#A37E69,163,126,105,1.000,,,none,copper,1,1,no,minecraft:block/exposed_copper_chest,,minecraft:block/exposed_copper,medium,
minecraft:exposed_copper_door,irregular_dependent,hinged_panel,dependent_on_support_or_counterpart,"Irregular thin hinged panel; open/closed, half, hinge, or facing changes by state.","Coordinates are normalized block-local [x,y,z] in 0..1, with y vertical. Door-like geometry is a thin vertical panel about 0.1875 blocks thick and one block tall per half. half=lower/upper selects the lower or upper block of the two-block door. facing chooses the panel orientation, hinge selects the pivot side, and open=true rotates the panel around that hinge.",#A47A6A,164,122,106,1.000,,,none,copper,8,32,yes,minecraft:block/exposed_copper_door_bottom_left;minecraft:block/exposed_copper_door_bottom_left_open;minecraft:block/exposed_copper_door_bottom_right;minecraft:block/exposed_copper_door_bottom_right_open;minecraft:block/exposed_copper_door_top_left;minecraft:block/exposed_copper_door_top_left_open;minecraft:block/exposed_copper_door_top_right;minecraft:block/exposed_copper_door_top_right_open,door_bottom_left;door_bottom_left_open;door_bottom_right;door_bottom_right_open;door_top_left;door_top_left_open;door_top_right;door_top_right_open,minecraft:block/exposed_copper_door_bottom;minecraft:block/exposed_copper_door_top,medium,Average color is computed across the visible model variants referenced by this block.
minecraft:exposed_copper_golem_statue,irregular_self_supporting,irregular_model,self_supporting_geometry,Irregular non-cube geometry that can be used as a standalone placed form.,"Coordinates are normalized block-local [x,y,z] in 0..1, with y vertical. Irregular non-cube geometry; exact visible shape is defined by the resolved block model and state-selected model variants.",#A37E69,163,126,105,1.000,,,none,copper,1,1,no,minecraft:block/exposed_copper_golem_statue,,minecraft:block/exposed_copper,medium,
minecraft:exposed_copper_grate,full_cube_same_faces,full_cube,self_supporting_geometry,"Full cube [0,0,0]-[1,1,1] with same visual treatment on all six exterior faces.","Coordinates are normalized block-local [x,y,z] in 0..1, with y vertical. Occupies the entire voxel [0,0,0]-[1,1,1]. All six exterior faces are present; color differences, if any, are texture/face differences rather than geometry differences.",#A47F6A,164,127,106,1.000,down=#A47F6A;up=#A47F6A;north=#A47F6A;south=#A47F6A;west=#A47F6A;east=#A47F6A,,none,copper,1,1,no,minecraft:block/exposed_copper_grate,block;cube;cube_all,minecraft:block/exposed_copper_grate,medium,
minecraft:exposed_copper_lantern,irregular_self_supporting,hanging_or_floor_lantern,self_supporting_geometry,Irregular non-cube geometry that can be used as a standalone placed form.,"Coordinates are normalized block-local [x,y,z] in 0..1, with y vertical. Lantern geometry is a compact cage-like light body with a small handle. hanging=false places it on the floor; hanging=true suspends it from the ceiling with the body lower in the voxel.",#9B9172,155,145,114,1.000,,,none,copper;light_source,2,2,no,minecraft:block/exposed_copper_lantern;minecraft:block/exposed_copper_lantern_hanging,block;template_hanging_lantern;template_lantern,minecraft:block/exposed_copper_lantern,medium,Average color is computed across the visible model variants referenced by this block.
minecraft:exposed_copper_trapdoor,irregular_dependent,hinged_panel,dependent_on_support_or_counterpart,"Irregular thin hinged panel; open/closed, half, hinge, or facing changes by state.","Coordinates are normalized block-local [x,y,z] in 0..1, with y vertical. Trapdoor geometry is a thin 1x1 panel about 0.1875 blocks thick. half=bottom places the closed panel at y=0..0.1875; half=top places it at y=0.8125..1. open=true rotates the same panel upright against the side chosen by facing.",#A17D69,161,125,105,1.000,,,none,copper,3,16,yes,minecraft:block/exposed_copper_trapdoor_bottom;minecraft:block/exposed_copper_trapdoor_open;minecraft:block/exposed_copper_trapdoor_top,block;template_trapdoor_bottom;template_trapdoor_open;template_trapdoor_top;thin_block,minecraft:block/exposed_copper_trapdoor,medium,Average color is computed across the visible model variants referenced by this block.
minecraft:exposed_cut_copper,full_cube_same_faces,full_cube,self_supporting_geometry,"Full cube [0,0,0]-[1,1,1] with same visual treatment on all six exterior faces.","Coordinates are normalized block-local [x,y,z] in 0..1, with y vertical. Occupies the entire voxel [0,0,0]-[1,1,1]. All six exterior faces are present; color differences, if any, are texture/face differences rather than geometry differences.",#9E7B67,158,123,103,1.000,down=#9E7B67;up=#9E7B67;north=#9E7B67;south=#9E7B67;west=#9E7B67;east=#9E7B67,,none,copper,1,1,no,minecraft:block/exposed_cut_copper,block;cube;cube_all,minecraft:block/exposed_cut_copper,medium,
minecraft:exposed_cut_copper_slab,slab,slab,self_supporting_geometry,Half-height or full-height rectangular prism selected by slab type.,"Coordinates are normalized block-local [x,y,z] in 0..1, with y vertical. type=bottom occupies [0,0,0]-[1,0.5,1]. type=top occupies [0,0.5,0]-[1,1,1]. type=double is a full cube [0,0,0]-[1,1,1]. Single-slab states are exactly half-height rectangular prisms.",#9E7B67,158,123,103,1.000,,,none,copper;architectural_shape,3,3,no,minecraft:block/exposed_cut_copper;minecraft:block/exposed_cut_copper_slab;minecraft:block/exposed_cut_copper_slab_top,block;cube;cube_all;slab;slab_top,minecraft:block/exposed_cut_copper,medium,Average color is computed across the visible model variants referenced by this block.
minecraft:exposed_cut_copper_stairs,stairs,stairs,self_supporting_geometry,"Step-shaped block: half-block base plus one or more quarter/half prisms; straight, inner-corner, and outer-corner variants.","Coordinates are normalized block-local [x,y,z] in 0..1, with y vertical. Stairs are a full 1x1x1 cube with step-shaped upper/lower half removed. For half=bottom, shape=straight occupies a full bottom half [0,0,0]-[1,0.5,1] plus one upper half-prism [0.5,0.5,0]-[1,1,1] in the canonical east-facing model, so the side profile is an L and the missing volume is a 0.5x0.5x1 prism; facing rotates that prism to north/east/south/west. half=top mirrors the geometry vertically, putting the full half at y=0.5..1 and the step/void in y=0..0.5. shape=inner_left/inner_right occupies the full lower (or upper, for half=top) half plus an L-shaped pair of 0.5x0.5x1 and 0.5x0.5x0.5 upper/lower prisms, leaving exactly one 0.5x0.5x0.5 corner void; left/right chooses the corner after the facing rotation. shape=outer_left/outer_right occupies the full half plus only one 0.5x0.5x0.5 corner prism in the opposite half, leaving the other three corner quarters empty; left/right chooses the retained corner after facing rotation.",#9E7B67,158,123,103,1.000,,,none,copper;architectural_shape,3,40,yes,minecraft:block/exposed_cut_copper_stairs;minecraft:block/exposed_cut_copper_stairs_inner;minecraft:block/exposed_cut_copper_stairs_outer,block;inner_stairs;outer_stairs;stairs,minecraft:block/exposed_cut_copper,medium,Average color is computed across the visible model variants referenced by this block.
minecraft:exposed_lightning_rod,irregular_self_supporting,irregular_model,self_supporting_geometry,Irregular non-cube geometry that can be used as a standalone placed form.,"Coordinates are normalized block-local [x,y,z] in 0..1, with y vertical. Irregular model geometry resolved from block models. Representative normalized cuboids/planes: minecraft:block/exposed_lightning_rod -> 2 elements: [0.375,0.75,0.375]-[0.625,1,0.625] + [0.4375,0,0.4375]-[0.5625,0.75,0.5625]. Orientation or count states rotate, swap, or combine these cuboids without making the block a full cube.",#D8CAC6,216,202,198,1.000,,,none,light,2,12,yes,minecraft:block/exposed_lightning_rod;minecraft:block/lightning_rod_on,block;template_lightning_rod,minecraft:block/exposed_lightning_rod;minecraft:block/lightning_rod_on,medium,Average color is computed across the visible model variants referenced by this block.
minecraft:farmland,irregular_dependent,irregular_model,dependent_on_support_or_counterpart,"Irregular non-cube geometry that is expected to depend on a support block, substrate, or paired state.","Coordinates are normalized block-local [x,y,z] in 0..1, with y vertical. Irregular model geometry resolved from block models. Representative normalized cuboids/planes: minecraft:block/farmland -> 1 element: [0,0,0]-[1,0.9375,1]. Orientation or count states rotate, swap, or combine these cuboids without making the block a full cube.",#876043,135,96,67,1.000,,,none,,2,8,no,minecraft:block/farmland;minecraft:block/farmland_moist,block;template_farmland,minecraft:block/dirt;minecraft:block/farmland;minecraft:block/farmland_moist,medium,Average color is computed across the visible model variants referenced by this block.
minecraft:fern,irregular_dependent,cross_planes,dependent_on_support_or_counterpart,"Irregular crossed flat planes with transparent cutout texture, typically plant-like and support/substrate dependent.","Coordinates are normalized block-local [x,y,z] in 0..1, with y vertical. Cross-plane geometry: two near-zero-thickness quads cross diagonally through the block center, usually spanning most of y=0..1. The visible silhouette comes from transparent texture pixels, not from cuboid volume; placement normally depends on ground or substrate support.",#495F2D,73,95,45,1.000,,,plains_grass,,1,1,no,minecraft:block/fern,tinted_cross,minecraft:block/fern,medium,Tinted textures use the plains biome approximation for color averaging.
minecraft:fire,irregular_dependent,irregular_model,dependent_on_support_or_counterpart,"Irregular non-cube geometry that is expected to depend on a support block, substrate, or paired state.","Coordinates are normalized block-local [x,y,z] in 0..1, with y vertical. Irregular model geometry resolved from block models. Representative normalized cuboids/planes: minecraft:block/fire_floor0 -> 4 elements: [0,0,0.55]-[1,1.4,0.55] + [0,0,0.45]-[1,1.4,0.45] + [0.55,0,0]-[0.55,1.4,1] + [0.45,0,0]-[0.45,1.4,1] | minecraft:block/fire_side0 -> 1 element: [0,0,0.0006]-[1,1.4,0.0006] | minecraft:block/fire_up0 -> 2 elements: [0,1,0]-[1,1,1] + [0,1,0]-[1,1,1]. Orientation or count states rotate, swap, or combine these cuboids without making the block a full cube.",#D59C6D,213,156,109,1.000,,,none,,10,22,yes,minecraft:block/fire_floor0;minecraft:block/fire_floor1;minecraft:block/fire_side0;minecraft:block/fire_side1;minecraft:block/fire_side_alt0;minecraft:block/fire_side_alt1;minecraft:block/fire_up0;minecraft:block/fire_up1;minecraft:block/fire_up_alt0;minecraft:block/fire_up_alt1,template_fire_floor;template_fire_side;template_fire_side_alt;template_fire_up;template_fire_up_alt,minecraft:block/fire_0;minecraft:block/fire_1,medium,Average color is computed across the visible model variants referenced by this block.
minecraft:fire_coral,irregular_dependent,cross_planes,dependent_on_support_or_counterpart,"Irregular crossed flat planes with transparent cutout texture, typically plant-like and support/substrate dependent.","Coordinates are normalized block-local [x,y,z] in 0..1, with y vertical. Cross-plane geometry: two near-zero-thickness quads cross diagonally through the block center, usually spanning most of y=0..1. The visible silhouette comes from transparent texture pixels, not from cuboid volume; placement normally depends on ground or substrate support.",#AC282F,172,40,47,1.000,,,none,,1,1,no,minecraft:block/fire_coral,cross,minecraft:block/fire_coral,medium,
minecraft:fire_coral_block,full_cube_same_faces,full_cube,self_supporting_geometry,"Full cube [0,0,0]-[1,1,1] with same visual treatment on all six exterior faces.","Coordinates are normalized block-local [x,y,z] in 0..1, with y vertical. Occupies the entire voxel [0,0,0]-[1,1,1]. All six exterior faces are present; color differences, if any, are texture/face differences rather than geometry differences.",#A7242F,167,36,47,1.000,down=#A7242F;up=#A7242F;north=#A7242F;south=#A7242F;west=#A7242F;east=#A7242F,,none,,1,1,no,minecraft:block/fire_coral_block,block;cube;cube_all,minecraft:block/fire_coral_block,medium,
minecraft:fire_coral_fan,irregular_dependent,irregular_model,dependent_on_support_or_counterpart,"Irregular non-cube geometry that is expected to depend on a support block, substrate, or paired state.","Coordinates are normalized block-local [x,y,z] in 0..1, with y vertical. Coral/fan geometry uses thin organic planes or small branch-like cuboids. Floor fan variants stand on the block top; wall fan variants mount as a thin sheet on the chosen wall face.",#A3252E,163,37,46,1.000,,,none,,1,1,no,minecraft:block/fire_coral_fan,coral_fan,minecraft:block/fire_coral_fan,medium,
minecraft:fire_coral_wall_fan,irregular_dependent,irregular_model,dependent_on_support_or_counterpart,"Irregular non-cube geometry that is expected to depend on a support block, substrate, or paired state.","Coordinates are normalized block-local [x,y,z] in 0..1, with y vertical. Coral/fan geometry uses thin organic planes or small branch-like cuboids. Floor fan variants stand on the block top; wall fan variants mount as a thin sheet on the chosen wall face.",#A3252E,163,37,46,1.000,,,none,,1,4,yes,minecraft:block/fire_coral_wall_fan,coral_wall_fan,minecraft:block/fire_coral_fan,medium,
minecraft:firefly_bush,irregular_dependent,cross_planes,dependent_on_support_or_counterpart,"Irregular crossed flat planes with transparent cutout texture, typically plant-like and support/substrate dependent.","Coordinates are normalized block-local [x,y,z] in 0..1, with y vertical. Cross-plane geometry: two near-zero-thickness quads cross diagonally through the block center, usually spanning most of y=0..1. The visible silhouette comes from transparent texture pixels, not from cuboid volume; placement normally depends on ground or substrate support.",#A19D80,161,157,128,1.000,,,none,,1,1,no,minecraft:block/firefly_bush,cross_emissive,minecraft:block/firefly_bush;minecraft:block/firefly_bush_emissive,medium,
minecraft:fletching_table,full_cube_different_faces,full_cube,self_supporting_geometry,"Full cube [0,0,0]-[1,1,1] with face-dependent visual treatment.","Coordinates are normalized block-local [x,y,z] in 0..1, with y vertical. Occupies the entire voxel [0,0,0]-[1,1,1]. All six exterior faces are present; color differences, if any, are texture/face differences rather than geometry differences.",#C0AF86,192,175,134,1.000,down=#C2B17A;up=#C8B78C;north=#B6A57A;south=#B6A57A;west=#C5B393;east=#C5B393,down=#C2B17A;up=#C8B78C;west=#C5B393;east=#C5B393,none,,1,1,no,minecraft:block/fletching_table,block;cube,minecraft:block/birch_planks;minecraft:block/fletching_table_front;minecraft:block/fletching_table_side;minecraft:block/fletching_table_top,medium,
minecraft:flower_pot,irregular_dependent,irregular_model,dependent_on_support_or_counterpart,"Irregular non-cube geometry that is expected to depend on a support block, substrate, or paired state.","Coordinates are normalized block-local [x,y,z] in 0..1, with y vertical. Irregular model geometry resolved from block models. Representative normalized cuboids/planes: minecraft:block/flower_pot -> 5 elements: [0.3125,0,0.3125]-[0.375,0.375,0.6875] + [0.625,0,0.3125]-[0.6875,0.375,0.6875] + [0.375,0,0.3125]-[0.625,0.375,0.375] + [0.375,0,0.625]-[0.625,0.375,0.6875] + [0.375,0,0.375]-[0.625,0.25,0.625]. Orientation or count states rotate, swap, or combine these cuboids without making the block a full cube.",#7D4636,125,70,54,1.000,,,none,vegetation,1,1,no,minecraft:block/flower_pot,,minecraft:block/dirt;minecraft:block/flower_pot,medium,
minecraft:flowering_azalea,irregular_dependent,irregular_model,dependent_on_support_or_counterpart,"Irregular non-cube geometry that is expected to depend on a support block, substrate, or paired state.","Coordinates are normalized block-local [x,y,z] in 0..1, with y vertical. Irregular model geometry resolved from block models. Representative normalized cuboids/planes: minecraft:block/flowering_azalea -> 7 elements: [0,1,0]-[1,1,1] + [0,0.3125,0]-[1,1,0.0006] + [0,0.3125,0.9994]-[1,1,1] + [0,0.3125,0]-[0.0006,1,1] + [0.9994,0.3125,0]-[1,1,1] + [0.0063,0,0.5]-[0.9938,0.9938,0.5] plus 1 more cuboids/planes. Orientation or count states rotate, swap, or combine these cuboids without making the block a full cube.",#6F7452,111,116,82,1.000,,,none,vegetation,1,1,no,minecraft:block/flowering_azalea,block;template_azalea,minecraft:block/azalea_plant;minecraft:block/flowering_azalea_side;minecraft:block/flowering_azalea_top,medium,
minecraft:flowering_azalea_leaves,full_cube_same_faces,full_cube,self_supporting_geometry,"Full cube [0,0,0]-[1,1,1] with same visual treatment on all six exterior faces.","Coordinates are normalized block-local [x,y,z] in 0..1, with y vertical. Occupies the entire voxel [0,0,0]-[1,1,1]. All six exterior faces are present; color differences, if any, are texture/face differences rather than geometry differences.",#6B7252,107,114,82,1.000,down=#6B7252;up=#6B7252;north=#6B7252;south=#6B7252;west=#6B7252;east=#6B7252,,none,vegetation,1,1,no,minecraft:block/flowering_azalea_leaves,block;cube;cube_all,minecraft:block/flowering_azalea_leaves,medium,
minecraft:frogspawn,irregular_dependent,irregular_model,dependent_on_support_or_counterpart,"Irregular non-cube geometry that is expected to depend on a support block, substrate, or paired state.","Coordinates are normalized block-local [x,y,z] in 0..1, with y vertical. Irregular model geometry resolved from block models. Representative normalized cuboids/planes: minecraft:block/frogspawn -> 1 element: [0,0.0156,0]-[1,0.0156,1]. Orientation or count states rotate, swap, or combine these cuboids without making the block a full cube.",#71635C,113,99,92,0.704,,,none,,1,1,no,minecraft:block/frogspawn,,minecraft:block/frogspawn,medium,
minecraft:frosted_ice,full_cube_same_faces,full_cube,self_supporting_geometry,"Full cube [0,0,0]-[1,1,1] with same visual treatment on all six exterior faces.","Coordinates are normalized block-local [x,y,z] in 0..1, with y vertical. Occupies the entire voxel [0,0,0]-[1,1,1]. All six exterior faces are present; color differences, if any, are texture/face differences rather than geometry differences.",#8CB4FC,140,180,252,0.780,down=#8DB6FD;up=#8DB6FD;north=#8DB6FD;south=#8DB6FD;west=#8DB6FD;east=#8DB6FD,,none,,4,4,no,minecraft:block/frosted_ice_0;minecraft:block/frosted_ice_1;minecraft:block/frosted_ice_2;minecraft:block/frosted_ice_3,block;cube;cube_all,minecraft:block/frosted_ice_0;minecraft:block/frosted_ice_1;minecraft:block/frosted_ice_2;minecraft:block/frosted_ice_3,medium,Average color is computed across the visible model variants referenced by this block.
minecraft:furnace,full_cube_different_faces,full_cube,self_supporting_geometry,"Full cube [0,0,0]-[1,1,1] with face-dependent visual treatment.","Coordinates are normalized block-local [x,y,z] in 0..1, with y vertical. Occupies the entire voxel [0,0,0]-[1,1,1]. All six exterior faces are present; color differences, if any, are texture/face differences rather than geometry differences.",#7B7A78,123,122,120,1.000,down=#727272;up=#727272;north=#6C6C6C;south=#7F7F7F;west=#7F7F7F;east=#7F7F7F,down=#727272;up=#727272;north=#6C6C6C,none,neutral,2,8,yes,minecraft:block/furnace;minecraft:block/furnace_on,block;cube;orientable;orientable_with_bottom,minecraft:block/furnace_front;minecraft:block/furnace_front_on;minecraft:block/furnace_side;minecraft:block/furnace_top,medium,Average color is computed across the visible model variants referenced by this block.
minecraft:gilded_blackstone,full_cube_same_faces,full_cube,self_supporting_geometry,"Full cube [0,0,0]-[1,1,1] with same visual treatment on all six exterior faces.","Coordinates are normalized block-local [x,y,z] in 0..1, with y vertical. Occupies the entire voxel [0,0,0]-[1,1,1]. All six exterior faces are present; color differences, if any, are texture/face differences rather than geometry differences.",#48382D,72,56,45,1.000,down=#48382D;up=#48382D;north=#48382D;south=#48382D;west=#48382D;east=#48382D,,none,stone,1,1,no,minecraft:block/gilded_blackstone,block;cube;cube_all,minecraft:block/gilded_blackstone,medium,
minecraft:glass,full_cube_same_faces,full_cube,self_supporting_geometry,"Full cube [0,0,0]-[1,1,1] with same visual treatment on all six exterior faces.","Coordinates are normalized block-local [x,y,z] in 0..1, with y vertical. Occupies the entire voxel [0,0,0]-[1,1,1]. All six exterior faces are present; color differences, if any, are texture/face differences rather than geometry differences.",#B3D7DC,179,215,220,1.000,down=#B3D7DC;up=#B3D7DC;north=#B3D7DC;south=#B3D7DC;west=#B3D7DC;east=#B3D7DC,,none,glass;light,1,1,no,minecraft:block/glass,block;cube;cube_all,minecraft:block/glass,medium,
minecraft:glass_pane,thin_wall,thin_pane,self_supporting_geometry,"Narrow multipart connector: thin post, pane, bar, fence, or gate segments.","Coordinates are normalized block-local [x,y,z] in 0..1, with y vertical. Pane/bar geometry is a thin vertical connector system. A central post/cap sits near [0.4375,0,0.4375]-[0.5625,1,0.5625]. Each north/east/south/west=true side adds a thin vertical pane/bar from the center to that face; false omits that side. Single-connection states add end caps so the exposed edge has thickness.",#B0D5DB,176,213,219,1.000,,,none,glass;architectural_shape;light,5,9,yes,minecraft:block/glass_pane_noside;minecraft:block/glass_pane_noside_alt;minecraft:block/glass_pane_post;minecraft:block/glass_pane_side;minecraft:block/glass_pane_side_alt,template_glass_pane_noside;template_glass_pane_noside_alt;template_glass_pane_post;template_glass_pane_side;template_glass_pane_side_alt,minecraft:block/glass;minecraft:block/glass_pane_top,medium,Average color is computed across the visible model variants referenced by this block.
minecraft:glow_item_frame,entity_block,entity_renderer,entity_or_block_entity_renderer,Special renderer/entity-style block; normal model geometry is not authoritative.,"Coordinates are normalized block-local [x,y,z] in 0..1, with y vertical. This block is rendered by an entity, block entity, or special renderer rather than by a normal solid block model. Treat its world geometry as renderer-defined; this CSV intentionally does not infer a precise color or cuboid mesh from the block model.",,,,,,,,none,,2,2,no,minecraft:block/glow_item_frame;minecraft:block/glow_item_frame_map,template_item_frame;template_item_frame_map,,high,Average color intentionally omitted because this is handled by entity/block-entity rendering.
minecraft:glow_lichen,irregular_dependent,irregular_model,dependent_on_support_or_counterpart,"Irregular non-cube geometry that is expected to depend on a support block, substrate, or paired state.","Coordinates are normalized block-local [x,y,z] in 0..1, with y vertical. Surface-growth geometry: one or more very thin face-mounted sheets. Directional boolean properties choose which block faces receive a sheet; each sheet has near-zero thickness and follows that face.",#72847A,114,132,122,1.000,,,none,neutral,1,12,yes,minecraft:block/glow_lichen,,minecraft:block/glow_lichen,medium,
minecraft:glowstone,full_cube_same_faces,full_cube,self_supporting_geometry,"Full cube [0,0,0]-[1,1,1] with same visual treatment on all six exterior faces.","Coordinates are normalized block-local [x,y,z] in 0..1, with y vertical. Occupies the entire voxel [0,0,0]-[1,1,1]. All six exterior faces are present; color differences, if any, are texture/face differences rather than geometry differences.",#B7966E,183,150,110,1.000,down=#B7966E;up=#B7966E;north=#B7966E;south=#B7966E;west=#B7966E;east=#B7966E,,none,stone;light_source,1,1,no,minecraft:block/glowstone,block;cube;cube_all,minecraft:block/glowstone,medium,
minecraft:gold_block,full_cube_same_faces,full_cube,self_supporting_geometry,"Full cube [0,0,0]-[1,1,1] with same visual treatment on all six exterior faces.","Coordinates are normalized block-local [x,y,z] in 0..1, with y vertical. Occupies the entire voxel [0,0,0]-[1,1,1]. All six exterior faces are present; color differences, if any, are texture/face differences rather than geometry differences.",#F7D345,247,211,69,1.000,down=#F7D345;up=#F7D345;north=#F7D345;south=#F7D345;west=#F7D345;east=#F7D345,,none,light,1,1,no,minecraft:block/gold_block,block;cube;cube_all,minecraft:block/gold_block,medium,
minecraft:gold_ore,full_cube_same_faces,full_cube,self_supporting_geometry,"Full cube [0,0,0]-[1,1,1] with same visual treatment on all six exterior faces.","Coordinates are normalized block-local [x,y,z] in 0..1, with y vertical. Occupies the entire voxel [0,0,0]-[1,1,1]. All six exterior faces are present; color differences, if any, are texture/face differences rather than geometry differences.",#998B74,153,139,116,1.000,down=#998B74;up=#998B74;north=#998B74;south=#998B74;west=#998B74;east=#998B74,,none,ore,1,1,no,minecraft:block/gold_ore,block;cube;cube_all,minecraft:block/gold_ore,medium,
minecraft:granite,full_cube_same_faces,full_cube,self_supporting_geometry,"Full cube [0,0,0]-[1,1,1] with same visual treatment on all six exterior faces.","Coordinates are normalized block-local [x,y,z] in 0..1, with y vertical. Occupies the entire voxel [0,0,0]-[1,1,1]. All six exterior faces are present; color differences, if any, are texture/face differences rather than geometry differences.",#986A59,152,106,89,1.000,down=#986A59;up=#986A59;north=#986A59;south=#986A59;west=#986A59;east=#986A59,,none,stone,1,1,no,minecraft:block/granite,block;cube;cube_all,minecraft:block/granite,medium,
minecraft:granite_slab,slab,slab,self_supporting_geometry,Half-height or full-height rectangular prism selected by slab type.,"Coordinates are normalized block-local [x,y,z] in 0..1, with y vertical. type=bottom occupies [0,0,0]-[1,0.5,1]. type=top occupies [0,0.5,0]-[1,1,1]. type=double is a full cube [0,0,0]-[1,1,1]. Single-slab states are exactly half-height rectangular prisms.",#986A59,152,106,89,1.000,,,none,stone;architectural_shape,3,3,no,minecraft:block/granite;minecraft:block/granite_slab;minecraft:block/granite_slab_top,block;cube;cube_all;slab;slab_top,minecraft:block/granite,medium,Average color is computed across the visible model variants referenced by this block.
minecraft:granite_stairs,stairs,stairs,self_supporting_geometry,"Step-shaped block: half-block base plus one or more quarter/half prisms; straight, inner-corner, and outer-corner variants.","Coordinates are normalized block-local [x,y,z] in 0..1, with y vertical. Stairs are a full 1x1x1 cube with step-shaped upper/lower half removed. For half=bottom, shape=straight occupies a full bottom half [0,0,0]-[1,0.5,1] plus one upper half-prism [0.5,0.5,0]-[1,1,1] in the canonical east-facing model, so the side profile is an L and the missing volume is a 0.5x0.5x1 prism; facing rotates that prism to north/east/south/west. half=top mirrors the geometry vertically, putting the full half at y=0.5..1 and the step/void in y=0..0.5. shape=inner_left/inner_right occupies the full lower (or upper, for half=top) half plus an L-shaped pair of 0.5x0.5x1 and 0.5x0.5x0.5 upper/lower prisms, leaving exactly one 0.5x0.5x0.5 corner void; left/right chooses the corner after the facing rotation. shape=outer_left/outer_right occupies the full half plus only one 0.5x0.5x0.5 corner prism in the opposite half, leaving the other three corner quarters empty; left/right chooses the retained corner after facing rotation.",#986A59,152,106,89,1.000,,,none,stone;architectural_shape,3,40,yes,minecraft:block/granite_stairs;minecraft:block/granite_stairs_inner;minecraft:block/granite_stairs_outer,block;inner_stairs;outer_stairs;stairs,minecraft:block/granite,medium,Average color is computed across the visible model variants referenced by this block.
minecraft:granite_wall,coarse_wall,masonry_wall,self_supporting_geometry,Thick multipart wall: optional center post plus low/tall side arms.,"Coordinates are normalized block-local [x,y,z] in 0..1, with y vertical. Thick wall states are multipart masonry geometry. up=true adds a center post [0.25,0,0.25]-[0.75,1,0.75]. For each of north/east/south/west: value=none adds no arm; value=low adds a thick arm from the post to that face, approximately 0.375 wide, 0.5 long, and 0.875 high; value=tall uses the same footprint but rises to full height y=1. Direction values rotate the canonical north arm [0.3125,0,0]-[0.6875,0.875 or 1,0.5].",#986A59,152,106,89,1.000,,,none,stone;architectural_shape,3,9,yes,minecraft:block/granite_wall_post;minecraft:block/granite_wall_side;minecraft:block/granite_wall_side_tall,template_wall_post;template_wall_side;template_wall_side_tall,minecraft:block/granite,medium,Average color is computed across the visible model variants referenced by this block.
minecraft:grass_block,full_cube_different_faces,full_cube,self_supporting_geometry,"Full cube [0,0,0]-[1,1,1] with face-dependent visual treatment.","Coordinates are normalized block-local [x,y,z] in 0..1, with y vertical. Occupies the entire voxel [0,0,0]-[1,1,1]. All six exterior faces are present; color differences, if any, are texture/face differences rather than geometry differences.",#948675,148,134,117,1.000,down=#8A6346;up=#556E34;north=#7F6442;south=#7F6442;west=#7F6442;east=#7F6442,down=#8A6346;up=#556E34,plains_grass,vegetation,2,5,yes,minecraft:block/grass_block;minecraft:block/grass_block_snow,block;cube;cube_bottom_top,minecraft:block/dirt;minecraft:block/grass_block_side;minecraft:block/grass_block_side_overlay;minecraft:block/grass_block_snow;minecraft:block/grass_block_top,medium,Tinted textures use the plains biome approximation for color averaging. Average color is computed across the visible model variants referenced by this block.
minecraft:gravel,full_cube_same_faces,full_cube,self_supporting_geometry,"Full cube [0,0,0]-[1,1,1] with same visual treatment on all six exterior faces.","Coordinates are normalized block-local [x,y,z] in 0..1, with y vertical. Occupies the entire voxel [0,0,0]-[1,1,1]. All six exterior faces are present; color differences, if any, are texture/face differences rather than geometry differences.",#858180,133,129,128,1.000,down=#858180;up=#858180;north=#858180;south=#858180;west=#858180;east=#858180,,none,neutral,1,1,no,minecraft:block/gravel,block;cube;cube_all,minecraft:block/gravel,medium,
minecraft:gray_banner,entity_block,entity_renderer,entity_or_block_entity_renderer,Special renderer/entity-style block; normal model geometry is not authoritative.,"Coordinates are normalized block-local [x,y,z] in 0..1, with y vertical. This block is rendered by an entity, block entity, or special renderer rather than by a normal solid block model. Treat its world geometry as renderer-defined; this CSV intentionally does not infer a precise color or cuboid mesh from the block model.",,,,,,,,none,,1,1,no,minecraft:block/banner,,,high,Average color intentionally omitted because this is handled by entity/block-entity rendering.
minecraft:gray_bed,entity_block,entity_renderer,entity_or_block_entity_renderer,Special renderer/entity-style block; normal model geometry is not authoritative.,"Coordinates are normalized block-local [x,y,z] in 0..1, with y vertical. This block is rendered by an entity, block entity, or special renderer rather than by a normal solid block model. Treat its world geometry as renderer-defined; this CSV intentionally does not infer a precise color or cuboid mesh from the block model.",,,,,,,,none,,1,1,no,minecraft:block/bed,,,high,Average color intentionally omitted because this is handled by entity/block-entity rendering.
minecraft:gray_candle,irregular_dependent,irregular_model,dependent_on_support_or_counterpart,"Irregular non-cube geometry that is expected to depend on a support block, substrate, or paired state.","Coordinates are normalized block-local [x,y,z] in 0..1, with y vertical. Candle geometry is one to four slim vertical candle rods on the top surface. candles=1..4 changes the number and offsets of rods; lit=true adds flame rendering without changing the wax body geometry.",#687169,104,113,105,1.000,,,none,neutral,8,8,no,minecraft:block/gray_candle_four_candles;minecraft:block/gray_candle_four_candles_lit;minecraft:block/gray_candle_one_candle;minecraft:block/gray_candle_one_candle_lit;minecraft:block/gray_candle_three_candles;minecraft:block/gray_candle_three_candles_lit;minecraft:block/gray_candle_two_candles;minecraft:block/gray_candle_two_candles_lit,block;template_candle;template_four_candles;template_three_candles;template_two_candles,minecraft:block/gray_candle;minecraft:block/gray_candle_lit,medium,Average color is computed across the visible model variants referenced by this block.
minecraft:gray_candle_cake,irregular_dependent,irregular_model,dependent_on_support_or_counterpart,"Irregular non-cube geometry that is expected to depend on a support block, substrate, or paired state.","Coordinates are normalized block-local [x,y,z] in 0..1, with y vertical. Candle geometry is one to four slim vertical candle rods on the top surface. candles=1..4 changes the number and offsets of rods; lit=true adds flame rendering without changing the wax body geometry.",#C9ADA1,201,173,161,1.000,,,none,,2,2,no,minecraft:block/gray_candle_cake;minecraft:block/gray_candle_cake_lit,template_cake_with_candle,minecraft:block/cake_bottom;minecraft:block/cake_side;minecraft:block/cake_top;minecraft:block/gray_candle;minecraft:block/gray_candle_lit,medium,Average color is computed across the visible model variants referenced by this block.
minecraft:gray_carpet,irregular_dependent,thin_floor_layer,dependent_on_support_or_counterpart,Irregular very thin floor layer placed on a supporting surface.,"Coordinates are normalized block-local [x,y,z] in 0..1, with y vertical. Thin floor-layer geometry: a flat sheet on top of a supporting block, usually around 0.0625 block thick, occupying most or all of the x/z footprint while leaving almost the entire voxel empty.",#3F4548,63,69,72,1.000,,,none,fabric;neutral,1,1,no,minecraft:block/gray_carpet,block;carpet;thin_block,minecraft:block/gray_wool,medium,
minecraft:gray_concrete,full_cube_same_faces,full_cube,self_supporting_geometry,"Full cube [0,0,0]-[1,1,1] with same visual treatment on all six exterior faces.","Coordinates are normalized block-local [x,y,z] in 0..1, with y vertical. Occupies the entire voxel [0,0,0]-[1,1,1]. All six exterior faces are present; color differences, if any, are texture/face differences rather than geometry differences.",#373A3E,55,58,62,1.000,down=#373A3E;up=#373A3E;north=#373A3E;south=#373A3E;west=#373A3E;east=#373A3E,,none,concrete;neutral,1,1,no,minecraft:block/gray_concrete,block;cube;cube_all,minecraft:block/gray_concrete,medium,
minecraft:gray_concrete_powder,full_cube_same_faces,full_cube,self_supporting_geometry,"Full cube [0,0,0]-[1,1,1] with same visual treatment on all six exterior faces.","Coordinates are normalized block-local [x,y,z] in 0..1, with y vertical. Occupies the entire voxel [0,0,0]-[1,1,1]. All six exterior faces are present; color differences, if any, are texture/face differences rather than geometry differences.",#4D5155,77,81,85,1.000,down=#4D5155;up=#4D5155;north=#4D5155;south=#4D5155;west=#4D5155;east=#4D5155,,none,concrete;neutral,1,4,yes,minecraft:block/gray_concrete_powder,block;cube;cube_all,minecraft:block/gray_concrete_powder,medium,
minecraft:gray_glazed_terracotta,full_cube_same_faces,full_cube,self_supporting_geometry,"Full cube [0,0,0]-[1,1,1] with same visual treatment on all six exterior faces.","Coordinates are normalized block-local [x,y,z] in 0..1, with y vertical. Occupies the entire voxel [0,0,0]-[1,1,1]. All six exterior faces are present; color differences, if any, are texture/face differences rather than geometry differences.",#5B6164,91,97,100,1.000,down=#5B6164;up=#5B6164;north=#5B6164;south=#5B6164;west=#5B6164;east=#5B6164,,none,ceramic;neutral,1,4,yes,minecraft:block/gray_glazed_terracotta,block;cube;template_glazed_terracotta,minecraft:block/gray_glazed_terracotta,medium,
minecraft:gray_shulker_box,entity_block,entity_renderer,entity_or_block_entity_renderer,Special renderer/entity-style block; normal model geometry is not authoritative.,"Coordinates are normalized block-local [x,y,z] in 0..1, with y vertical. This block is rendered by an entity, block entity, or special renderer rather than by a normal solid block model. Treat its world geometry as renderer-defined; this CSV intentionally does not infer a precise color or cuboid mesh from the block model.",,,,,,,,none,,1,1,no,minecraft:block/gray_shulker_box,,,high,Average color intentionally omitted because this is handled by entity/block-entity rendering.
minecraft:gray_stained_glass,full_cube_same_faces,full_cube,self_supporting_geometry,"Full cube [0,0,0]-[1,1,1] with same visual treatment on all six exterior faces.","Coordinates are normalized block-local [x,y,z] in 0..1, with y vertical. Occupies the entire voxel [0,0,0]-[1,1,1]. All six exterior faces are present; color differences, if any, are texture/face differences rather than geometry differences.",#4C4C4C,76,76,76,0.460,down=#4C4C4C;up=#4C4C4C;north=#4C4C4C;south=#4C4C4C;west=#4C4C4C;east=#4C4C4C,,none,glass;neutral,1,1,no,minecraft:block/gray_stained_glass,block;cube;cube_all,minecraft:block/gray_stained_glass,medium,
minecraft:gray_stained_glass_pane,thin_wall,thin_pane,self_supporting_geometry,"Narrow multipart connector: thin post, pane, bar, fence, or gate segments.","Coordinates are normalized block-local [x,y,z] in 0..1, with y vertical. Pane/bar geometry is a thin vertical connector system. A central post/cap sits near [0.4375,0,0.4375]-[0.5625,1,0.5625]. Each north/east/south/west=true side adds a thin vertical pane/bar from the center to that face; false omits that side. Single-connection states add end caps so the exposed edge has thickness.",#4B4B4B,75,75,75,0.575,,,none,glass;architectural_shape;neutral,5,9,yes,minecraft:block/gray_stained_glass_pane_noside;minecraft:block/gray_stained_glass_pane_noside_alt;minecraft:block/gray_stained_glass_pane_post;minecraft:block/gray_stained_glass_pane_side;minecraft:block/gray_stained_glass_pane_side_alt,template_glass_pane_noside;template_glass_pane_noside_alt;template_glass_pane_post;template_glass_pane_side;template_glass_pane_side_alt,minecraft:block/gray_stained_glass;minecraft:block/gray_stained_glass_pane_top,medium,Average color is computed across the visible model variants referenced by this block.
minecraft:gray_terracotta,full_cube_same_faces,full_cube,self_supporting_geometry,"Full cube [0,0,0]-[1,1,1] with same visual treatment on all six exterior faces.","Coordinates are normalized block-local [x,y,z] in 0..1, with y vertical. Occupies the entire voxel [0,0,0]-[1,1,1]. All six exterior faces are present; color differences, if any, are texture/face differences rather than geometry differences.",#3A2A24,58,42,36,1.000,down=#3A2A24;up=#3A2A24;north=#3A2A24;south=#3A2A24;west=#3A2A24;east=#3A2A24,,none,ceramic;dark,1,1,no,minecraft:block/gray_terracotta,block;cube;cube_all,minecraft:block/gray_terracotta,medium,
minecraft:gray_wall_banner,entity_block,entity_renderer,entity_or_block_entity_renderer,Special renderer/entity-style block; normal model geometry is not authoritative.,"Coordinates are normalized block-local [x,y,z] in 0..1, with y vertical. This block is rendered by an entity, block entity, or special renderer rather than by a normal solid block model. Treat its world geometry as renderer-defined; this CSV intentionally does not infer a precise color or cuboid mesh from the block model.",,,,,,,,none,,1,1,no,minecraft:block/banner,,,high,Average color intentionally omitted because this is handled by entity/block-entity rendering.
minecraft:gray_wool,full_cube_same_faces,full_cube,self_supporting_geometry,"Full cube [0,0,0]-[1,1,1] with same visual treatment on all six exterior faces.","Coordinates are normalized block-local [x,y,z] in 0..1, with y vertical. Occupies the entire voxel [0,0,0]-[1,1,1]. All six exterior faces are present; color differences, if any, are texture/face differences rather than geometry differences.",#3F4548,63,69,72,1.000,down=#3F4548;up=#3F4548;north=#3F4548;south=#3F4548;west=#3F4548;east=#3F4548,,none,fabric;neutral,1,1,no,minecraft:block/gray_wool,block;cube;cube_all,minecraft:block/gray_wool,medium,
minecraft:green_banner,entity_block,entity_renderer,entity_or_block_entity_renderer,Special renderer/entity-style block; normal model geometry is not authoritative.,"Coordinates are normalized block-local [x,y,z] in 0..1, with y vertical. This block is rendered by an entity, block entity, or special renderer rather than by a normal solid block model. Treat its world geometry as renderer-defined; this CSV intentionally does not infer a precise color or cuboid mesh from the block model.",,,,,,,,none,,1,1,no,minecraft:block/banner,,,high,Average color intentionally omitted because this is handled by entity/block-entity rendering.
minecraft:green_bed,entity_block,entity_renderer,entity_or_block_entity_renderer,Special renderer/entity-style block; normal model geometry is not authoritative.,"Coordinates are normalized block-local [x,y,z] in 0..1, with y vertical. This block is rendered by an entity, block entity, or special renderer rather than by a normal solid block model. Treat its world geometry as renderer-defined; this CSV intentionally does not infer a precise color or cuboid mesh from the block model.",,,,,,,,none,,1,1,no,minecraft:block/bed,,,high,Average color intentionally omitted because this is handled by entity/block-entity rendering.
minecraft:green_candle,irregular_dependent,irregular_model,dependent_on_support_or_counterpart,"Irregular non-cube geometry that is expected to depend on a support block, substrate, or paired state.","Coordinates are normalized block-local [x,y,z] in 0..1, with y vertical. Candle geometry is one to four slim vertical candle rods on the top surface. candles=1..4 changes the number and offsets of rods; lit=true adds flame rendering without changing the wax body geometry.",#5C7019,92,112,25,1.000,,,none,,8,8,no,minecraft:block/green_candle_four_candles;minecraft:block/green_candle_four_candles_lit;minecraft:block/green_candle_one_candle;minecraft:block/green_candle_one_candle_lit;minecraft:block/green_candle_three_candles;minecraft:block/green_candle_three_candles_lit;minecraft:block/green_candle_two_candles;minecraft:block/green_candle_two_candles_lit,block;template_candle;template_four_candles;template_three_candles;template_two_candles,minecraft:block/green_candle;minecraft:block/green_candle_lit,medium,Average color is computed across the visible model variants referenced by this block.
minecraft:green_candle_cake,irregular_dependent,irregular_model,dependent_on_support_or_counterpart,"Irregular non-cube geometry that is expected to depend on a support block, substrate, or paired state.","Coordinates are normalized block-local [x,y,z] in 0..1, with y vertical. Candle geometry is one to four slim vertical candle rods on the top surface. candles=1..4 changes the number and offsets of rods; lit=true adds flame rendering without changing the wax body geometry.",#C9AD9F,201,173,159,1.000,,,none,,2,2,no,minecraft:block/green_candle_cake;minecraft:block/green_candle_cake_lit,template_cake_with_candle,minecraft:block/cake_bottom;minecraft:block/cake_side;minecraft:block/cake_top;minecraft:block/green_candle;minecraft:block/green_candle_lit,medium,Average color is computed across the visible model variants referenced by this block.
minecraft:green_carpet,irregular_dependent,thin_floor_layer,dependent_on_support_or_counterpart,Irregular very thin floor layer placed on a supporting surface.,"Coordinates are normalized block-local [x,y,z] in 0..1, with y vertical. Thin floor-layer geometry: a flat sheet on top of a supporting block, usually around 0.0625 block thick, occupying most or all of the x/z footprint while leaving almost the entire voxel empty.",#556E1C,85,110,28,1.000,,,none,fabric,1,1,no,minecraft:block/green_carpet,block;carpet;thin_block,minecraft:block/green_wool,medium,
minecraft:green_concrete,full_cube_same_faces,full_cube,self_supporting_geometry,"Full cube [0,0,0]-[1,1,1] with same visual treatment on all six exterior faces.","Coordinates are normalized block-local [x,y,z] in 0..1, with y vertical. Occupies the entire voxel [0,0,0]-[1,1,1]. All six exterior faces are present; color differences, if any, are texture/face differences rather than geometry differences.",#495B24,73,91,36,1.000,down=#495B24;up=#495B24;north=#495B24;south=#495B24;west=#495B24;east=#495B24,,none,concrete,1,1,no,minecraft:block/green_concrete,block;cube;cube_all,minecraft:block/green_concrete,medium,
minecraft:green_concrete_powder,full_cube_same_faces,full_cube,self_supporting_geometry,"Full cube [0,0,0]-[1,1,1] with same visual treatment on all six exterior faces.","Coordinates are normalized block-local [x,y,z] in 0..1, with y vertical. Occupies the entire voxel [0,0,0]-[1,1,1]. All six exterior faces are present; color differences, if any, are texture/face differences rather than geometry differences.",#61782D,97,120,45,1.000,down=#61782D;up=#61782D;north=#61782D;south=#61782D;west=#61782D;east=#61782D,,none,concrete,1,4,yes,minecraft:block/green_concrete_powder,block;cube;cube_all,minecraft:block/green_concrete_powder,medium,
minecraft:green_glazed_terracotta,full_cube_same_faces,full_cube,self_supporting_geometry,"Full cube [0,0,0]-[1,1,1] with same visual treatment on all six exterior faces.","Coordinates are normalized block-local [x,y,z] in 0..1, with y vertical. Occupies the entire voxel [0,0,0]-[1,1,1]. All six exterior faces are present; color differences, if any, are texture/face differences rather than geometry differences.",#7F9563,127,149,99,1.000,down=#7F9563;up=#7F9563;north=#7F9563;south=#7F9563;west=#7F9563;east=#7F9563,,none,ceramic,1,4,yes,minecraft:block/green_glazed_terracotta,block;cube;template_glazed_terracotta,minecraft:block/green_glazed_terracotta,medium,
minecraft:green_shulker_box,entity_block,entity_renderer,entity_or_block_entity_renderer,Special renderer/entity-style block; normal model geometry is not authoritative.,"Coordinates are normalized block-local [x,y,z] in 0..1, with y vertical. This block is rendered by an entity, block entity, or special renderer rather than by a normal solid block model. Treat its world geometry as renderer-defined; this CSV intentionally does not infer a precise color or cuboid mesh from the block model.",,,,,,,,none,,1,1,no,minecraft:block/green_shulker_box,,,high,Average color intentionally omitted because this is handled by entity/block-entity rendering.
minecraft:green_stained_glass,full_cube_same_faces,full_cube,self_supporting_geometry,"Full cube [0,0,0]-[1,1,1] with same visual treatment on all six exterior faces.","Coordinates are normalized block-local [x,y,z] in 0..1, with y vertical. Occupies the entire voxel [0,0,0]-[1,1,1]. All six exterior faces are present; color differences, if any, are texture/face differences rather than geometry differences.",#667F33,102,127,51,0.460,down=#667F33;up=#667F33;north=#667F33;south=#667F33;west=#667F33;east=#667F33,,none,glass,1,1,no,minecraft:block/green_stained_glass,block;cube;cube_all,minecraft:block/green_stained_glass,medium,
minecraft:green_stained_glass_pane,thin_wall,thin_pane,self_supporting_geometry,"Narrow multipart connector: thin post, pane, bar, fence, or gate segments.","Coordinates are normalized block-local [x,y,z] in 0..1, with y vertical. Pane/bar geometry is a thin vertical connector system. A central post/cap sits near [0.4375,0,0.4375]-[0.5625,1,0.5625]. Each north/east/south/west=true side adds a thin vertical pane/bar from the center to that face; false omits that side. Single-connection states add end caps so the exposed edge has thickness.",#647D32,100,125,50,0.575,,,none,glass;architectural_shape,5,9,yes,minecraft:block/green_stained_glass_pane_noside;minecraft:block/green_stained_glass_pane_noside_alt;minecraft:block/green_stained_glass_pane_post;minecraft:block/green_stained_glass_pane_side;minecraft:block/green_stained_glass_pane_side_alt,template_glass_pane_noside;template_glass_pane_noside_alt;template_glass_pane_post;template_glass_pane_side;template_glass_pane_side_alt,minecraft:block/green_stained_glass;minecraft:block/green_stained_glass_pane_top,medium,Average color is computed across the visible model variants referenced by this block.
minecraft:green_terracotta,full_cube_same_faces,full_cube,self_supporting_geometry,"Full cube [0,0,0]-[1,1,1] with same visual treatment on all six exterior faces.","Coordinates are normalized block-local [x,y,z] in 0..1, with y vertical. Occupies the entire voxel [0,0,0]-[1,1,1]. All six exterior faces are present; color differences, if any, are texture/face differences rather than geometry differences.",#4C532A,76,83,42,1.000,down=#4C532A;up=#4C532A;north=#4C532A;south=#4C532A;west=#4C532A;east=#4C532A,,none,ceramic,1,1,no,minecraft:block/green_terracotta,block;cube;cube_all,minecraft:block/green_terracotta,medium,
minecraft:green_wall_banner,entity_block,entity_renderer,entity_or_block_entity_renderer,Special renderer/entity-style block; normal model geometry is not authoritative.,"Coordinates are normalized block-local [x,y,z] in 0..1, with y vertical. This block is rendered by an entity, block entity, or special renderer rather than by a normal solid block model. Treat its world geometry as renderer-defined; this CSV intentionally does not infer a precise color or cuboid mesh from the block model.",,,,,,,,none,,1,1,no,minecraft:block/banner,,,high,Average color intentionally omitted because this is handled by entity/block-entity rendering.
minecraft:green_wool,full_cube_same_faces,full_cube,self_supporting_geometry,"Full cube [0,0,0]-[1,1,1] with same visual treatment on all six exterior faces.","Coordinates are normalized block-local [x,y,z] in 0..1, with y vertical. Occupies the entire voxel [0,0,0]-[1,1,1]. All six exterior faces are present; color differences, if any, are texture/face differences rather than geometry differences.",#556E1C,85,110,28,1.000,down=#556E1C;up=#556E1C;north=#556E1C;south=#556E1C;west=#556E1C;east=#556E1C,,none,fabric,1,1,no,minecraft:block/green_wool,block;cube;cube_all,minecraft:block/green_wool,medium,
minecraft:grindstone,irregular_self_supporting,irregular_model,self_supporting_geometry,Irregular non-cube geometry that can be used as a standalone placed form.,"Coordinates are normalized block-local [x,y,z] in 0..1, with y vertical. Irregular model geometry resolved from block models. Representative normalized cuboids/planes: minecraft:block/grindstone -> 5 elements: [0.75,0,0.375]-[0.875,0.4375,0.625] + [0.125,0,0.375]-[0.25,0.4375,0.625] + [0.75,0.4375,0.3125]-[0.875,0.8125,0.6875] + [0.125,0.4375,0.3125]-[0.25,0.8125,0.6875] + [0.25,0.25,0.125]-[0.75,1,0.875]. Orientation or count states rotate, swap, or combine these cuboids without making the block a full cube.",#7C7877,124,120,119,1.000,,,none,stone;neutral,1,12,yes,minecraft:block/grindstone,block,minecraft:block/dark_oak_log;minecraft:block/grindstone_pivot;minecraft:block/grindstone_round;minecraft:block/grindstone_side,medium,
minecraft:hanging_roots,irregular_dependent,cross_planes,dependent_on_support_or_counterpart,"Irregular crossed flat planes with transparent cutout texture, typically plant-like and support/substrate dependent.","Coordinates are normalized block-local [x,y,z] in 0..1, with y vertical. Cross-plane geometry: two near-zero-thickness quads cross diagonally through the block center, usually spanning most of y=0..1. The visible silhouette comes from transparent texture pixels, not from cuboid volume; placement normally depends on ground or substrate support.",#A37661,163,118,97,1.000,,,none,vegetation,1,1,no,minecraft:block/hanging_roots,cross,minecraft:block/hanging_roots,medium,
minecraft:hay_block,full_cube_different_faces,full_cube,self_supporting_geometry,"Full cube [0,0,0]-[1,1,1] with face-dependent visual treatment.","Coordinates are normalized block-local [x,y,z] in 0..1, with y vertical. Occupies the entire voxel [0,0,0]-[1,1,1]. All six exterior faces are present; color differences, if any, are texture/face differences rather than geometry differences.",#A88D21,168,141,33,1.000,down=#A78D0D;up=#A78D0D;north=#A88D27;south=#A88D27;west=#A88D27;east=#A88D27,down=#A78D0D;up=#A78D0D,none,,2,3,yes,minecraft:block/hay_block;minecraft:block/hay_block_horizontal,block;cube;cube_column;cube_column_horizontal,minecraft:block/hay_block_side;minecraft:block/hay_block_top,medium,Average color is computed across the visible model variants referenced by this block.
minecraft:heavy_core,irregular_self_supporting,irregular_model,self_supporting_geometry,Irregular non-cube geometry that can be used as a standalone placed form.,"Coordinates are normalized block-local [x,y,z] in 0..1, with y vertical. Irregular model geometry resolved from block models. Representative normalized cuboids/planes: minecraft:block/heavy_core -> 1 element: [0.25,0,0.25]-[0.75,0.5,0.75]. Orientation or count states rotate, swap, or combine these cuboids without making the block a full cube.",#5B606A,91,96,106,1.000,,,none,ore;neutral,1,1,no,minecraft:block/heavy_core,,minecraft:block/heavy_core,medium,
minecraft:heavy_weighted_pressure_plate,irregular_dependent,irregular_model,dependent_on_support_or_counterpart,"Irregular non-cube geometry that is expected to depend on a support block, substrate, or paired state.","Coordinates are normalized block-local [x,y,z] in 0..1, with y vertical. Pressure plate geometry is a low rectangular floor plate occupying most of the x/z footprint. powered=false is slightly raised; powered=true lowers it closer to the supporting block.",#E2E2E2,226,226,226,1.000,,,none,light;neutral,2,16,no,minecraft:block/heavy_weighted_pressure_plate;minecraft:block/heavy_weighted_pressure_plate_down,block;pressure_plate_down;pressure_plate_up;thin_block,minecraft:block/iron_block,medium,Average color is computed across the visible model variants referenced by this block.
minecraft:honey_block,full_cube_same_faces,full_cube,self_supporting_geometry,"Full cube [0,0,0]-[1,1,1] with same visual treatment on all six exterior faces.","Coordinates are normalized block-local [x,y,z] in 0..1, with y vertical. Occupies the entire voxel [0,0,0]-[1,1,1]. All six exterior faces are present; color differences, if any, are texture/face differences rather than geometry differences.",#F19417,241,148,23,0.506,down=#F19417;up=#F19417;north=#F19417;south=#F19417;west=#F19417;east=#F19417,,none,,1,1,no,minecraft:block/honey_block,block,minecraft:block/honey_block_bottom;minecraft:block/honey_block_side;minecraft:block/honey_block_top,medium,
minecraft:honeycomb_block,full_cube_same_faces,full_cube,self_supporting_geometry,"Full cube [0,0,0]-[1,1,1] with same visual treatment on all six exterior faces.","Coordinates are normalized block-local [x,y,z] in 0..1, with y vertical. Occupies the entire voxel [0,0,0]-[1,1,1]. All six exterior faces are present; color differences, if any, are texture/face differences rather than geometry differences.",#E69B35,230,155,53,1.000,down=#E69B35;up=#E69B35;north=#E69B35;south=#E69B35;west=#E69B35;east=#E69B35,,none,,1,1,no,minecraft:block/honeycomb_block,block;cube;cube_all,minecraft:block/honeycomb_block,medium,
minecraft:hopper,irregular_self_supporting,hopper_basin,self_supporting_geometry,"Irregular self-supporting hopper basin: flared top, tapered lower funnel, and directional outlet.","Coordinates are normalized block-local [x,y,z] in 0..1, with y vertical. Hopper geometry is a self-supporting open basin/funnel: a wide top rim/bowl occupies most of x/z near y=0.625..1, narrowing downward into a central funnel and a directional outlet. facing controls the outlet direction; down-facing drains vertically.",#3F3F41,63,63,65,1.000,,,none,neutral,2,5,yes,minecraft:block/hopper;minecraft:block/hopper_side,,minecraft:block/hopper_inside;minecraft:block/hopper_outside;minecraft:block/hopper_top,medium,Average color is computed across the visible model variants referenced by this block.
minecraft:horn_coral,irregular_dependent,cross_planes,dependent_on_support_or_counterpart,"Irregular crossed flat planes with transparent cutout texture, typically plant-like and support/substrate dependent.","Coordinates are normalized block-local [x,y,z] in 0..1, with y vertical. Cross-plane geometry: two near-zero-thickness quads cross diagonally through the block center, usually spanning most of y=0..1. The visible silhouette comes from transparent texture pixels, not from cuboid volume; placement normally depends on ground or substrate support.",#D2BE40,210,190,64,1.000,,,none,,1,1,no,minecraft:block/horn_coral,cross,minecraft:block/horn_coral,medium,
minecraft:horn_coral_block,full_cube_same_faces,full_cube,self_supporting_geometry,"Full cube [0,0,0]-[1,1,1] with same visual treatment on all six exterior faces.","Coordinates are normalized block-local [x,y,z] in 0..1, with y vertical. Occupies the entire voxel [0,0,0]-[1,1,1]. All six exterior faces are present; color differences, if any, are texture/face differences rather than geometry differences.",#D9CA43,217,202,67,1.000,down=#D9CA43;up=#D9CA43;north=#D9CA43;south=#D9CA43;west=#D9CA43;east=#D9CA43,,none,,1,1,no,minecraft:block/horn_coral_block,block;cube;cube_all,minecraft:block/horn_coral_block,medium,
minecraft:horn_coral_fan,irregular_dependent,irregular_model,dependent_on_support_or_counterpart,"Irregular non-cube geometry that is expected to depend on a support block, substrate, or paired state.","Coordinates are normalized block-local [x,y,z] in 0..1, with y vertical. Coral/fan geometry uses thin organic planes or small branch-like cuboids. Floor fan variants stand on the block top; wall fan variants mount as a thin sheet on the chosen wall face.",#CFB93E,207,185,62,1.000,,,none,,1,1,no,minecraft:block/horn_coral_fan,coral_fan,minecraft:block/horn_coral_fan,medium,
minecraft:horn_coral_wall_fan,irregular_dependent,irregular_model,dependent_on_support_or_counterpart,"Irregular non-cube geometry that is expected to depend on a support block, substrate, or paired state.","Coordinates are normalized block-local [x,y,z] in 0..1, with y vertical. Coral/fan geometry uses thin organic planes or small branch-like cuboids. Floor fan variants stand on the block top; wall fan variants mount as a thin sheet on the chosen wall face.",#CFB93E,207,185,62,1.000,,,none,,1,4,yes,minecraft:block/horn_coral_wall_fan,coral_wall_fan,minecraft:block/horn_coral_fan,medium,
minecraft:ice,full_cube_same_faces,full_cube,self_supporting_geometry,"Full cube [0,0,0]-[1,1,1] with same visual treatment on all six exterior faces.","Coordinates are normalized block-local [x,y,z] in 0..1, with y vertical. Occupies the entire voxel [0,0,0]-[1,1,1]. All six exterior faces are present; color differences, if any, are texture/face differences rather than geometry differences.",#92B8FE,146,184,254,0.745,down=#92B8FE;up=#92B8FE;north=#92B8FE;south=#92B8FE;west=#92B8FE;east=#92B8FE,,none,,1,1,no,minecraft:block/ice,block;cube;cube_all,minecraft:block/ice,medium,
minecraft:infested_chiseled_stone_bricks,full_cube_same_faces,full_cube,self_supporting_geometry,"Full cube [0,0,0]-[1,1,1] with same visual treatment on all six exterior faces.","Coordinates are normalized block-local [x,y,z] in 0..1, with y vertical. Occupies the entire voxel [0,0,0]-[1,1,1]. All six exterior faces are present; color differences, if any, are texture/face differences rather than geometry differences.",#7A797A,122,121,122,1.000,down=#7A797A;up=#7A797A;north=#7A797A;south=#7A797A;west=#7A797A;east=#7A797A,,none,stone;brick;neutral,1,1,no,minecraft:block/chiseled_stone_bricks,block;cube;cube_all,minecraft:block/chiseled_stone_bricks,medium,
minecraft:infested_cobblestone,full_cube_same_faces,full_cube,self_supporting_geometry,"Full cube [0,0,0]-[1,1,1] with same visual treatment on all six exterior faces.","Coordinates are normalized block-local [x,y,z] in 0..1, with y vertical. Occupies the entire voxel [0,0,0]-[1,1,1]. All six exterior faces are present; color differences, if any, are texture/face differences rather than geometry differences.",#848384,132,131,132,1.000,down=#848384;up=#848384;north=#848384;south=#848384;west=#848384;east=#848384,,none,stone;neutral,1,1,no,minecraft:block/cobblestone,block;cube;cube_all,minecraft:block/cobblestone,medium,
minecraft:infested_cracked_stone_bricks,full_cube_same_faces,full_cube,self_supporting_geometry,"Full cube [0,0,0]-[1,1,1] with same visual treatment on all six exterior faces.","Coordinates are normalized block-local [x,y,z] in 0..1, with y vertical. Occupies the entire voxel [0,0,0]-[1,1,1]. All six exterior faces are present; color differences, if any, are texture/face differences rather than geometry differences.",#787778,120,119,120,1.000,down=#787778;up=#787778;north=#787778;south=#787778;west=#787778;east=#787778,,none,stone;brick;neutral,1,1,no,minecraft:block/cracked_stone_bricks,block;cube;cube_all,minecraft:block/cracked_stone_bricks,medium,
minecraft:infested_deepslate,full_cube_different_faces,full_cube,self_supporting_geometry,"Full cube [0,0,0]-[1,1,1] with face-dependent visual treatment.","Coordinates are normalized block-local [x,y,z] in 0..1, with y vertical. Occupies the entire voxel [0,0,0]-[1,1,1]. All six exterior faces are present; color differences, if any, are texture/face differences rather than geometry differences.",#555557,85,85,87,1.000,down=#59595B;up=#59595B;north=#535355;south=#535355;west=#535355;east=#535355,down=#59595B;up=#59595B,none,stone;neutral,2,12,yes,minecraft:block/deepslate;minecraft:block/deepslate_mirrored,block;cube;cube_column;cube_column_mirrored;cube_mirrored,minecraft:block/deepslate;minecraft:block/deepslate_top,medium,Average color is computed across the visible model variants referenced by this block.
minecraft:infested_mossy_stone_bricks,full_cube_same_faces,full_cube,self_supporting_geometry,"Full cube [0,0,0]-[1,1,1] with same visual treatment on all six exterior faces.","Coordinates are normalized block-local [x,y,z] in 0..1, with y vertical. Occupies the entire voxel [0,0,0]-[1,1,1]. All six exterior faces are present; color differences, if any, are texture/face differences rather than geometry differences.",#767B6E,118,123,110,1.000,down=#767B6E;up=#767B6E;north=#767B6E;south=#767B6E;west=#767B6E;east=#767B6E,,none,stone;brick;vegetation;neutral,1,1,no,minecraft:block/mossy_stone_bricks,block;cube;cube_all,minecraft:block/mossy_stone_bricks,medium,
minecraft:infested_stone,full_cube_same_faces,full_cube,self_supporting_geometry,"Full cube [0,0,0]-[1,1,1] with same visual treatment on all six exterior faces.","Coordinates are normalized block-local [x,y,z] in 0..1, with y vertical. Occupies the entire voxel [0,0,0]-[1,1,1]. All six exterior faces are present; color differences, if any, are texture/face differences rather than geometry differences.",#7E7E7E,126,126,126,1.000,down=#7E7E7E;up=#7E7E7E;north=#7E7E7E;south=#7E7E7E;west=#7E7E7E;east=#7E7E7E,,none,stone;neutral,2,4,yes,minecraft:block/stone;minecraft:block/stone_mirrored,block;cube;cube_all;cube_mirrored;cube_mirrored_all,minecraft:block/stone,medium,Average color is computed across the visible model variants referenced by this block.
minecraft:infested_stone_bricks,full_cube_same_faces,full_cube,self_supporting_geometry,"Full cube [0,0,0]-[1,1,1] with same visual treatment on all six exterior faces.","Coordinates are normalized block-local [x,y,z] in 0..1, with y vertical. Occupies the entire voxel [0,0,0]-[1,1,1]. All six exterior faces are present; color differences, if any, are texture/face differences rather than geometry differences.",#7C7B7C,124,123,124,1.000,down=#7C7B7C;up=#7C7B7C;north=#7C7B7C;south=#7C7B7C;west=#7C7B7C;east=#7C7B7C,,none,stone;brick;neutral,1,1,no,minecraft:block/stone_bricks,block;cube;cube_all,minecraft:block/stone_bricks,medium,
minecraft:iron_bars,thin_wall,thin_bars,self_supporting_geometry,"Narrow multipart connector: thin post, pane, bar, fence, or gate segments.","Coordinates are normalized block-local [x,y,z] in 0..1, with y vertical. Pane/bar geometry is a thin vertical connector system. A central post/cap sits near [0.4375,0,0.4375]-[0.5625,1,0.5625]. Each north/east/south/west=true side adds a thin vertical pane/bar from the center to that face; false omits that side. Single-connection states add end caps so the exposed edge has thickness.",#898B88,137,139,136,1.000,,,none,architectural_shape;neutral,6,10,yes,minecraft:block/iron_bars_cap;minecraft:block/iron_bars_cap_alt;minecraft:block/iron_bars_post;minecraft:block/iron_bars_post_ends;minecraft:block/iron_bars_side;minecraft:block/iron_bars_side_alt,template_bars_cap;template_bars_cap_alt;template_bars_post;template_bars_post_ends;template_bars_side;template_bars_side_alt,minecraft:block/iron_bars,medium,Average color is computed across the visible model variants referenced by this block.
minecraft:iron_block,full_cube_same_faces,full_cube,self_supporting_geometry,"Full cube [0,0,0]-[1,1,1] with same visual treatment on all six exterior faces.","Coordinates are normalized block-local [x,y,z] in 0..1, with y vertical. Occupies the entire voxel [0,0,0]-[1,1,1]. All six exterior faces are present; color differences, if any, are texture/face differences rather than geometry differences.",#DDDDDD,221,221,221,1.000,down=#DDDDDD;up=#DDDDDD;north=#DDDDDD;south=#DDDDDD;west=#DDDDDD;east=#DDDDDD,,none,light;neutral,1,1,no,minecraft:block/iron_block,block;cube;cube_all,minecraft:block/iron_block,medium,
minecraft:iron_chain,irregular_self_supporting,chain_column,self_supporting_geometry,Irregular narrow chain column assembled from small linked cuboids.,"Coordinates are normalized block-local [x,y,z] in 0..1, with y vertical. Chain geometry is a narrow linked column made from small crossed cuboids. axis=x/y/z rotates the link column along that axis, leaving most of the voxel empty.",#363C4C,54,60,76,1.000,,,none,,1,3,yes,minecraft:block/iron_chain,block;template_chain,minecraft:block/iron_chain,medium,
minecraft:iron_door,irregular_dependent,hinged_panel,dependent_on_support_or_counterpart,"Irregular thin hinged panel; open/closed, half, hinge, or facing changes by state.","Coordinates are normalized block-local [x,y,z] in 0..1, with y vertical. Door-like geometry is a thin vertical panel about 0.1875 blocks thick and one block tall per half. half=lower/upper selects the lower or upper block of the two-block door. facing chooses the panel orientation, hinge selects the pivot side, and open=true rotates the panel around that hinge.",#C5C4C4,197,196,196,1.000,,,none,neutral,8,32,yes,minecraft:block/iron_door_bottom_left;minecraft:block/iron_door_bottom_left_open;minecraft:block/iron_door_bottom_right;minecraft:block/iron_door_bottom_right_open;minecraft:block/iron_door_top_left;minecraft:block/iron_door_top_left_open;minecraft:block/iron_door_top_right;minecraft:block/iron_door_top_right_open,door_bottom_left;door_bottom_left_open;door_bottom_right;door_bottom_right_open;door_top_left;door_top_left_open;door_top_right;door_top_right_open,minecraft:block/iron_door_bottom;minecraft:block/iron_door_top,medium,Average color is computed across the visible model variants referenced by this block.
minecraft:iron_ore,full_cube_same_faces,full_cube,self_supporting_geometry,"Full cube [0,0,0]-[1,1,1] with same visual treatment on all six exterior faces.","Coordinates are normalized block-local [x,y,z] in 0..1, with y vertical. Occupies the entire voxel [0,0,0]-[1,1,1]. All six exterior faces are present; color differences, if any, are texture/face differences rather than geometry differences.",#8C837C,140,131,124,1.000,down=#8C837C;up=#8C837C;north=#8C837C;south=#8C837C;west=#8C837C;east=#8C837C,,none,ore;neutral,1,1,no,minecraft:block/iron_ore,block;cube;cube_all,minecraft:block/iron_ore,medium,
minecraft:iron_trapdoor,irregular_dependent,hinged_panel,dependent_on_support_or_counterpart,"Irregular thin hinged panel; open/closed, half, hinge, or facing changes by state.","Coordinates are normalized block-local [x,y,z] in 0..1, with y vertical. Trapdoor geometry is a thin 1x1 panel about 0.1875 blocks thick. half=bottom places the closed panel at y=0..0.1875; half=top places it at y=0.8125..1. open=true rotates the same panel upright against the side chosen by facing.",#CBCACA,203,202,202,1.000,,,none,light;neutral,3,16,yes,minecraft:block/iron_trapdoor_bottom;minecraft:block/iron_trapdoor_open;minecraft:block/iron_trapdoor_top,block;template_trapdoor_bottom;template_trapdoor_open;template_trapdoor_top;thin_block,minecraft:block/iron_trapdoor,medium,Average color is computed across the visible model variants referenced by this block.
minecraft:item_frame,entity_block,entity_renderer,entity_or_block_entity_renderer,Special renderer/entity-style block; normal model geometry is not authoritative.,"Coordinates are normalized block-local [x,y,z] in 0..1, with y vertical. This block is rendered by an entity, block entity, or special renderer rather than by a normal solid block model. Treat its world geometry as renderer-defined; this CSV intentionally does not infer a precise color or cuboid mesh from the block model.",,,,,,,,none,,2,2,no,minecraft:block/item_frame;minecraft:block/item_frame_map,template_item_frame;template_item_frame_map,,high,Average color intentionally omitted because this is handled by entity/block-entity rendering.
minecraft:jack_o_lantern,full_cube_different_faces,full_cube,self_supporting_geometry,"Full cube [0,0,0]-[1,1,1] with face-dependent visual treatment.","Coordinates are normalized block-local [x,y,z] in 0..1, with y vertical. Occupies the entire voxel [0,0,0]-[1,1,1]. All six exterior faces are present; color differences, if any, are texture/face differences rather than geometry differences.",#CB8129,203,129,41,1.000,down=#C97A1E;up=#C97A1E;north=#DAA349;south=#C7771D;west=#C7771D;east=#C7771D,north=#DAA349,none,light_source,1,4,yes,minecraft:block/jack_o_lantern,block;cube;orientable;orientable_with_bottom,minecraft:block/jack_o_lantern;minecraft:block/pumpkin_side;minecraft:block/pumpkin_top,medium,
minecraft:jigsaw,full_cube_different_faces,full_cube,self_supporting_geometry,"Full cube [0,0,0]-[1,1,1] with face-dependent visual treatment.","Coordinates are normalized block-local [x,y,z] in 0..1, with y vertical. Occupies the entire voxel [0,0,0]-[1,1,1]. All six exterior faces are present; color differences, if any, are texture/face differences rather than geometry differences.",#584C59,88,76,89,1.000,down=#5F515F;up=#453D46;north=#746574;south=#241D27;west=#5F515F;east=#5F515F,up=#453D46;north=#746574;south=#241D27,none,neutral,1,12,yes,minecraft:block/jigsaw,block;cube_directional,minecraft:block/jigsaw_bottom;minecraft:block/jigsaw_lock;minecraft:block/jigsaw_side;minecraft:block/jigsaw_top,medium,
minecraft:jukebox,full_cube_different_faces,full_cube,self_supporting_geometry,"Full cube [0,0,0]-[1,1,1] with face-dependent visual treatment.","Coordinates are normalized block-local [x,y,z] in 0..1, with y vertical. Occupies the entire voxel [0,0,0]-[1,1,1]. All six exterior faces are present; color differences, if any, are texture/face differences rather than geometry differences.",#63402D,99,64,45,1.000,down=#623F2C;up=#674431;north=#623F2C;south=#623F2C;west=#623F2C;east=#623F2C,up=#674431,none,,1,1,no,minecraft:block/jukebox,block;cube;cube_top,minecraft:block/jukebox_side;minecraft:block/jukebox_top,medium,
minecraft:jungle_button,irregular_dependent,irregular_model,dependent_on_support_or_counterpart,"Irregular non-cube geometry that is expected to depend on a support block, substrate, or paired state.","Coordinates are normalized block-local [x,y,z] in 0..1, with y vertical. Button geometry is a small face-mounted cuboid. face/facing chooses the support face and orientation; powered=true uses a thinner pressed protrusion, while powered=false protrudes farther from the support surface.",#A27553,162,117,83,1.000,,,none,,2,24,yes,minecraft:block/jungle_button;minecraft:block/jungle_button_pressed,button;button_pressed,minecraft:block/jungle_planks,medium,Average color is computed across the visible model variants referenced by this block.
minecraft:jungle_door,irregular_dependent,hinged_panel,dependent_on_support_or_counterpart,"Irregular thin hinged panel; open/closed, half, hinge, or facing changes by state.","Coordinates are normalized block-local [x,y,z] in 0..1, with y vertical. Door-like geometry is a thin vertical panel about 0.1875 blocks thick and one block tall per half. half=lower/upper selects the lower or upper block of the two-block door. facing chooses the panel orientation, hinge selects the pivot side, and open=true rotates the panel around that hinge.",#A67A56,166,122,86,1.000,,,none,,8,32,yes,minecraft:block/jungle_door_bottom_left;minecraft:block/jungle_door_bottom_left_open;minecraft:block/jungle_door_bottom_right;minecraft:block/jungle_door_bottom_right_open;minecraft:block/jungle_door_top_left;minecraft:block/jungle_door_top_left_open;minecraft:block/jungle_door_top_right;minecraft:block/jungle_door_top_right_open,door_bottom_left;door_bottom_left_open;door_bottom_right;door_bottom_right_open;door_top_left;door_top_left_open;door_top_right;door_top_right_open,minecraft:block/jungle_door_bottom;minecraft:block/jungle_door_top,medium,Average color is computed across the visible model variants referenced by this block.
minecraft:jungle_fence,thin_wall,fence,self_supporting_geometry,"Narrow multipart connector: thin post, pane, bar, fence, or gate segments.","Coordinates are normalized block-local [x,y,z] in 0..1, with y vertical. Fence geometry is multipart. The center post is [0.375,0,0.375]-[0.625,1,0.625]. Each north/east/south/west=true connector adds two narrow horizontal rails from the post toward that face: lower rail around y=0.375..0.5625 and upper rail around y=0.75..0.9375, with a 0.125-thick cross-section. false leaves that side open.",#A27553,162,117,83,1.000,,,none,architectural_shape,2,5,yes,minecraft:block/jungle_fence_post;minecraft:block/jungle_fence_side,fence_post;fence_side,minecraft:block/jungle_planks,medium,Average color is computed across the visible model variants referenced by this block.
minecraft:jungle_fence_gate,thin_wall,fence_gate,self_supporting_geometry,"Narrow multipart connector: thin post, pane, bar, fence, or gate segments.","Coordinates are normalized block-local [x,y,z] in 0..1, with y vertical. Fence gate geometry is a pair of narrow side posts plus two hinged gate leaves. open=false places the leaves across the center line as a thin barrier; open=true swings the leaves back against the side posts. facing rotates the gate axis. in_wall=true lowers the posts and rails to align with coarse wall height, using the same narrow footprints but shifted downward.",#A27553,162,117,83,1.000,,,none,architectural_shape,4,16,yes,minecraft:block/jungle_fence_gate;minecraft:block/jungle_fence_gate_open;minecraft:block/jungle_fence_gate_wall;minecraft:block/jungle_fence_gate_wall_open,block;template_fence_gate;template_fence_gate_open;template_fence_gate_wall;template_fence_gate_wall_open,minecraft:block/jungle_planks,medium,Average color is computed across the visible model variants referenced by this block.
minecraft:jungle_hanging_sign,entity_block,entity_renderer,entity_or_block_entity_renderer,Special renderer/entity-style block; normal model geometry is not authoritative.,"Coordinates are normalized block-local [x,y,z] in 0..1, with y vertical. This block is rendered by an entity, block entity, or special renderer rather than by a normal solid block model. Treat its world geometry as renderer-defined; this CSV intentionally does not infer a precise color or cuboid mesh from the block model.",,,,,,,,none,,1,1,no,minecraft:block/jungle_hanging_sign,,,high,Average color intentionally omitted because this is handled by entity/block-entity rendering.
minecraft:jungle_leaves,full_cube_same_faces,full_cube,self_supporting_geometry,"Full cube [0,0,0]-[1,1,1] with same visual treatment on all six exterior faces.","Coordinates are normalized block-local [x,y,z] in 0..1, with y vertical. Occupies the entire voxel [0,0,0]-[1,1,1]. All six exterior faces are present; color differences, if any, are texture/face differences rather than geometry differences.",#4B691B,75,105,27,1.000,down=#4B691B;up=#4B691B;north=#4B691B;south=#4B691B;west=#4B691B;east=#4B691B,,plains_foliage,vegetation,1,1,no,minecraft:block/jungle_leaves,block;leaves,minecraft:block/jungle_leaves,medium,Tinted textures use the plains biome approximation for color averaging.
minecraft:jungle_log,full_cube_different_faces,full_cube,self_supporting_geometry,"Full cube [0,0,0]-[1,1,1] with face-dependent visual treatment.","Coordinates are normalized block-local [x,y,z] in 0..1, with y vertical. Occupies the entire voxel [0,0,0]-[1,1,1]. All six exterior faces are present; color differences, if any, are texture/face differences rather than geometry differences.",#735732,115,87,50,1.000,down=#9B714C;up=#9B714C;north=#57451A;south=#57451A;west=#57451A;east=#57451A,down=#9B714C;up=#9B714C,none,wood,2,3,yes,minecraft:block/jungle_log;minecraft:block/jungle_log_horizontal,block;cube;cube_column;cube_column_horizontal,minecraft:block/jungle_log;minecraft:block/jungle_log_top,medium,Average color is computed across the visible model variants referenced by this block.
minecraft:jungle_planks,full_cube_same_faces,full_cube,self_supporting_geometry,"Full cube [0,0,0]-[1,1,1] with same visual treatment on all six exterior faces.","Coordinates are normalized block-local [x,y,z] in 0..1, with y vertical. Occupies the entire voxel [0,0,0]-[1,1,1]. All six exterior faces are present; color differences, if any, are texture/face differences rather than geometry differences.",#A37654,163,118,84,1.000,down=#A37654;up=#A37654;north=#A37654;south=#A37654;west=#A37654;east=#A37654,,none,wood,1,1,no,minecraft:block/jungle_planks,block;cube;cube_all,minecraft:block/jungle_planks,medium,
minecraft:jungle_pressure_plate,irregular_dependent,irregular_model,dependent_on_support_or_counterpart,"Irregular non-cube geometry that is expected to depend on a support block, substrate, or paired state.","Coordinates are normalized block-local [x,y,z] in 0..1, with y vertical. Pressure plate geometry is a low rectangular floor plate occupying most of the x/z footprint. powered=false is slightly raised; powered=true lowers it closer to the supporting block.",#A17452,161,116,82,1.000,,,none,,2,2,no,minecraft:block/jungle_pressure_plate;minecraft:block/jungle_pressure_plate_down,block;pressure_plate_down;pressure_plate_up;thin_block,minecraft:block/jungle_planks,medium,Average color is computed across the visible model variants referenced by this block.
minecraft:jungle_sapling,irregular_dependent,cross_planes,dependent_on_support_or_counterpart,"Irregular crossed flat planes with transparent cutout texture, typically plant-like and support/substrate dependent.","Coordinates are normalized block-local [x,y,z] in 0..1, with y vertical. Cross-plane geometry: two near-zero-thickness quads cross diagonally through the block center, usually spanning most of y=0..1. The visible silhouette comes from transparent texture pixels, not from cuboid volume; placement normally depends on ground or substrate support.",#305713,48,87,19,1.000,,,none,,1,1,no,minecraft:block/jungle_sapling,cross,minecraft:block/jungle_sapling,medium,
minecraft:jungle_shelf,irregular_self_supporting,irregular_model,self_supporting_geometry,Irregular non-cube geometry that can be used as a standalone placed form.,"Coordinates are normalized block-local [x,y,z] in 0..1, with y vertical. Irregular model geometry resolved from block models. Representative normalized cuboids/planes: minecraft:block/jungle_shelf -> 3 elements: [0,0,0.8125]-[1,1,1] + [0,0,0.6875]-[1,0.25,0.8125] + [0,0.75,0.6875]-[1,1,0.8125] | minecraft:block/jungle_shelf_unpowered -> 1 element: [0,0.25,0.8125]-[1,0.75,0.8125]. Orientation or count states rotate, swap, or combine these cuboids without making the block a full cube.",#997849,153,120,73,1.000,,,none,,6,24,yes,minecraft:block/jungle_shelf;minecraft:block/jungle_shelf_center;minecraft:block/jungle_shelf_left;minecraft:block/jungle_shelf_right;minecraft:block/jungle_shelf_unconnected;minecraft:block/jungle_shelf_unpowered,block;template_shelf_body;template_shelf_center;template_shelf_left;template_shelf_right;template_shelf_unconnected;template_shelf_unpowered,minecraft:block/jungle_shelf,medium,Average color is computed across the visible model variants referenced by this block.
minecraft:jungle_sign,entity_block,entity_renderer,entity_or_block_entity_renderer,Special renderer/entity-style block; normal model geometry is not authoritative.,"Coordinates are normalized block-local [x,y,z] in 0..1, with y vertical. This block is rendered by an entity, block entity, or special renderer rather than by a normal solid block model. Treat its world geometry as renderer-defined; this CSV intentionally does not infer a precise color or cuboid mesh from the block model.",,,,,,,,none,,1,1,no,minecraft:block/jungle_sign,,,high,Average color intentionally omitted because this is handled by entity/block-entity rendering.
minecraft:jungle_slab,slab,slab,self_supporting_geometry,Half-height or full-height rectangular prism selected by slab type.,"Coordinates are normalized block-local [x,y,z] in 0..1, with y vertical. type=bottom occupies [0,0,0]-[1,0.5,1]. type=top occupies [0,0.5,0]-[1,1,1]. type=double is a full cube [0,0,0]-[1,1,1]. Single-slab states are exactly half-height rectangular prisms.",#A37654,163,118,84,1.000,,,none,architectural_shape,3,3,no,minecraft:block/jungle_planks;minecraft:block/jungle_slab;minecraft:block/jungle_slab_top,block;cube;cube_all;slab;slab_top,minecraft:block/jungle_planks,medium,Average color is computed across the visible model variants referenced by this block.
minecraft:jungle_stairs,stairs,stairs,self_supporting_geometry,"Step-shaped block: half-block base plus one or more quarter/half prisms; straight, inner-corner, and outer-corner variants.","Coordinates are normalized block-local [x,y,z] in 0..1, with y vertical. Stairs are a full 1x1x1 cube with step-shaped upper/lower half removed. For half=bottom, shape=straight occupies a full bottom half [0,0,0]-[1,0.5,1] plus one upper half-prism [0.5,0.5,0]-[1,1,1] in the canonical east-facing model, so the side profile is an L and the missing volume is a 0.5x0.5x1 prism; facing rotates that prism to north/east/south/west. half=top mirrors the geometry vertically, putting the full half at y=0.5..1 and the step/void in y=0..0.5. shape=inner_left/inner_right occupies the full lower (or upper, for half=top) half plus an L-shaped pair of 0.5x0.5x1 and 0.5x0.5x0.5 upper/lower prisms, leaving exactly one 0.5x0.5x0.5 corner void; left/right chooses the corner after the facing rotation. shape=outer_left/outer_right occupies the full half plus only one 0.5x0.5x0.5 corner prism in the opposite half, leaving the other three corner quarters empty; left/right chooses the retained corner after facing rotation.",#A37654,163,118,84,1.000,,,none,architectural_shape,3,40,yes,minecraft:block/jungle_stairs;minecraft:block/jungle_stairs_inner;minecraft:block/jungle_stairs_outer,block;inner_stairs;outer_stairs;stairs,minecraft:block/jungle_planks,medium,Average color is computed across the visible model variants referenced by this block.
minecraft:jungle_trapdoor,irregular_dependent,hinged_panel,dependent_on_support_or_counterpart,"Irregular thin hinged panel; open/closed, half, hinge, or facing changes by state.","Coordinates are normalized block-local [x,y,z] in 0..1, with y vertical. Trapdoor geometry is a thin 1x1 panel about 0.1875 blocks thick. half=bottom places the closed panel at y=0..0.1875; half=top places it at y=0.8125..1. open=true rotates the same panel upright against the side chosen by facing.",#9C704F,156,112,79,1.000,,,none,,3,16,yes,minecraft:block/jungle_trapdoor_bottom;minecraft:block/jungle_trapdoor_open;minecraft:block/jungle_trapdoor_top,block;template_orientable_trapdoor_bottom;template_orientable_trapdoor_open;template_orientable_trapdoor_top;thin_block,minecraft:block/jungle_trapdoor,medium,Average color is computed across the visible model variants referenced by this block.
minecraft:jungle_wall_hanging_sign,entity_block,entity_renderer,entity_or_block_entity_renderer,Special renderer/entity-style block; normal model geometry is not authoritative.,"Coordinates are normalized block-local [x,y,z] in 0..1, with y vertical. This block is rendered by an entity, block entity, or special renderer rather than by a normal solid block model. Treat its world geometry as renderer-defined; this CSV intentionally does not infer a precise color or cuboid mesh from the block model.",,,,,,,,none,,1,1,no,minecraft:block/jungle_hanging_sign,,,high,Average color intentionally omitted because this is handled by entity/block-entity rendering.
minecraft:jungle_wall_sign,entity_block,entity_renderer,entity_or_block_entity_renderer,Special renderer/entity-style block; normal model geometry is not authoritative.,"Coordinates are normalized block-local [x,y,z] in 0..1, with y vertical. This block is rendered by an entity, block entity, or special renderer rather than by a normal solid block model. Treat its world geometry as renderer-defined; this CSV intentionally does not infer a precise color or cuboid mesh from the block model.",,,,,,,,none,,1,1,no,minecraft:block/jungle_sign,,,high,Average color intentionally omitted because this is handled by entity/block-entity rendering.
minecraft:jungle_wood,full_cube_same_faces,full_cube,self_supporting_geometry,"Full cube [0,0,0]-[1,1,1] with same visual treatment on all six exterior faces.","Coordinates are normalized block-local [x,y,z] in 0..1, with y vertical. Occupies the entire voxel [0,0,0]-[1,1,1]. All six exterior faces are present; color differences, if any, are texture/face differences rather than geometry differences.",#57451A,87,69,26,1.000,down=#57451A;up=#57451A;north=#57451A;south=#57451A;west=#57451A;east=#57451A,,none,wood,1,3,yes,minecraft:block/jungle_wood,block;cube;cube_column,minecraft:block/jungle_log,medium,
minecraft:kelp,irregular_dependent,cross_planes,dependent_on_support_or_counterpart,"Irregular crossed flat planes with transparent cutout texture, typically plant-like and support/substrate dependent.","Coordinates are normalized block-local [x,y,z] in 0..1, with y vertical. Cross-plane geometry: two near-zero-thickness quads cross diagonally through the block center, usually spanning most of y=0..1. The visible silhouette comes from transparent texture pixels, not from cuboid volume; placement normally depends on ground or substrate support.",#57902D,87,144,45,1.000,,,none,,1,1,no,minecraft:block/kelp,cross,minecraft:block/kelp,medium,
minecraft:kelp_plant,irregular_dependent,cross_planes,dependent_on_support_or_counterpart,"Irregular crossed flat planes with transparent cutout texture, typically plant-like and support/substrate dependent.","Coordinates are normalized block-local [x,y,z] in 0..1, with y vertical. Cross-plane geometry: two near-zero-thickness quads cross diagonally through the block center, usually spanning most of y=0..1. The visible silhouette comes from transparent texture pixels, not from cuboid volume; placement normally depends on ground or substrate support.",#57862C,87,134,44,1.000,,,none,,1,1,no,minecraft:block/kelp_plant,cross,minecraft:block/kelp_plant,medium,
minecraft:ladder,irregular_dependent,irregular_model,dependent_on_support_or_counterpart,"Irregular non-cube geometry that is expected to depend on a support block, substrate, or paired state.","Coordinates are normalized block-local [x,y,z] in 0..1, with y vertical. Irregular model geometry resolved from block models. Representative normalized cuboids/planes: minecraft:block/ladder -> 1 element: [0,0,0.95]-[1,1,0.95]. Orientation or count states rotate, swap, or combine these cuboids without making the block a full cube.",#84663A,132,102,58,1.000,,,none,,1,4,yes,minecraft:block/ladder,,minecraft:block/ladder,medium,
minecraft:lantern,irregular_self_supporting,hanging_or_floor_lantern,self_supporting_geometry,Irregular non-cube geometry that can be used as a standalone placed form.,"Coordinates are normalized block-local [x,y,z] in 0..1, with y vertical. Lantern geometry is a compact cage-like light body with a small handle. hanging=false places it on the floor; hanging=true suspends it from the ceiling with the body lower in the voxel.",#8F725B,143,114,91,1.000,,,none,light_source,2,2,no,minecraft:block/lantern;minecraft:block/lantern_hanging,block;template_hanging_lantern;template_lantern,minecraft:block/lantern,medium,Average color is computed across the visible model variants referenced by this block.
minecraft:lapis_block,full_cube_same_faces,full_cube,self_supporting_geometry,"Full cube [0,0,0]-[1,1,1] with same visual treatment on all six exterior faces.","Coordinates are normalized block-local [x,y,z] in 0..1, with y vertical. Occupies the entire voxel [0,0,0]-[1,1,1]. All six exterior faces are present; color differences, if any, are texture/face differences rather than geometry differences.",#1F458D,31,69,141,1.000,down=#1F458D;up=#1F458D;north=#1F458D;south=#1F458D;west=#1F458D;east=#1F458D,,none,,1,1,no,minecraft:block/lapis_block,block;cube;cube_all,minecraft:block/lapis_block,medium,
minecraft:lapis_ore,full_cube_same_faces,full_cube,self_supporting_geometry,"Full cube [0,0,0]-[1,1,1] with same visual treatment on all six exterior faces.","Coordinates are normalized block-local [x,y,z] in 0..1, with y vertical. Occupies the entire voxel [0,0,0]-[1,1,1]. All six exterior faces are present; color differences, if any, are texture/face differences rather than geometry differences.",#747993,116,121,147,1.000,down=#747993;up=#747993;north=#747993;south=#747993;west=#747993;east=#747993,,none,ore,1,1,no,minecraft:block/lapis_ore,block;cube;cube_all,minecraft:block/lapis_ore,medium,
minecraft:large_amethyst_bud,irregular_dependent,cross_planes,dependent_on_support_or_counterpart,"Irregular crossed flat planes with transparent cutout texture, typically plant-like and support/substrate dependent.","Coordinates are normalized block-local [x,y,z] in 0..1, with y vertical. Cross-plane geometry: two near-zero-thickness quads cross diagonally through the block center, usually spanning most of y=0..1. The visible silhouette comes from transparent texture pixels, not from cuboid volume; placement normally depends on ground or substrate support.",#AC8BCE,172,139,206,1.000,,,none,,1,6,yes,minecraft:block/large_amethyst_bud,cross,minecraft:block/large_amethyst_bud,medium,
minecraft:large_fern,irregular_dependent,cross_planes,dependent_on_support_or_counterpart,"Irregular crossed flat planes with transparent cutout texture, typically plant-like and support/substrate dependent.","Coordinates are normalized block-local [x,y,z] in 0..1, with y vertical. Cross-plane geometry: two near-zero-thickness quads cross diagonally through the block center, usually spanning most of y=0..1. The visible silhouette comes from transparent texture pixels, not from cuboid volume; placement normally depends on ground or substrate support.",#4B612E,75,97,46,1.000,,,plains_grass,,2,2,no,minecraft:block/large_fern_bottom;minecraft:block/large_fern_top,tinted_cross,minecraft:block/large_fern_bottom;minecraft:block/large_fern_top,medium,Tinted textures use the plains biome approximation for color averaging. Average color is computed across the visible model variants referenced by this block.
minecraft:lava,irregular_self_supporting,fluid,fluid_special,Fluid/special renderer block; color is derived from still particle texture and plains tint when applicable.,"Coordinates are normalized block-local [x,y,z] in 0..1, with y vertical. Fluid/special geometry is not a fixed cuboid mesh in the block model. It occupies the cell as a fluid volume whose visible height and side surfaces are determined by fluid level and neighbors; color is sampled from the still particle texture with plains tint when applicable.",#D55E17,213,94,23,1.000,,,none,,1,1,no,minecraft:block/lava,,minecraft:block/lava_still,medium,
minecraft:lava_cauldron,irregular_self_supporting,fluid,fluid_special,Fluid/special renderer block; color is derived from still particle texture and plains tint when applicable.,"Coordinates are normalized block-local [x,y,z] in 0..1, with y vertical. Fluid/special geometry is not a fixed cuboid mesh in the block model. It occupies the cell as a fluid volume whose visible height and side surfaces are determined by fluid level and neighbors; color is sampled from the still particle texture with plains tint when applicable.",#4C4746,76,71,70,1.000,,,plains_grass_assumed,neutral,1,1,no,minecraft:block/lava_cauldron,template_cauldron_full,minecraft:block/cauldron_bottom;minecraft:block/cauldron_inner;minecraft:block/cauldron_side;minecraft:block/cauldron_top;minecraft:block/lava_still,medium,Tinted textures use the plains biome approximation for color averaging.
minecraft:leaf_litter,irregular_dependent,irregular_model,dependent_on_support_or_counterpart,"Irregular non-cube geometry that is expected to depend on a support block, substrate, or paired state.","Coordinates are normalized block-local [x,y,z] in 0..1, with y vertical. Irregular model geometry resolved from block models. Representative normalized cuboids/planes: minecraft:block/leaf_litter_1 -> 1 element: [0,0.0156,0]-[0.5,0.0156,0.5] | minecraft:block/leaf_litter_2 -> 1 element: [0,0.0156,0]-[0.5,0.0156,1] | minecraft:block/leaf_litter_3 -> 1 element: [0.5,0.0156,0.5]-[1,0.0156,1]. Orientation or count states rotate, swap, or combine these cuboids without making the block a full cube.",#62803C,98,128,60,1.000,,,plains_grass_assumed,,4,16,yes,minecraft:block/leaf_litter_1;minecraft:block/leaf_litter_2;minecraft:block/leaf_litter_3;minecraft:block/leaf_litter_4,template_leaf_litter_1;template_leaf_litter_2;template_leaf_litter_3;template_leaf_litter_4,minecraft:block/leaf_litter,medium,Tinted textures use the plains biome approximation for color averaging. Average color is computed across the visible model variants referenced by this block.
minecraft:lectern,irregular_self_supporting,irregular_model,self_supporting_geometry,Irregular non-cube geometry that can be used as a standalone placed form.,"Coordinates are normalized block-local [x,y,z] in 0..1, with y vertical. Irregular model geometry resolved from block models. Representative normalized cuboids/planes: minecraft:block/lectern -> 3 elements: [0,0,0]-[1,0.125,1] + [0.25,0.125,0.25]-[0.75,0.9375,0.75] + [0.0008,0.75,0.1875]-[0.9992,1,1]. Orientation or count states rotate, swap, or combine these cuboids without making the block a full cube.",#A17F4C,161,127,76,1.000,,,none,,1,4,yes,minecraft:block/lectern,block,minecraft:block/lectern_base;minecraft:block/lectern_front;minecraft:block/lectern_sides;minecraft:block/lectern_top;minecraft:block/oak_planks,medium,
minecraft:lever,irregular_dependent,irregular_model,dependent_on_support_or_counterpart,"Irregular non-cube geometry that is expected to depend on a support block, substrate, or paired state.","Coordinates are normalized block-local [x,y,z] in 0..1, with y vertical. Irregular model geometry resolved from block models. Representative normalized cuboids/planes: minecraft:block/lever_on -> 2 elements: [0.3125,-0.0012,0.25]-[0.6875,0.1863,0.75] + [0.4375,0.0625,0.4375]-[0.5625,0.6875,0.5625]. Orientation or count states rotate, swap, or combine these cuboids without making the block a full cube.",#807B77,128,123,119,1.000,,,none,neutral,2,24,yes,minecraft:block/lever;minecraft:block/lever_on,,minecraft:block/cobblestone;minecraft:block/lever,medium,Average color is computed across the visible model variants referenced by this block.
minecraft:light,technical_or_nonvisual,technical_nonvisual,nonvisual_or_engine_special,Invisible or technical block with no material-palette geometry.,"Coordinates are normalized block-local [x,y,z] in 0..1, with y vertical. Technical or nonvisual block. It has no useful visible placed geometry for material selection; collision/render behavior is engine-defined or intentionally invisible.",,,,,,,,none,,16,16,no,minecraft:block/light_00;minecraft:block/light_01;minecraft:block/light_02;minecraft:block/light_03;minecraft:block/light_04;minecraft:block/light_05;minecraft:block/light_06;minecraft:block/light_07;minecraft:block/light_08;minecraft:block/light_09;minecraft:block/light_10;minecraft:block/light_11;minecraft:block/light_12;minecraft:block/light_13;minecraft:block/light_14;minecraft:block/light_15,,,high,"Average color intentionally omitted because the block is invisible, technical, or non-material."
minecraft:light_blue_banner,entity_block,entity_renderer,entity_or_block_entity_renderer,Special renderer/entity-style block; normal model geometry is not authoritative.,"Coordinates are normalized block-local [x,y,z] in 0..1, with y vertical. This block is rendered by an entity, block entity, or special renderer rather than by a normal solid block model. Treat its world geometry as renderer-defined; this CSV intentionally does not infer a precise color or cuboid mesh from the block model.",,,,,,,,none,,1,1,no,minecraft:block/banner,,,high,Average color intentionally omitted because this is handled by entity/block-entity rendering.
minecraft:light_blue_bed,entity_block,entity_renderer,entity_or_block_entity_renderer,Special renderer/entity-style block; normal model geometry is not authoritative.,"Coordinates are normalized block-local [x,y,z] in 0..1, with y vertical. This block is rendered by an entity, block entity, or special renderer rather than by a normal solid block model. Treat its world geometry as renderer-defined; this CSV intentionally does not infer a precise color or cuboid mesh from the block model.",,,,,,,,none,,1,1,no,minecraft:block/bed,,,high,Average color intentionally omitted because this is handled by entity/block-entity rendering.
minecraft:light_blue_candle,irregular_dependent,irregular_model,dependent_on_support_or_counterpart,"Irregular non-cube geometry that is expected to depend on a support block, substrate, or paired state.","Coordinates are normalized block-local [x,y,z] in 0..1, with y vertical. Candle geometry is one to four slim vertical candle rods on the top surface. candles=1..4 changes the number and offsets of rods; lit=true adds flame rendering without changing the wax body geometry.",#3A99CA,58,153,202,1.000,,,none,,8,8,no,minecraft:block/light_blue_candle_four_candles;minecraft:block/light_blue_candle_four_candles_lit;minecraft:block/light_blue_candle_one_candle;minecraft:block/light_blue_candle_one_candle_lit;minecraft:block/light_blue_candle_three_candles;minecraft:block/light_blue_candle_three_candles_lit;minecraft:block/light_blue_candle_two_candles;minecraft:block/light_blue_candle_two_candles_lit,block;template_candle;template_four_candles;template_three_candles;template_two_candles,minecraft:block/light_blue_candle;minecraft:block/light_blue_candle_lit,medium,Average color is computed across the visible model variants referenced by this block.
minecraft:light_blue_candle_cake,irregular_dependent,irregular_model,dependent_on_support_or_counterpart,"Irregular non-cube geometry that is expected to depend on a support block, substrate, or paired state.","Coordinates are normalized block-local [x,y,z] in 0..1, with y vertical. Candle geometry is one to four slim vertical candle rods on the top surface. candles=1..4 changes the number and offsets of rods; lit=true adds flame rendering without changing the wax body geometry.",#C8AFA7,200,175,167,1.000,,,none,,2,2,no,minecraft:block/light_blue_candle_cake;minecraft:block/light_blue_candle_cake_lit,template_cake_with_candle,minecraft:block/cake_bottom;minecraft:block/cake_side;minecraft:block/cake_top;minecraft:block/light_blue_candle;minecraft:block/light_blue_candle_lit,medium,Average color is computed across the visible model variants referenced by this block.
minecraft:light_blue_carpet,irregular_dependent,thin_floor_layer,dependent_on_support_or_counterpart,Irregular very thin floor layer placed on a supporting surface.,"Coordinates are normalized block-local [x,y,z] in 0..1, with y vertical. Thin floor-layer geometry: a flat sheet on top of a supporting block, usually around 0.0625 block thick, occupying most or all of the x/z footprint while leaving almost the entire voxel empty.",#3CB0DA,60,176,218,1.000,,,none,fabric,1,1,no,minecraft:block/light_blue_carpet,block;carpet;thin_block,minecraft:block/light_blue_wool,medium,
minecraft:light_blue_concrete,full_cube_same_faces,full_cube,self_supporting_geometry,"Full cube [0,0,0]-[1,1,1] with same visual treatment on all six exterior faces.","Coordinates are normalized block-local [x,y,z] in 0..1, with y vertical. Occupies the entire voxel [0,0,0]-[1,1,1]. All six exterior faces are present; color differences, if any, are texture/face differences rather than geometry differences.",#2489C7,36,137,199,1.000,down=#2489C7;up=#2489C7;north=#2489C7;south=#2489C7;west=#2489C7;east=#2489C7,,none,concrete,1,1,no,minecraft:block/light_blue_concrete,block;cube;cube_all,minecraft:block/light_blue_concrete,medium,
minecraft:light_blue_concrete_powder,full_cube_same_faces,full_cube,self_supporting_geometry,"Full cube [0,0,0]-[1,1,1] with same visual treatment on all six exterior faces.","Coordinates are normalized block-local [x,y,z] in 0..1, with y vertical. Occupies the entire voxel [0,0,0]-[1,1,1]. All six exterior faces are present; color differences, if any, are texture/face differences rather than geometry differences.",#4BB5D6,75,181,214,1.000,down=#4BB5D6;up=#4BB5D6;north=#4BB5D6;south=#4BB5D6;west=#4BB5D6;east=#4BB5D6,,none,concrete,1,4,yes,minecraft:block/light_blue_concrete_powder,block;cube;cube_all,minecraft:block/light_blue_concrete_powder,medium,
minecraft:light_blue_glazed_terracotta,full_cube_same_faces,full_cube,self_supporting_geometry,"Full cube [0,0,0]-[1,1,1] with same visual treatment on all six exterior faces.","Coordinates are normalized block-local [x,y,z] in 0..1, with y vertical. Occupies the entire voxel [0,0,0]-[1,1,1]. All six exterior faces are present; color differences, if any, are texture/face differences rather than geometry differences.",#80B3D4,128,179,212,1.000,down=#80B3D4;up=#80B3D4;north=#80B3D4;south=#80B3D4;west=#80B3D4;east=#80B3D4,,none,ceramic,1,4,yes,minecraft:block/light_blue_glazed_terracotta,block;cube;template_glazed_terracotta,minecraft:block/light_blue_glazed_terracotta,medium,
minecraft:light_blue_shulker_box,entity_block,entity_renderer,entity_or_block_entity_renderer,Special renderer/entity-style block; normal model geometry is not authoritative.,"Coordinates are normalized block-local [x,y,z] in 0..1, with y vertical. This block is rendered by an entity, block entity, or special renderer rather than by a normal solid block model. Treat its world geometry as renderer-defined; this CSV intentionally does not infer a precise color or cuboid mesh from the block model.",,,,,,,,none,,1,1,no,minecraft:block/light_blue_shulker_box,,,high,Average color intentionally omitted because this is handled by entity/block-entity rendering.
minecraft:light_blue_stained_glass,full_cube_same_faces,full_cube,self_supporting_geometry,"Full cube [0,0,0]-[1,1,1] with same visual treatment on all six exterior faces.","Coordinates are normalized block-local [x,y,z] in 0..1, with y vertical. Occupies the entire voxel [0,0,0]-[1,1,1]. All six exterior faces are present; color differences, if any, are texture/face differences rather than geometry differences.",#6699D8,102,153,216,0.460,down=#6699D8;up=#6699D8;north=#6699D8;south=#6699D8;west=#6699D8;east=#6699D8,,none,glass,1,1,no,minecraft:block/light_blue_stained_glass,block;cube;cube_all,minecraft:block/light_blue_stained_glass,medium,
minecraft:light_blue_stained_glass_pane,thin_wall,thin_pane,self_supporting_geometry,"Narrow multipart connector: thin post, pane, bar, fence, or gate segments.","Coordinates are normalized block-local [x,y,z] in 0..1, with y vertical. Pane/bar geometry is a thin vertical connector system. A central post/cap sits near [0.4375,0,0.4375]-[0.5625,1,0.5625]. Each north/east/south/west=true side adds a thin vertical pane/bar from the center to that face; false omits that side. Single-connection states add end caps so the exposed edge has thickness.",#6496D4,100,150,212,0.575,,,none,glass;architectural_shape,5,9,yes,minecraft:block/light_blue_stained_glass_pane_noside;minecraft:block/light_blue_stained_glass_pane_noside_alt;minecraft:block/light_blue_stained_glass_pane_post;minecraft:block/light_blue_stained_glass_pane_side;minecraft:block/light_blue_stained_glass_pane_side_alt,template_glass_pane_noside;template_glass_pane_noside_alt;template_glass_pane_post;template_glass_pane_side;template_glass_pane_side_alt,minecraft:block/light_blue_stained_glass;minecraft:block/light_blue_stained_glass_pane_top,medium,Average color is computed across the visible model variants referenced by this block.
minecraft:light_blue_terracotta,full_cube_same_faces,full_cube,self_supporting_geometry,"Full cube [0,0,0]-[1,1,1] with same visual treatment on all six exterior faces.","Coordinates are normalized block-local [x,y,z] in 0..1, with y vertical. Occupies the entire voxel [0,0,0]-[1,1,1]. All six exterior faces are present; color differences, if any, are texture/face differences rather than geometry differences.",#726D8A,114,109,138,1.000,down=#726D8A;up=#726D8A;north=#726D8A;south=#726D8A;west=#726D8A;east=#726D8A,,none,ceramic,1,1,no,minecraft:block/light_blue_terracotta,block;cube;cube_all,minecraft:block/light_blue_terracotta,medium,
minecraft:light_blue_wall_banner,entity_block,entity_renderer,entity_or_block_entity_renderer,Special renderer/entity-style block; normal model geometry is not authoritative.,"Coordinates are normalized block-local [x,y,z] in 0..1, with y vertical. This block is rendered by an entity, block entity, or special renderer rather than by a normal solid block model. Treat its world geometry as renderer-defined; this CSV intentionally does not infer a precise color or cuboid mesh from the block model.",,,,,,,,none,,1,1,no,minecraft:block/banner,,,high,Average color intentionally omitted because this is handled by entity/block-entity rendering.
minecraft:light_blue_wool,full_cube_same_faces,full_cube,self_supporting_geometry,"Full cube [0,0,0]-[1,1,1] with same visual treatment on all six exterior faces.","Coordinates are normalized block-local [x,y,z] in 0..1, with y vertical. Occupies the entire voxel [0,0,0]-[1,1,1]. All six exterior faces are present; color differences, if any, are texture/face differences rather than geometry differences.",#3CB0DA,60,176,218,1.000,down=#3CB0DA;up=#3CB0DA;north=#3CB0DA;south=#3CB0DA;west=#3CB0DA;east=#3CB0DA,,none,fabric,1,1,no,minecraft:block/light_blue_wool,block;cube;cube_all,minecraft:block/light_blue_wool,medium,
minecraft:light_gray_banner,entity_block,entity_renderer,entity_or_block_entity_renderer,Special renderer/entity-style block; normal model geometry is not authoritative.,"Coordinates are normalized block-local [x,y,z] in 0..1, with y vertical. This block is rendered by an entity, block entity, or special renderer rather than by a normal solid block model. Treat its world geometry as renderer-defined; this CSV intentionally does not infer a precise color or cuboid mesh from the block model.",,,,,,,,none,,1,1,no,minecraft:block/banner,,,high,Average color intentionally omitted because this is handled by entity/block-entity rendering.
minecraft:light_gray_bed,entity_block,entity_renderer,entity_or_block_entity_renderer,Special renderer/entity-style block; normal model geometry is not authoritative.,"Coordinates are normalized block-local [x,y,z] in 0..1, with y vertical. This block is rendered by an entity, block entity, or special renderer rather than by a normal solid block model. Treat its world geometry as renderer-defined; this CSV intentionally does not infer a precise color or cuboid mesh from the block model.",,,,,,,,none,,1,1,no,minecraft:block/bed,,,high,Average color intentionally omitted because this is handled by entity/block-entity rendering.
minecraft:light_gray_candle,irregular_dependent,irregular_model,dependent_on_support_or_counterpart,"Irregular non-cube geometry that is expected to depend on a support block, substrate, or paired state.","Coordinates are normalized block-local [x,y,z] in 0..1, with y vertical. Candle geometry is one to four slim vertical candle rods on the top surface. candles=1..4 changes the number and offsets of rods; lit=true adds flame rendering without changing the wax body geometry.",#8D8C7E,141,140,126,1.000,,,none,neutral,8,8,no,minecraft:block/light_gray_candle_four_candles;minecraft:block/light_gray_candle_four_candles_lit;minecraft:block/light_gray_candle_one_candle;minecraft:block/light_gray_candle_one_candle_lit;minecraft:block/light_gray_candle_three_candles;minecraft:block/light_gray_candle_three_candles_lit;minecraft:block/light_gray_candle_two_candles;minecraft:block/light_gray_candle_two_candles_lit,block;template_candle;template_four_candles;template_three_candles;template_two_candles,minecraft:block/light_gray_candle;minecraft:block/light_gray_candle_lit,medium,Average color is computed across the visible model variants referenced by this block.
minecraft:light_gray_candle_cake,irregular_dependent,irregular_model,dependent_on_support_or_counterpart,"Irregular non-cube geometry that is expected to depend on a support block, substrate, or paired state.","Coordinates are normalized block-local [x,y,z] in 0..1, with y vertical. Candle geometry is one to four slim vertical candle rods on the top surface. candles=1..4 changes the number and offsets of rods; lit=true adds flame rendering without changing the wax body geometry.",#CAAEA2,202,174,162,1.000,,,none,,2,2,no,minecraft:block/light_gray_candle_cake;minecraft:block/light_gray_candle_cake_lit,template_cake_with_candle,minecraft:block/cake_bottom;minecraft:block/cake_side;minecraft:block/cake_top;minecraft:block/light_gray_candle;minecraft:block/light_gray_candle_lit,medium,Average color is computed across the visible model variants referenced by this block.
minecraft:light_gray_carpet,irregular_dependent,thin_floor_layer,dependent_on_support_or_counterpart,Irregular very thin floor layer placed on a supporting surface.,"Coordinates are normalized block-local [x,y,z] in 0..1, with y vertical. Thin floor-layer geometry: a flat sheet on top of a supporting block, usually around 0.0625 block thick, occupying most or all of the x/z footprint while leaving almost the entire voxel empty.",#8E8F87,142,143,135,1.000,,,none,fabric;neutral,1,1,no,minecraft:block/light_gray_carpet,block;carpet;thin_block,minecraft:block/light_gray_wool,medium,
minecraft:light_gray_concrete,full_cube_same_faces,full_cube,self_supporting_geometry,"Full cube [0,0,0]-[1,1,1] with same visual treatment on all six exterior faces.","Coordinates are normalized block-local [x,y,z] in 0..1, with y vertical. Occupies the entire voxel [0,0,0]-[1,1,1]. All six exterior faces are present; color differences, if any, are texture/face differences rather than geometry differences.",#7D7D73,125,125,115,1.000,down=#7D7D73;up=#7D7D73;north=#7D7D73;south=#7D7D73;west=#7D7D73;east=#7D7D73,,none,concrete;neutral,1,1,no,minecraft:block/light_gray_concrete,block;cube;cube_all,minecraft:block/light_gray_concrete,medium,
minecraft:light_gray_concrete_powder,full_cube_same_faces,full_cube,self_supporting_geometry,"Full cube [0,0,0]-[1,1,1] with same visual treatment on all six exterior faces.","Coordinates are normalized block-local [x,y,z] in 0..1, with y vertical. Occupies the entire voxel [0,0,0]-[1,1,1]. All six exterior faces are present; color differences, if any, are texture/face differences rather than geometry differences.",#9B9B95,155,155,149,1.000,down=#9B9B95;up=#9B9B95;north=#9B9B95;south=#9B9B95;west=#9B9B95;east=#9B9B95,,none,concrete;neutral,1,4,yes,minecraft:block/light_gray_concrete_powder,block;cube;cube_all,minecraft:block/light_gray_concrete_powder,medium,
minecraft:light_gray_glazed_terracotta,full_cube_same_faces,full_cube,self_supporting_geometry,"Full cube [0,0,0]-[1,1,1] with same visual treatment on all six exterior faces.","Coordinates are normalized block-local [x,y,z] in 0..1, with y vertical. Occupies the entire voxel [0,0,0]-[1,1,1]. All six exterior faces are present; color differences, if any, are texture/face differences rather than geometry differences.",#9FACAD,159,172,173,1.000,down=#9FACAD;up=#9FACAD;north=#9FACAD;south=#9FACAD;west=#9FACAD;east=#9FACAD,,none,ceramic;neutral,1,4,yes,minecraft:block/light_gray_glazed_terracotta,block;cube;template_glazed_terracotta,minecraft:block/light_gray_glazed_terracotta,medium,
minecraft:light_gray_shulker_box,entity_block,entity_renderer,entity_or_block_entity_renderer,Special renderer/entity-style block; normal model geometry is not authoritative.,"Coordinates are normalized block-local [x,y,z] in 0..1, with y vertical. This block is rendered by an entity, block entity, or special renderer rather than by a normal solid block model. Treat its world geometry as renderer-defined; this CSV intentionally does not infer a precise color or cuboid mesh from the block model.",,,,,,,,none,,1,1,no,minecraft:block/light_gray_shulker_box,,,high,Average color intentionally omitted because this is handled by entity/block-entity rendering.
minecraft:light_gray_stained_glass,full_cube_same_faces,full_cube,self_supporting_geometry,"Full cube [0,0,0]-[1,1,1] with same visual treatment on all six exterior faces.","Coordinates are normalized block-local [x,y,z] in 0..1, with y vertical. Occupies the entire voxel [0,0,0]-[1,1,1]. All six exterior faces are present; color differences, if any, are texture/face differences rather than geometry differences.",#999999,153,153,153,0.460,down=#999999;up=#999999;north=#999999;south=#999999;west=#999999;east=#999999,,none,glass;neutral,1,1,no,minecraft:block/light_gray_stained_glass,block;cube;cube_all,minecraft:block/light_gray_stained_glass,medium,
minecraft:light_gray_stained_glass_pane,thin_wall,thin_pane,self_supporting_geometry,"Narrow multipart connector: thin post, pane, bar, fence, or gate segments.","Coordinates are normalized block-local [x,y,z] in 0..1, with y vertical. Pane/bar geometry is a thin vertical connector system. A central post/cap sits near [0.4375,0,0.4375]-[0.5625,1,0.5625]. Each north/east/south/west=true side adds a thin vertical pane/bar from the center to that face; false omits that side. Single-connection states add end caps so the exposed edge has thickness.",#969696,150,150,150,0.575,,,none,glass;architectural_shape;neutral,5,9,yes,minecraft:block/light_gray_stained_glass_pane_noside;minecraft:block/light_gray_stained_glass_pane_noside_alt;minecraft:block/light_gray_stained_glass_pane_post;minecraft:block/light_gray_stained_glass_pane_side;minecraft:block/light_gray_stained_glass_pane_side_alt,template_glass_pane_noside;template_glass_pane_noside_alt;template_glass_pane_post;template_glass_pane_side;template_glass_pane_side_alt,minecraft:block/light_gray_stained_glass;minecraft:block/light_gray_stained_glass_pane_top,medium,Average color is computed across the visible model variants referenced by this block.
minecraft:light_gray_terracotta,full_cube_same_faces,full_cube,self_supporting_geometry,"Full cube [0,0,0]-[1,1,1] with same visual treatment on all six exterior faces.","Coordinates are normalized block-local [x,y,z] in 0..1, with y vertical. Occupies the entire voxel [0,0,0]-[1,1,1]. All six exterior faces are present; color differences, if any, are texture/face differences rather than geometry differences.",#876B62,135,107,98,1.000,down=#876B62;up=#876B62;north=#876B62;south=#876B62;west=#876B62;east=#876B62,,none,ceramic,1,1,no,minecraft:block/light_gray_terracotta,block;cube;cube_all,minecraft:block/light_gray_terracotta,medium,
minecraft:light_gray_wall_banner,entity_block,entity_renderer,entity_or_block_entity_renderer,Special renderer/entity-style block; normal model geometry is not authoritative.,"Coordinates are normalized block-local [x,y,z] in 0..1, with y vertical. This block is rendered by an entity, block entity, or special renderer rather than by a normal solid block model. Treat its world geometry as renderer-defined; this CSV intentionally does not infer a precise color or cuboid mesh from the block model.",,,,,,,,none,,1,1,no,minecraft:block/banner,,,high,Average color intentionally omitted because this is handled by entity/block-entity rendering.
minecraft:light_gray_wool,full_cube_same_faces,full_cube,self_supporting_geometry,"Full cube [0,0,0]-[1,1,1] with same visual treatment on all six exterior faces.","Coordinates are normalized block-local [x,y,z] in 0..1, with y vertical. Occupies the entire voxel [0,0,0]-[1,1,1]. All six exterior faces are present; color differences, if any, are texture/face differences rather than geometry differences.",#8E8F87,142,143,135,1.000,down=#8E8F87;up=#8E8F87;north=#8E8F87;south=#8E8F87;west=#8E8F87;east=#8E8F87,,none,fabric;neutral,1,1,no,minecraft:block/light_gray_wool,block;cube;cube_all,minecraft:block/light_gray_wool,medium,
minecraft:light_weighted_pressure_plate,irregular_dependent,irregular_model,dependent_on_support_or_counterpart,"Irregular non-cube geometry that is expected to depend on a support block, substrate, or paired state.","Coordinates are normalized block-local [x,y,z] in 0..1, with y vertical. Pressure plate geometry is a low rectangular floor plate occupying most of the x/z footprint. powered=false is slightly raised; powered=true lowers it closer to the supporting block.",#F9D749,249,215,73,1.000,,,none,light,2,16,no,minecraft:block/light_weighted_pressure_plate;minecraft:block/light_weighted_pressure_plate_down,block;pressure_plate_down;pressure_plate_up;thin_block,minecraft:block/gold_block,medium,Average color is computed across the visible model variants referenced by this block.
minecraft:lightning_rod,irregular_self_supporting,irregular_model,self_supporting_geometry,Irregular non-cube geometry that can be used as a standalone placed form.,"Coordinates are normalized block-local [x,y,z] in 0..1, with y vertical. Irregular model geometry resolved from block models. Representative normalized cuboids/planes: minecraft:block/lightning_rod -> 2 elements: [0.375,0.75,0.375]-[0.625,1,0.625] + [0.4375,0,0.4375]-[0.5625,0.75,0.5625]. Orientation or count states rotate, swap, or combine these cuboids without making the block a full cube.",#E6C8C2,230,200,194,1.000,,,none,light,2,12,yes,minecraft:block/lightning_rod;minecraft:block/lightning_rod_on,block;template_lightning_rod,minecraft:block/lightning_rod;minecraft:block/lightning_rod_on,medium,Average color is computed across the visible model variants referenced by this block.
minecraft:lilac,irregular_dependent,cross_planes,dependent_on_support_or_counterpart,"Irregular crossed flat planes with transparent cutout texture, typically plant-like and support/substrate dependent.","Coordinates are normalized block-local [x,y,z] in 0..1, with y vertical. Cross-plane geometry: two near-zero-thickness quads cross diagonally through the block center, usually spanning most of y=0..1. The visible silhouette comes from transparent texture pixels, not from cuboid volume; placement normally depends on ground or substrate support.",#A27FA2,162,127,162,1.000,,,none,,2,2,no,minecraft:block/lilac_bottom;minecraft:block/lilac_top,cross,minecraft:block/lilac_bottom;minecraft:block/lilac_top,medium,Average color is computed across the visible model variants referenced by this block.
minecraft:lily_of_the_valley,irregular_dependent,cross_planes,dependent_on_support_or_counterpart,"Irregular crossed flat planes with transparent cutout texture, typically plant-like and support/substrate dependent.","Coordinates are normalized block-local [x,y,z] in 0..1, with y vertical. Cross-plane geometry: two near-zero-thickness quads cross diagonally through the block center, usually spanning most of y=0..1. The visible silhouette comes from transparent texture pixels, not from cuboid volume; placement normally depends on ground or substrate support.",#93B588,147,181,136,1.000,,,none,,1,1,no,minecraft:block/lily_of_the_valley,cross,minecraft:block/lily_of_the_valley,medium,
minecraft:lily_pad,irregular_self_supporting,irregular_model,self_supporting_geometry,Irregular non-cube geometry that can be used as a standalone placed form.,"Coordinates are normalized block-local [x,y,z] in 0..1, with y vertical. Irregular model geometry resolved from block models. Representative normalized cuboids/planes: minecraft:block/lily_pad -> 1 element: [0,0.0156,0]-[1,0.0156,1]. Orientation or count states rotate, swap, or combine these cuboids without making the block a full cube.",#4E6630,78,102,48,1.000,,,plains_grass_assumed,,1,4,yes,minecraft:block/lily_pad,,minecraft:block/lily_pad,medium,Tinted textures use the plains biome approximation for color averaging.
minecraft:lime_banner,entity_block,entity_renderer,entity_or_block_entity_renderer,Special renderer/entity-style block; normal model geometry is not authoritative.,"Coordinates are normalized block-local [x,y,z] in 0..1, with y vertical. This block is rendered by an entity, block entity, or special renderer rather than by a normal solid block model. Treat its world geometry as renderer-defined; this CSV intentionally does not infer a precise color or cuboid mesh from the block model.",,,,,,,,none,,1,1,no,minecraft:block/banner,,,high,Average color intentionally omitted because this is handled by entity/block-entity rendering.
minecraft:lime_bed,entity_block,entity_renderer,entity_or_block_entity_renderer,Special renderer/entity-style block; normal model geometry is not authoritative.,"Coordinates are normalized block-local [x,y,z] in 0..1, with y vertical. This block is rendered by an entity, block entity, or special renderer rather than by a normal solid block model. Treat its world geometry as renderer-defined; this CSV intentionally does not infer a precise color or cuboid mesh from the block model.",,,,,,,,none,,1,1,no,minecraft:block/bed,,,high,Average color intentionally omitted because this is handled by entity/block-entity rendering.
minecraft:lime_candle,irregular_dependent,irregular_model,dependent_on_support_or_counterpart,"Irregular non-cube geometry that is expected to depend on a support block, substrate, or paired state.","Coordinates are normalized block-local [x,y,z] in 0..1, with y vertical. Candle geometry is one to four slim vertical candle rods on the top surface. candles=1..4 changes the number and offsets of rods; lit=true adds flame rendering without changing the wax body geometry.",#73B61E,115,182,30,1.000,,,none,,8,8,no,minecraft:block/lime_candle_four_candles;minecraft:block/lime_candle_four_candles_lit;minecraft:block/lime_candle_one_candle;minecraft:block/lime_candle_one_candle_lit;minecraft:block/lime_candle_three_candles;minecraft:block/lime_candle_three_candles_lit;minecraft:block/lime_candle_two_candles;minecraft:block/lime_candle_two_candles_lit,block;template_candle;template_four_candles;template_three_candles;template_two_candles,minecraft:block/lime_candle;minecraft:block/lime_candle_lit,medium,Average color is computed across the visible model variants referenced by this block.
minecraft:lime_candle_cake,irregular_dependent,irregular_model,dependent_on_support_or_counterpart,"Irregular non-cube geometry that is expected to depend on a support block, substrate, or paired state.","Coordinates are normalized block-local [x,y,z] in 0..1, with y vertical. Candle geometry is one to four slim vertical candle rods on the top surface. candles=1..4 changes the number and offsets of rods; lit=true adds flame rendering without changing the wax body geometry.",#C9B09F,201,176,159,1.000,,,none,,2,2,no,minecraft:block/lime_candle_cake;minecraft:block/lime_candle_cake_lit,template_cake_with_candle,minecraft:block/cake_bottom;minecraft:block/cake_side;minecraft:block/cake_top;minecraft:block/lime_candle;minecraft:block/lime_candle_lit,medium,Average color is computed across the visible model variants referenced by this block.
minecraft:lime_carpet,irregular_dependent,thin_floor_layer,dependent_on_support_or_counterpart,Irregular very thin floor layer placed on a supporting surface.,"Coordinates are normalized block-local [x,y,z] in 0..1, with y vertical. Thin floor-layer geometry: a flat sheet on top of a supporting block, usually around 0.0625 block thick, occupying most or all of the x/z footprint while leaving almost the entire voxel empty.",#71B91A,113,185,26,1.000,,,none,fabric,1,1,no,minecraft:block/lime_carpet,block;carpet;thin_block,minecraft:block/lime_wool,medium,
minecraft:lime_concrete,full_cube_same_faces,full_cube,self_supporting_geometry,"Full cube [0,0,0]-[1,1,1] with same visual treatment on all six exterior faces.","Coordinates are normalized block-local [x,y,z] in 0..1, with y vertical. Occupies the entire voxel [0,0,0]-[1,1,1]. All six exterior faces are present; color differences, if any, are texture/face differences rather than geometry differences.",#5EA919,94,169,25,1.000,down=#5EA919;up=#5EA919;north=#5EA919;south=#5EA919;west=#5EA919;east=#5EA919,,none,concrete,1,1,no,minecraft:block/lime_concrete,block;cube;cube_all,minecraft:block/lime_concrete,medium,
minecraft:lime_concrete_powder,full_cube_same_faces,full_cube,self_supporting_geometry,"Full cube [0,0,0]-[1,1,1] with same visual treatment on all six exterior faces.","Coordinates are normalized block-local [x,y,z] in 0..1, with y vertical. Occupies the entire voxel [0,0,0]-[1,1,1]. All six exterior faces are present; color differences, if any, are texture/face differences rather than geometry differences.",#7EBD2B,126,189,43,1.000,down=#7EBD2B;up=#7EBD2B;north=#7EBD2B;south=#7EBD2B;west=#7EBD2B;east=#7EBD2B,,none,concrete,1,4,yes,minecraft:block/lime_concrete_powder,block;cube;cube_all,minecraft:block/lime_concrete_powder,medium,
minecraft:lime_glazed_terracotta,full_cube_same_faces,full_cube,self_supporting_geometry,"Full cube [0,0,0]-[1,1,1] with same visual treatment on all six exterior faces.","Coordinates are normalized block-local [x,y,z] in 0..1, with y vertical. Occupies the entire voxel [0,0,0]-[1,1,1]. All six exterior faces are present; color differences, if any, are texture/face differences rather than geometry differences.",#B0C84F,176,200,79,1.000,down=#B0C84F;up=#B0C84F;north=#B0C84F;south=#B0C84F;west=#B0C84F;east=#B0C84F,,none,ceramic,1,4,yes,minecraft:block/lime_glazed_terracotta,block;cube;template_glazed_terracotta,minecraft:block/lime_glazed_terracotta,medium,
minecraft:lime_shulker_box,entity_block,entity_renderer,entity_or_block_entity_renderer,Special renderer/entity-style block; normal model geometry is not authoritative.,"Coordinates are normalized block-local [x,y,z] in 0..1, with y vertical. This block is rendered by an entity, block entity, or special renderer rather than by a normal solid block model. Treat its world geometry as renderer-defined; this CSV intentionally does not infer a precise color or cuboid mesh from the block model.",,,,,,,,none,,1,1,no,minecraft:block/lime_shulker_box,,,high,Average color intentionally omitted because this is handled by entity/block-entity rendering.
minecraft:lime_stained_glass,full_cube_same_faces,full_cube,self_supporting_geometry,"Full cube [0,0,0]-[1,1,1] with same visual treatment on all six exterior faces.","Coordinates are normalized block-local [x,y,z] in 0..1, with y vertical. Occupies the entire voxel [0,0,0]-[1,1,1]. All six exterior faces are present; color differences, if any, are texture/face differences rather than geometry differences.",#7FCC19,127,204,25,0.460,down=#7FCC19;up=#7FCC19;north=#7FCC19;south=#7FCC19;west=#7FCC19;east=#7FCC19,,none,glass,1,1,no,minecraft:block/lime_stained_glass,block;cube;cube_all,minecraft:block/lime_stained_glass,medium,
minecraft:lime_stained_glass_pane,thin_wall,thin_pane,self_supporting_geometry,"Narrow multipart connector: thin post, pane, bar, fence, or gate segments.","Coordinates are normalized block-local [x,y,z] in 0..1, with y vertical. Pane/bar geometry is a thin vertical connector system. A central post/cap sits near [0.4375,0,0.4375]-[0.5625,1,0.5625]. Each north/east/south/west=true side adds a thin vertical pane/bar from the center to that face; false omits that side. Single-connection states add end caps so the exposed edge has thickness.",#7DC819,125,200,25,0.575,,,none,glass;architectural_shape,5,9,yes,minecraft:block/lime_stained_glass_pane_noside;minecraft:block/lime_stained_glass_pane_noside_alt;minecraft:block/lime_stained_glass_pane_post;minecraft:block/lime_stained_glass_pane_side;minecraft:block/lime_stained_glass_pane_side_alt,template_glass_pane_noside;template_glass_pane_noside_alt;template_glass_pane_post;template_glass_pane_side;template_glass_pane_side_alt,minecraft:block/lime_stained_glass;minecraft:block/lime_stained_glass_pane_top,medium,Average color is computed across the visible model variants referenced by this block.
minecraft:lime_terracotta,full_cube_same_faces,full_cube,self_supporting_geometry,"Full cube [0,0,0]-[1,1,1] with same visual treatment on all six exterior faces.","Coordinates are normalized block-local [x,y,z] in 0..1, with y vertical. Occupies the entire voxel [0,0,0]-[1,1,1]. All six exterior faces are present; color differences, if any, are texture/face differences rather than geometry differences.",#687635,104,118,53,1.000,down=#687635;up=#687635;north=#687635;south=#687635;west=#687635;east=#687635,,none,ceramic,1,1,no,minecraft:block/lime_terracotta,block;cube;cube_all,minecraft:block/lime_terracotta,medium,
minecraft:lime_wall_banner,entity_block,entity_renderer,entity_or_block_entity_renderer,Special renderer/entity-style block; normal model geometry is not authoritative.,"Coordinates are normalized block-local [x,y,z] in 0..1, with y vertical. This block is rendered by an entity, block entity, or special renderer rather than by a normal solid block model. Treat its world geometry as renderer-defined; this CSV intentionally does not infer a precise color or cuboid mesh from the block model.",,,,,,,,none,,1,1,no,minecraft:block/banner,,,high,Average color intentionally omitted because this is handled by entity/block-entity rendering.
minecraft:lime_wool,full_cube_same_faces,full_cube,self_supporting_geometry,"Full cube [0,0,0]-[1,1,1] with same visual treatment on all six exterior faces.","Coordinates are normalized block-local [x,y,z] in 0..1, with y vertical. Occupies the entire voxel [0,0,0]-[1,1,1]. All six exterior faces are present; color differences, if any, are texture/face differences rather than geometry differences.",#71B91A,113,185,26,1.000,down=#71B91A;up=#71B91A;north=#71B91A;south=#71B91A;west=#71B91A;east=#71B91A,,none,fabric,1,1,no,minecraft:block/lime_wool,block;cube;cube_all,minecraft:block/lime_wool,medium,
minecraft:lodestone,full_cube_different_faces,full_cube,self_supporting_geometry,"Full cube [0,0,0]-[1,1,1] with face-dependent visual treatment.","Coordinates are normalized block-local [x,y,z] in 0..1, with y vertical. Occupies the entire voxel [0,0,0]-[1,1,1]. All six exterior faces are present; color differences, if any, are texture/face differences rather than geometry differences.",#86878A,134,135,138,1.000,down=#95979C;up=#95979C;north=#7D7E80;south=#7D7E80;west=#7D7E80;east=#7D7E80,down=#95979C;up=#95979C,none,stone;neutral,1,1,no,minecraft:block/lodestone,block;cube;cube_column,minecraft:block/lodestone_side;minecraft:block/lodestone_top,medium,
minecraft:loom,full_cube_different_faces,full_cube,self_supporting_geometry,"Full cube [0,0,0]-[1,1,1] with face-dependent visual treatment.","Coordinates are normalized block-local [x,y,z] in 0..1, with y vertical. Occupies the entire voxel [0,0,0]-[1,1,1]. All six exterior faces are present; color differences, if any, are texture/face differences rather than geometry differences.",#8F6E50,143,110,80,1.000,down=#4F3F25;up=#9A836C;north=#9B7E5A;south=#966D4C;west=#966D4C;east=#966D4C,down=#4F3F25;up=#9A836C;north=#9B7E5A,none,,1,4,yes,minecraft:block/loom,block;cube;orientable_with_bottom,minecraft:block/loom_bottom;minecraft:block/loom_front;minecraft:block/loom_side;minecraft:block/loom_top,medium,
minecraft:magenta_banner,entity_block,entity_renderer,entity_or_block_entity_renderer,Special renderer/entity-style block; normal model geometry is not authoritative.,"Coordinates are normalized block-local [x,y,z] in 0..1, with y vertical. This block is rendered by an entity, block entity, or special renderer rather than by a normal solid block model. Treat its world geometry as renderer-defined; this CSV intentionally does not infer a precise color or cuboid mesh from the block model.",,,,,,,,none,,1,1,no,minecraft:block/banner,,,high,Average color intentionally omitted because this is handled by entity/block-entity rendering.
minecraft:magenta_bed,entity_block,entity_renderer,entity_or_block_entity_renderer,Special renderer/entity-style block; normal model geometry is not authoritative.,"Coordinates are normalized block-local [x,y,z] in 0..1, with y vertical. This block is rendered by an entity, block entity, or special renderer rather than by a normal solid block model. Treat its world geometry as renderer-defined; this CSV intentionally does not infer a precise color or cuboid mesh from the block model.",,,,,,,,none,,1,1,no,minecraft:block/bed,,,high,Average color intentionally omitted because this is handled by entity/block-entity rendering.
minecraft:magenta_candle,irregular_dependent,irregular_model,dependent_on_support_or_counterpart,"Irregular non-cube geometry that is expected to depend on a support block, substrate, or paired state.","Coordinates are normalized block-local [x,y,z] in 0..1, with y vertical. Candle geometry is one to four slim vertical candle rods on the top surface. candles=1..4 changes the number and offsets of rods; lit=true adds flame rendering without changing the wax body geometry.",#AF3DA1,175,61,161,1.000,,,none,,8,8,no,minecraft:block/magenta_candle_four_candles;minecraft:block/magenta_candle_four_candles_lit;minecraft:block/magenta_candle_one_candle;minecraft:block/magenta_candle_one_candle_lit;minecraft:block/magenta_candle_three_candles;minecraft:block/magenta_candle_three_candles_lit;minecraft:block/magenta_candle_two_candles;minecraft:block/magenta_candle_two_candles_lit,block;template_candle;template_four_candles;template_three_candles;template_two_candles,minecraft:block/magenta_candle;minecraft:block/magenta_candle_lit,medium,Average color is computed across the visible model variants referenced by this block.
minecraft:magenta_candle_cake,irregular_dependent,irregular_model,dependent_on_support_or_counterpart,"Irregular non-cube geometry that is expected to depend on a support block, substrate, or paired state.","Coordinates are normalized block-local [x,y,z] in 0..1, with y vertical. Candle geometry is one to four slim vertical candle rods on the top surface. candles=1..4 changes the number and offsets of rods; lit=true adds flame rendering without changing the wax body geometry.",#CCABA4,204,171,164,1.000,,,none,,2,2,no,minecraft:block/magenta_candle_cake;minecraft:block/magenta_candle_cake_lit,template_cake_with_candle,minecraft:block/cake_bottom;minecraft:block/cake_side;minecraft:block/cake_top;minecraft:block/magenta_candle;minecraft:block/magenta_candle_lit,medium,Average color is computed across the visible model variants referenced by this block.
minecraft:magenta_carpet,irregular_dependent,thin_floor_layer,dependent_on_support_or_counterpart,Irregular very thin floor layer placed on a supporting surface.,"Coordinates are normalized block-local [x,y,z] in 0..1, with y vertical. Thin floor-layer geometry: a flat sheet on top of a supporting block, usually around 0.0625 block thick, occupying most or all of the x/z footprint while leaving almost the entire voxel empty.",#BE46B4,190,70,180,1.000,,,none,fabric,1,1,no,minecraft:block/magenta_carpet,block;carpet;thin_block,minecraft:block/magenta_wool,medium,
minecraft:magenta_concrete,full_cube_same_faces,full_cube,self_supporting_geometry,"Full cube [0,0,0]-[1,1,1] with same visual treatment on all six exterior faces.","Coordinates are normalized block-local [x,y,z] in 0..1, with y vertical. Occupies the entire voxel [0,0,0]-[1,1,1]. All six exterior faces are present; color differences, if any, are texture/face differences rather than geometry differences.",#A9309F,169,48,159,1.000,down=#A9309F;up=#A9309F;north=#A9309F;south=#A9309F;west=#A9309F;east=#A9309F,,none,concrete,1,1,no,minecraft:block/magenta_concrete,block;cube;cube_all,minecraft:block/magenta_concrete,medium,
minecraft:magenta_concrete_powder,full_cube_same_faces,full_cube,self_supporting_geometry,"Full cube [0,0,0]-[1,1,1] with same visual treatment on all six exterior faces.","Coordinates are normalized block-local [x,y,z] in 0..1, with y vertical. Occupies the entire voxel [0,0,0]-[1,1,1]. All six exterior faces are present; color differences, if any, are texture/face differences rather than geometry differences.",#C155B9,193,85,185,1.000,down=#C155B9;up=#C155B9;north=#C155B9;south=#C155B9;west=#C155B9;east=#C155B9,,none,concrete,1,4,yes,minecraft:block/magenta_concrete_powder,block;cube;cube_all,minecraft:block/magenta_concrete_powder,medium,
minecraft:magenta_glazed_terracotta,full_cube_same_faces,full_cube,self_supporting_geometry,"Full cube [0,0,0]-[1,1,1] with same visual treatment on all six exterior faces.","Coordinates are normalized block-local [x,y,z] in 0..1, with y vertical. Occupies the entire voxel [0,0,0]-[1,1,1]. All six exterior faces are present; color differences, if any, are texture/face differences rather than geometry differences.",#D26FC1,210,111,193,1.000,down=#D26FC1;up=#D26FC1;north=#D26FC1;south=#D26FC1;west=#D26FC1;east=#D26FC1,,none,ceramic,1,4,yes,minecraft:block/magenta_glazed_terracotta,block;cube;template_glazed_terracotta,minecraft:block/magenta_glazed_terracotta,medium,
minecraft:magenta_shulker_box,entity_block,entity_renderer,entity_or_block_entity_renderer,Special renderer/entity-style block; normal model geometry is not authoritative.,"Coordinates are normalized block-local [x,y,z] in 0..1, with y vertical. This block is rendered by an entity, block entity, or special renderer rather than by a normal solid block model. Treat its world geometry as renderer-defined; this CSV intentionally does not infer a precise color or cuboid mesh from the block model.",,,,,,,,none,,1,1,no,minecraft:block/magenta_shulker_box,,,high,Average color intentionally omitted because this is handled by entity/block-entity rendering.
minecraft:magenta_stained_glass,full_cube_same_faces,full_cube,self_supporting_geometry,"Full cube [0,0,0]-[1,1,1] with same visual treatment on all six exterior faces.","Coordinates are normalized block-local [x,y,z] in 0..1, with y vertical. Occupies the entire voxel [0,0,0]-[1,1,1]. All six exterior faces are present; color differences, if any, are texture/face differences rather than geometry differences.",#B24CD8,178,76,216,0.460,down=#B24CD8;up=#B24CD8;north=#B24CD8;south=#B24CD8;west=#B24CD8;east=#B24CD8,,none,glass,1,1,no,minecraft:block/magenta_stained_glass,block;cube;cube_all,minecraft:block/magenta_stained_glass,medium,
minecraft:magenta_stained_glass_pane,thin_wall,thin_pane,self_supporting_geometry,"Narrow multipart connector: thin post, pane, bar, fence, or gate segments.","Coordinates are normalized block-local [x,y,z] in 0..1, with y vertical. Pane/bar geometry is a thin vertical connector system. A central post/cap sits near [0.4375,0,0.4375]-[0.5625,1,0.5625]. Each north/east/south/west=true side adds a thin vertical pane/bar from the center to that face; false omits that side. Single-connection states add end caps so the exposed edge has thickness.",#AE4BD4,174,75,212,0.575,,,none,glass;architectural_shape,5,9,yes,minecraft:block/magenta_stained_glass_pane_noside;minecraft:block/magenta_stained_glass_pane_noside_alt;minecraft:block/magenta_stained_glass_pane_post;minecraft:block/magenta_stained_glass_pane_side;minecraft:block/magenta_stained_glass_pane_side_alt,template_glass_pane_noside;template_glass_pane_noside_alt;template_glass_pane_post;template_glass_pane_side;template_glass_pane_side_alt,minecraft:block/magenta_stained_glass;minecraft:block/magenta_stained_glass_pane_top,medium,Average color is computed across the visible model variants referenced by this block.
minecraft:magenta_terracotta,full_cube_same_faces,full_cube,self_supporting_geometry,"Full cube [0,0,0]-[1,1,1] with same visual treatment on all six exterior faces.","Coordinates are normalized block-local [x,y,z] in 0..1, with y vertical. Occupies the entire voxel [0,0,0]-[1,1,1]. All six exterior faces are present; color differences, if any, are texture/face differences rather than geometry differences.",#96586D,150,88,109,1.000,down=#96586D;up=#96586D;north=#96586D;south=#96586D;west=#96586D;east=#96586D,,none,ceramic,1,1,no,minecraft:block/magenta_terracotta,block;cube;cube_all,minecraft:block/magenta_terracotta,medium,
minecraft:magenta_wall_banner,entity_block,entity_renderer,entity_or_block_entity_renderer,Special renderer/entity-style block; normal model geometry is not authoritative.,"Coordinates are normalized block-local [x,y,z] in 0..1, with y vertical. This block is rendered by an entity, block entity, or special renderer rather than by a normal solid block model. Treat its world geometry as renderer-defined; this CSV intentionally does not infer a precise color or cuboid mesh from the block model.",,,,,,,,none,,1,1,no,minecraft:block/banner,,,high,Average color intentionally omitted because this is handled by entity/block-entity rendering.
minecraft:magenta_wool,full_cube_same_faces,full_cube,self_supporting_geometry,"Full cube [0,0,0]-[1,1,1] with same visual treatment on all six exterior faces.","Coordinates are normalized block-local [x,y,z] in 0..1, with y vertical. Occupies the entire voxel [0,0,0]-[1,1,1]. All six exterior faces are present; color differences, if any, are texture/face differences rather than geometry differences.",#BE46B5,190,70,181,1.000,down=#BE46B5;up=#BE46B5;north=#BE46B5;south=#BE46B5;west=#BE46B5;east=#BE46B5,,none,fabric,1,1,no,minecraft:block/magenta_wool,block;cube;cube_all,minecraft:block/magenta_wool,medium,
minecraft:magma_block,full_cube_same_faces,full_cube,self_supporting_geometry,"Full cube [0,0,0]-[1,1,1] with same visual treatment on all six exterior faces.","Coordinates are normalized block-local [x,y,z] in 0..1, with y vertical. Occupies the entire voxel [0,0,0]-[1,1,1]. All six exterior faces are present; color differences, if any, are texture/face differences rather than geometry differences.",#A14E24,161,78,36,1.000,down=#A14E24;up=#A14E24;north=#A14E24;south=#A14E24;west=#A14E24;east=#A14E24,,none,,1,1,no,minecraft:block/magma_block,block;cube;cube_all,minecraft:block/magma,medium,
minecraft:mangrove_button,irregular_dependent,irregular_model,dependent_on_support_or_counterpart,"Irregular non-cube geometry that is expected to depend on a support block, substrate, or paired state.","Coordinates are normalized block-local [x,y,z] in 0..1, with y vertical. Button geometry is a small face-mounted cuboid. face/facing chooses the support face and orientation; powered=true uses a thinner pressed protrusion, while powered=false protrudes farther from the support surface.",#763831,118,56,49,1.000,,,none,,2,24,yes,minecraft:block/mangrove_button;minecraft:block/mangrove_button_pressed,button;button_pressed,minecraft:block/mangrove_planks,medium,Average color is computed across the visible model variants referenced by this block.
minecraft:mangrove_door,irregular_dependent,hinged_panel,dependent_on_support_or_counterpart,"Irregular thin hinged panel; open/closed, half, hinge, or facing changes by state.","Coordinates are normalized block-local [x,y,z] in 0..1, with y vertical. Door-like geometry is a thin vertical panel about 0.1875 blocks thick and one block tall per half. half=lower/upper selects the lower or upper block of the two-block door. facing chooses the panel orientation, hinge selects the pivot side, and open=true rotates the panel around that hinge.",#733531,115,53,49,1.000,,,none,,8,32,yes,minecraft:block/mangrove_door_bottom_left;minecraft:block/mangrove_door_bottom_left_open;minecraft:block/mangrove_door_bottom_right;minecraft:block/mangrove_door_bottom_right_open;minecraft:block/mangrove_door_top_left;minecraft:block/mangrove_door_top_left_open;minecraft:block/mangrove_door_top_right;minecraft:block/mangrove_door_top_right_open,door_bottom_left;door_bottom_left_open;door_bottom_right;door_bottom_right_open;door_top_left;door_top_left_open;door_top_right;door_top_right_open,minecraft:block/mangrove_door_bottom;minecraft:block/mangrove_door_top,medium,Average color is computed across the visible model variants referenced by this block.
minecraft:mangrove_fence,thin_wall,fence,self_supporting_geometry,"Narrow multipart connector: thin post, pane, bar, fence, or gate segments.","Coordinates are normalized block-local [x,y,z] in 0..1, with y vertical. Fence geometry is multipart. The center post is [0.375,0,0.375]-[0.625,1,0.625]. Each north/east/south/west=true connector adds two narrow horizontal rails from the post toward that face: lower rail around y=0.375..0.5625 and upper rail around y=0.75..0.9375, with a 0.125-thick cross-section. false leaves that side open.",#773831,119,56,49,1.000,,,none,architectural_shape,2,5,yes,minecraft:block/mangrove_fence_post;minecraft:block/mangrove_fence_side,fence_post;fence_side,minecraft:block/mangrove_planks,medium,Average color is computed across the visible model variants referenced by this block.
minecraft:mangrove_fence_gate,thin_wall,fence_gate,self_supporting_geometry,"Narrow multipart connector: thin post, pane, bar, fence, or gate segments.","Coordinates are normalized block-local [x,y,z] in 0..1, with y vertical. Fence gate geometry is a pair of narrow side posts plus two hinged gate leaves. open=false places the leaves across the center line as a thin barrier; open=true swings the leaves back against the side posts. facing rotates the gate axis. in_wall=true lowers the posts and rails to align with coarse wall height, using the same narrow footprints but shifted downward.",#763831,118,56,49,1.000,,,none,architectural_shape,4,16,yes,minecraft:block/mangrove_fence_gate;minecraft:block/mangrove_fence_gate_open;minecraft:block/mangrove_fence_gate_wall;minecraft:block/mangrove_fence_gate_wall_open,block;template_fence_gate;template_fence_gate_open;template_fence_gate_wall;template_fence_gate_wall_open,minecraft:block/mangrove_planks,medium,Average color is computed across the visible model variants referenced by this block.
minecraft:mangrove_hanging_sign,entity_block,entity_renderer,entity_or_block_entity_renderer,Special renderer/entity-style block; normal model geometry is not authoritative.,"Coordinates are normalized block-local [x,y,z] in 0..1, with y vertical. This block is rendered by an entity, block entity, or special renderer rather than by a normal solid block model. Treat its world geometry as renderer-defined; this CSV intentionally does not infer a precise color or cuboid mesh from the block model.",,,,,,,,none,,1,1,no,minecraft:block/mangrove_hanging_sign,,,high,Average color intentionally omitted because this is handled by entity/block-entity rendering.
minecraft:mangrove_leaves,full_cube_same_faces,full_cube,self_supporting_geometry,"Full cube [0,0,0]-[1,1,1] with same visual treatment on all six exterior faces.","Coordinates are normalized block-local [x,y,z] in 0..1, with y vertical. Occupies the entire voxel [0,0,0]-[1,1,1]. All six exterior faces are present; color differences, if any, are texture/face differences rather than geometry differences.",#3F5A19,63,90,25,1.000,down=#3F5A19;up=#3F5A19;north=#3F5A19;south=#3F5A19;west=#3F5A19;east=#3F5A19,,plains_foliage,vegetation,1,1,no,minecraft:block/mangrove_leaves,block;leaves,minecraft:block/mangrove_leaves,medium,Tinted textures use the plains biome approximation for color averaging.
minecraft:mangrove_log,full_cube_different_faces,full_cube,self_supporting_geometry,"Full cube [0,0,0]-[1,1,1] with face-dependent visual treatment.","Coordinates are normalized block-local [x,y,z] in 0..1, with y vertical. Occupies the entire voxel [0,0,0]-[1,1,1]. All six exterior faces are present; color differences, if any, are texture/face differences rather than geometry differences.",#5C3F2A,92,63,42,1.000,down=#68342B;up=#68342B;north=#554429;south=#554429;west=#554429;east=#554429,down=#68342B;up=#68342B,none,wood,2,3,yes,minecraft:block/mangrove_log;minecraft:block/mangrove_log_horizontal,block;cube;cube_column;cube_column_horizontal,minecraft:block/mangrove_log;minecraft:block/mangrove_log_top,medium,Average color is computed across the visible model variants referenced by this block.
minecraft:mangrove_planks,full_cube_same_faces,full_cube,self_supporting_geometry,"Full cube [0,0,0]-[1,1,1] with same visual treatment on all six exterior faces.","Coordinates are normalized block-local [x,y,z] in 0..1, with y vertical. Occupies the entire voxel [0,0,0]-[1,1,1]. All six exterior faces are present; color differences, if any, are texture/face differences rather than geometry differences.",#773932,119,57,50,1.000,down=#773932;up=#773932;north=#773932;south=#773932;west=#773932;east=#773932,,none,wood,1,1,no,minecraft:block/mangrove_planks,block;cube;cube_all,minecraft:block/mangrove_planks,medium,
minecraft:mangrove_pressure_plate,irregular_dependent,irregular_model,dependent_on_support_or_counterpart,"Irregular non-cube geometry that is expected to depend on a support block, substrate, or paired state.","Coordinates are normalized block-local [x,y,z] in 0..1, with y vertical. Pressure plate geometry is a low rectangular floor plate occupying most of the x/z footprint. powered=false is slightly raised; powered=true lowers it closer to the supporting block.",#763731,118,55,49,1.000,,,none,,2,2,no,minecraft:block/mangrove_pressure_plate;minecraft:block/mangrove_pressure_plate_down,block;pressure_plate_down;pressure_plate_up;thin_block,minecraft:block/mangrove_planks,medium,Average color is computed across the visible model variants referenced by this block.
minecraft:mangrove_propagule,irregular_self_supporting,irregular_model,self_supporting_geometry,Irregular non-cube geometry that can be used as a standalone placed form.,"Coordinates are normalized block-local [x,y,z] in 0..1, with y vertical. Irregular model geometry resolved from block models. Representative normalized cuboids/planes: minecraft:block/mangrove_propagule -> 4 elements: [0.2813,0.5625,0.5]-[0.7188,0.9375,0.5] + [0.5,0.5625,0.2813]-[0.5,0.9375,0.7188] + [0.5,0,0.4375]-[0.5,0.5625,0.5625] + [0.4375,0,0.5]-[0.5625,0.5625,0.5] | minecraft:block/mangrove_propagule_hanging_0 -> 7 elements: [0.4375,0.8507,0.6295]-[0.5625,0.8507,0.7545] + [0.6295,0.8507,0.4375]-[0.7545,0.8507,0.5625] + [0.4375,0.8507,0.2455]-[0.5625,0.8507,0.3705] + [0.2455,0.8507,0.4375]-[0.3705,0.8507,0.5625] + [0.4375,0.8125,0.4375]-[0.5625,0.875,0.5625] + [0.4375,0.875,0.5]-[0.5625,1,0.5] plus 1 more cuboids/planes | minecraft:block/mangrove_propagule_hanging_1 -> 8 elements: [0.4375,0.625,0.4375]-[0.5625,0.8125,0.5625] + [0.4375,0.8507,0.6295]-[0.5625,0.8507,0.7545] + [0.6295,0.8507,0.4375]-[0.7545,0.8507,0.5625] + [0.4375,0.8507,0.2455]-[0.5625,0.8507,0.3705] + [0.2455,0.8507,0.4375]-[0.3705,0.8507,0.5625] + [0.4375,0.8125,0.4375]-[0.5625,0.875,0.5625] plus 2 more cuboids/planes. Orientation or count states rotate, swap, or combine these cuboids without making the block a full cube.",#8E9F5E,142,159,94,1.000,,,none,,6,10,no,minecraft:block/mangrove_propagule;minecraft:block/mangrove_propagule_hanging_0;minecraft:block/mangrove_propagule_hanging_1;minecraft:block/mangrove_propagule_hanging_2;minecraft:block/mangrove_propagule_hanging_3;minecraft:block/mangrove_propagule_hanging_4,block,minecraft:block/mangrove_propagule;minecraft:block/mangrove_propagule_hanging,medium,Average color is computed across the visible model variants referenced by this block.
minecraft:mangrove_roots,full_cube_same_faces,full_cube,self_supporting_geometry,"Full cube [0,0,0]-[1,1,1] with same visual treatment on all six exterior faces.","Coordinates are normalized block-local [x,y,z] in 0..1, with y vertical. Occupies the entire voxel [0,0,0]-[1,1,1]. All six exterior faces are present; color differences, if any, are texture/face differences rather than geometry differences.",#4C3D27,76,61,39,1.000,down=#4C3D27;up=#4C3D27;north=#4C3D27;south=#4C3D27;west=#4C3D27;east=#4C3D27,,none,vegetation,1,1,no,minecraft:block/mangrove_roots,block,minecraft:block/mangrove_roots_side;minecraft:block/mangrove_roots_top,medium,
minecraft:mangrove_shelf,irregular_self_supporting,irregular_model,self_supporting_geometry,Irregular non-cube geometry that can be used as a standalone placed form.,"Coordinates are normalized block-local [x,y,z] in 0..1, with y vertical. Irregular model geometry resolved from block models. Representative normalized cuboids/planes: minecraft:block/mangrove_shelf -> 3 elements: [0,0,0.8125]-[1,1,1] + [0,0,0.6875]-[1,0.25,0.8125] + [0,0.75,0.6875]-[1,1,0.8125] | minecraft:block/mangrove_shelf_unpowered -> 1 element: [0,0.25,0.8125]-[1,0.75,0.8125]. Orientation or count states rotate, swap, or combine these cuboids without making the block a full cube.",#6C2D29,108,45,41,1.000,,,none,,6,24,yes,minecraft:block/mangrove_shelf;minecraft:block/mangrove_shelf_center;minecraft:block/mangrove_shelf_left;minecraft:block/mangrove_shelf_right;minecraft:block/mangrove_shelf_unconnected;minecraft:block/mangrove_shelf_unpowered,block;template_shelf_body;template_shelf_center;template_shelf_left;template_shelf_right;template_shelf_unconnected;template_shelf_unpowered,minecraft:block/mangrove_shelf,medium,Average color is computed across the visible model variants referenced by this block.
minecraft:mangrove_sign,entity_block,entity_renderer,entity_or_block_entity_renderer,Special renderer/entity-style block; normal model geometry is not authoritative.,"Coordinates are normalized block-local [x,y,z] in 0..1, with y vertical. This block is rendered by an entity, block entity, or special renderer rather than by a normal solid block model. Treat its world geometry as renderer-defined; this CSV intentionally does not infer a precise color or cuboid mesh from the block model.",,,,,,,,none,,1,1,no,minecraft:block/mangrove_sign,,,high,Average color intentionally omitted because this is handled by entity/block-entity rendering.
minecraft:mangrove_slab,slab,slab,self_supporting_geometry,Half-height or full-height rectangular prism selected by slab type.,"Coordinates are normalized block-local [x,y,z] in 0..1, with y vertical. type=bottom occupies [0,0,0]-[1,0.5,1]. type=top occupies [0,0.5,0]-[1,1,1]. type=double is a full cube [0,0,0]-[1,1,1]. Single-slab states are exactly half-height rectangular prisms.",#773932,119,57,50,1.000,,,none,architectural_shape,3,3,no,minecraft:block/mangrove_planks;minecraft:block/mangrove_slab;minecraft:block/mangrove_slab_top,block;cube;cube_all;slab;slab_top,minecraft:block/mangrove_planks,medium,Average color is computed across the visible model variants referenced by this block.
minecraft:mangrove_stairs,stairs,stairs,self_supporting_geometry,"Step-shaped block: half-block base plus one or more quarter/half prisms; straight, inner-corner, and outer-corner variants.","Coordinates are normalized block-local [x,y,z] in 0..1, with y vertical. Stairs are a full 1x1x1 cube with step-shaped upper/lower half removed. For half=bottom, shape=straight occupies a full bottom half [0,0,0]-[1,0.5,1] plus one upper half-prism [0.5,0.5,0]-[1,1,1] in the canonical east-facing model, so the side profile is an L and the missing volume is a 0.5x0.5x1 prism; facing rotates that prism to north/east/south/west. half=top mirrors the geometry vertically, putting the full half at y=0.5..1 and the step/void in y=0..0.5. shape=inner_left/inner_right occupies the full lower (or upper, for half=top) half plus an L-shaped pair of 0.5x0.5x1 and 0.5x0.5x0.5 upper/lower prisms, leaving exactly one 0.5x0.5x0.5 corner void; left/right chooses the corner after the facing rotation. shape=outer_left/outer_right occupies the full half plus only one 0.5x0.5x0.5 corner prism in the opposite half, leaving the other three corner quarters empty; left/right chooses the retained corner after facing rotation.",#773932,119,57,50,1.000,,,none,architectural_shape,3,40,yes,minecraft:block/mangrove_stairs;minecraft:block/mangrove_stairs_inner;minecraft:block/mangrove_stairs_outer,block;inner_stairs;outer_stairs;stairs,minecraft:block/mangrove_planks,medium,Average color is computed across the visible model variants referenced by this block.
minecraft:mangrove_trapdoor,irregular_dependent,hinged_panel,dependent_on_support_or_counterpart,"Irregular thin hinged panel; open/closed, half, hinge, or facing changes by state.","Coordinates are normalized block-local [x,y,z] in 0..1, with y vertical. Trapdoor geometry is a thin 1x1 panel about 0.1875 blocks thick. half=bottom places the closed panel at y=0..0.1875; half=top places it at y=0.8125..1. open=true rotates the same panel upright against the side chosen by facing.",#71342D,113,52,45,1.000,,,none,,3,16,yes,minecraft:block/mangrove_trapdoor_bottom;minecraft:block/mangrove_trapdoor_open;minecraft:block/mangrove_trapdoor_top,block;template_orientable_trapdoor_bottom;template_orientable_trapdoor_open;template_orientable_trapdoor_top;thin_block,minecraft:block/mangrove_trapdoor,medium,Average color is computed across the visible model variants referenced by this block.
minecraft:mangrove_wall_hanging_sign,entity_block,entity_renderer,entity_or_block_entity_renderer,Special renderer/entity-style block; normal model geometry is not authoritative.,"Coordinates are normalized block-local [x,y,z] in 0..1, with y vertical. This block is rendered by an entity, block entity, or special renderer rather than by a normal solid block model. Treat its world geometry as renderer-defined; this CSV intentionally does not infer a precise color or cuboid mesh from the block model.",,,,,,,,none,,1,1,no,minecraft:block/mangrove_hanging_sign,,,high,Average color intentionally omitted because this is handled by entity/block-entity rendering.
minecraft:mangrove_wall_sign,entity_block,entity_renderer,entity_or_block_entity_renderer,Special renderer/entity-style block; normal model geometry is not authoritative.,"Coordinates are normalized block-local [x,y,z] in 0..1, with y vertical. This block is rendered by an entity, block entity, or special renderer rather than by a normal solid block model. Treat its world geometry as renderer-defined; this CSV intentionally does not infer a precise color or cuboid mesh from the block model.",,,,,,,,none,,1,1,no,minecraft:block/mangrove_sign,,,high,Average color intentionally omitted because this is handled by entity/block-entity rendering.
minecraft:mangrove_wood,full_cube_same_faces,full_cube,self_supporting_geometry,"Full cube [0,0,0]-[1,1,1] with same visual treatment on all six exterior faces.","Coordinates are normalized block-local [x,y,z] in 0..1, with y vertical. Occupies the entire voxel [0,0,0]-[1,1,1]. All six exterior faces are present; color differences, if any, are texture/face differences rather than geometry differences.",#554429,85,68,41,1.000,down=#554429;up=#554429;north=#554429;south=#554429;west=#554429;east=#554429,,none,wood,1,3,yes,minecraft:block/mangrove_wood,block;cube;cube_column,minecraft:block/mangrove_log,medium,
minecraft:medium_amethyst_bud,irregular_dependent,cross_planes,dependent_on_support_or_counterpart,"Irregular crossed flat planes with transparent cutout texture, typically plant-like and support/substrate dependent.","Coordinates are normalized block-local [x,y,z] in 0..1, with y vertical. Cross-plane geometry: two near-zero-thickness quads cross diagonally through the block center, usually spanning most of y=0..1. The visible silhouette comes from transparent texture pixels, not from cuboid volume; placement normally depends on ground or substrate support.",#A982CD,169,130,205,1.000,,,none,,1,6,yes,minecraft:block/medium_amethyst_bud,cross,minecraft:block/medium_amethyst_bud,medium,
minecraft:melon,full_cube_same_faces,full_cube,self_supporting_geometry,"Full cube [0,0,0]-[1,1,1] with same visual treatment on all six exterior faces.","Coordinates are normalized block-local [x,y,z] in 0..1, with y vertical. Occupies the entire voxel [0,0,0]-[1,1,1]. All six exterior faces are present; color differences, if any, are texture/face differences rather than geometry differences.",#7B941E,123,148,30,1.000,down=#77921F;up=#77921F;north=#7C941E;south=#7C941E;west=#7C941E;east=#7C941E,,none,,1,1,no,minecraft:block/melon,block;cube;cube_column,minecraft:block/melon_side;minecraft:block/melon_top,medium,
minecraft:melon_stem,irregular_dependent,irregular_model,dependent_on_support_or_counterpart,"Irregular non-cube geometry that is expected to depend on a support block, substrate, or paired state.","Coordinates are normalized block-local [x,y,z] in 0..1, with y vertical. Irregular model geometry resolved from block models. Representative normalized cuboids/planes: minecraft:block/melon_stem_stage0 -> 2 elements: [0,-0.0625,0.5]-[1,0.0625,0.5] + [0.5,-0.0625,0]-[0.5,0.0625,1] | minecraft:block/melon_stem_stage1 -> 2 elements: [0,-0.0625,0.5]-[1,0.1875,0.5] + [0.5,-0.0625,0]-[0.5,0.1875,1] | minecraft:block/melon_stem_stage2 -> 2 elements: [0,-0.0625,0.5]-[1,0.3125,0.5] + [0.5,-0.0625,0]-[0.5,0.3125,1]. Orientation or count states rotate, swap, or combine these cuboids without making the block a full cube.",#5A7537,90,117,55,1.000,,,plains_grass_assumed,wood,8,8,no,minecraft:block/melon_stem_stage0;minecraft:block/melon_stem_stage1;minecraft:block/melon_stem_stage2;minecraft:block/melon_stem_stage3;minecraft:block/melon_stem_stage4;minecraft:block/melon_stem_stage5;minecraft:block/melon_stem_stage6;minecraft:block/melon_stem_stage7,stem_growth0;stem_growth1;stem_growth2;stem_growth3;stem_growth4;stem_growth5;stem_growth6;stem_growth7,minecraft:block/melon_stem,medium,Tinted textures use the plains biome approximation for color averaging. Average color is computed across the visible model variants referenced by this block.
minecraft:moss_block,full_cube_same_faces,full_cube,self_supporting_geometry,"Full cube [0,0,0]-[1,1,1] with same visual treatment on all six exterior faces.","Coordinates are normalized block-local [x,y,z] in 0..1, with y vertical. Occupies the entire voxel [0,0,0]-[1,1,1]. All six exterior faces are present; color differences, if any, are texture/face differences rather than geometry differences.",#5B6F2E,91,111,46,1.000,down=#5B6F2E;up=#5B6F2E;north=#5B6F2E;south=#5B6F2E;west=#5B6F2E;east=#5B6F2E,,none,vegetation,1,1,no,minecraft:block/moss_block,block;cube;cube_all,minecraft:block/moss_block,medium,
minecraft:moss_carpet,irregular_dependent,thin_floor_layer,dependent_on_support_or_counterpart,Irregular very thin floor layer placed on a supporting surface.,"Coordinates are normalized block-local [x,y,z] in 0..1, with y vertical. Thin floor-layer geometry: a flat sheet on top of a supporting block, usually around 0.0625 block thick, occupying most or all of the x/z footprint while leaving almost the entire voxel empty.",#5B6F2E,91,111,46,1.000,,,none,fabric;vegetation,1,1,no,minecraft:block/moss_carpet,block;carpet;thin_block,minecraft:block/moss_block,medium,
minecraft:mossy_cobblestone,full_cube_same_faces,full_cube,self_supporting_geometry,"Full cube [0,0,0]-[1,1,1] with same visual treatment on all six exterior faces.","Coordinates are normalized block-local [x,y,z] in 0..1, with y vertical. Occupies the entire voxel [0,0,0]-[1,1,1]. All six exterior faces are present; color differences, if any, are texture/face differences rather than geometry differences.",#727967,114,121,103,1.000,down=#727967;up=#727967;north=#727967;south=#727967;west=#727967;east=#727967,,none,stone;vegetation,1,1,no,minecraft:block/mossy_cobblestone,block;cube;cube_all,minecraft:block/mossy_cobblestone,medium,
minecraft:mossy_cobblestone_slab,slab,slab,self_supporting_geometry,Half-height or full-height rectangular prism selected by slab type.,"Coordinates are normalized block-local [x,y,z] in 0..1, with y vertical. type=bottom occupies [0,0,0]-[1,0.5,1]. type=top occupies [0,0.5,0]-[1,1,1]. type=double is a full cube [0,0,0]-[1,1,1]. Single-slab states are exactly half-height rectangular prisms.",#727967,114,121,103,1.000,,,none,stone;vegetation;architectural_shape,3,3,no,minecraft:block/mossy_cobblestone;minecraft:block/mossy_cobblestone_slab;minecraft:block/mossy_cobblestone_slab_top,block;cube;cube_all;slab;slab_top,minecraft:block/mossy_cobblestone,medium,Average color is computed across the visible model variants referenced by this block.
minecraft:mossy_cobblestone_stairs,stairs,stairs,self_supporting_geometry,"Step-shaped block: half-block base plus one or more quarter/half prisms; straight, inner-corner, and outer-corner variants.","Coordinates are normalized block-local [x,y,z] in 0..1, with y vertical. Stairs are a full 1x1x1 cube with step-shaped upper/lower half removed. For half=bottom, shape=straight occupies a full bottom half [0,0,0]-[1,0.5,1] plus one upper half-prism [0.5,0.5,0]-[1,1,1] in the canonical east-facing model, so the side profile is an L and the missing volume is a 0.5x0.5x1 prism; facing rotates that prism to north/east/south/west. half=top mirrors the geometry vertically, putting the full half at y=0.5..1 and the step/void in y=0..0.5. shape=inner_left/inner_right occupies the full lower (or upper, for half=top) half plus an L-shaped pair of 0.5x0.5x1 and 0.5x0.5x0.5 upper/lower prisms, leaving exactly one 0.5x0.5x0.5 corner void; left/right chooses the corner after the facing rotation. shape=outer_left/outer_right occupies the full half plus only one 0.5x0.5x0.5 corner prism in the opposite half, leaving the other three corner quarters empty; left/right chooses the retained corner after facing rotation.",#717966,113,121,102,1.000,,,none,stone;vegetation;architectural_shape,3,40,yes,minecraft:block/mossy_cobblestone_stairs;minecraft:block/mossy_cobblestone_stairs_inner;minecraft:block/mossy_cobblestone_stairs_outer,block;inner_stairs;outer_stairs;stairs,minecraft:block/mossy_cobblestone,medium,Average color is computed across the visible model variants referenced by this block.
minecraft:mossy_cobblestone_wall,coarse_wall,masonry_wall,self_supporting_geometry,Thick multipart wall: optional center post plus low/tall side arms.,"Coordinates are normalized block-local [x,y,z] in 0..1, with y vertical. Thick wall states are multipart masonry geometry. up=true adds a center post [0.25,0,0.25]-[0.75,1,0.75]. For each of north/east/south/west: value=none adds no arm; value=low adds a thick arm from the post to that face, approximately 0.375 wide, 0.5 long, and 0.875 high; value=tall uses the same footprint but rises to full height y=1. Direction values rotate the canonical north arm [0.3125,0,0]-[0.6875,0.875 or 1,0.5].",#727967,114,121,103,1.000,,,none,stone;vegetation;architectural_shape,3,9,yes,minecraft:block/mossy_cobblestone_wall_post;minecraft:block/mossy_cobblestone_wall_side;minecraft:block/mossy_cobblestone_wall_side_tall,template_wall_post;template_wall_side;template_wall_side_tall,minecraft:block/mossy_cobblestone,medium,Average color is computed across the visible model variants referenced by this block.
minecraft:mossy_stone_brick_slab,slab,slab,self_supporting_geometry,Half-height or full-height rectangular prism selected by slab type.,"Coordinates are normalized block-local [x,y,z] in 0..1, with y vertical. type=bottom occupies [0,0,0]-[1,0.5,1]. type=top occupies [0,0.5,0]-[1,1,1]. type=double is a full cube [0,0,0]-[1,1,1]. Single-slab states are exactly half-height rectangular prisms.",#767B6E,118,123,110,1.000,,,none,stone;brick;vegetation;architectural_shape;neutral,3,3,no,minecraft:block/mossy_stone_brick_slab;minecraft:block/mossy_stone_brick_slab_top;minecraft:block/mossy_stone_bricks,block;cube;cube_all;slab;slab_top,minecraft:block/mossy_stone_bricks,medium,Average color is computed across the visible model variants referenced by this block.
minecraft:mossy_stone_brick_stairs,stairs,stairs,self_supporting_geometry,"Step-shaped block: half-block base plus one or more quarter/half prisms; straight, inner-corner, and outer-corner variants.","Coordinates are normalized block-local [x,y,z] in 0..1, with y vertical. Stairs are a full 1x1x1 cube with step-shaped upper/lower half removed. For half=bottom, shape=straight occupies a full bottom half [0,0,0]-[1,0.5,1] plus one upper half-prism [0.5,0.5,0]-[1,1,1] in the canonical east-facing model, so the side profile is an L and the missing volume is a 0.5x0.5x1 prism; facing rotates that prism to north/east/south/west. half=top mirrors the geometry vertically, putting the full half at y=0.5..1 and the step/void in y=0..0.5. shape=inner_left/inner_right occupies the full lower (or upper, for half=top) half plus an L-shaped pair of 0.5x0.5x1 and 0.5x0.5x0.5 upper/lower prisms, leaving exactly one 0.5x0.5x0.5 corner void; left/right chooses the corner after the facing rotation. shape=outer_left/outer_right occupies the full half plus only one 0.5x0.5x0.5 corner prism in the opposite half, leaving the other three corner quarters empty; left/right chooses the retained corner after facing rotation.",#767B6F,118,123,111,1.000,,,none,stone;brick;vegetation;architectural_shape;neutral,3,40,yes,minecraft:block/mossy_stone_brick_stairs;minecraft:block/mossy_stone_brick_stairs_inner;minecraft:block/mossy_stone_brick_stairs_outer,block;inner_stairs;outer_stairs;stairs,minecraft:block/mossy_stone_bricks,medium,Average color is computed across the visible model variants referenced by this block.
minecraft:mossy_stone_brick_wall,coarse_wall,masonry_wall,self_supporting_geometry,Thick multipart wall: optional center post plus low/tall side arms.,"Coordinates are normalized block-local [x,y,z] in 0..1, with y vertical. Thick wall states are multipart masonry geometry. up=true adds a center post [0.25,0,0.25]-[0.75,1,0.75]. For each of north/east/south/west: value=none adds no arm; value=low adds a thick arm from the post to that face, approximately 0.375 wide, 0.5 long, and 0.875 high; value=tall uses the same footprint but rises to full height y=1. Direction values rotate the canonical north arm [0.3125,0,0]-[0.6875,0.875 or 1,0.5].",#767B6E,118,123,110,1.000,,,none,stone;brick;vegetation;architectural_shape;neutral,3,9,yes,minecraft:block/mossy_stone_brick_wall_post;minecraft:block/mossy_stone_brick_wall_side;minecraft:block/mossy_stone_brick_wall_side_tall,template_wall_post;template_wall_side;template_wall_side_tall,minecraft:block/mossy_stone_bricks,medium,Average color is computed across the visible model variants referenced by this block.
minecraft:mossy_stone_bricks,full_cube_same_faces,full_cube,self_supporting_geometry,"Full cube [0,0,0]-[1,1,1] with same visual treatment on all six exterior faces.","Coordinates are normalized block-local [x,y,z] in 0..1, with y vertical. Occupies the entire voxel [0,0,0]-[1,1,1]. All six exterior faces are present; color differences, if any, are texture/face differences rather than geometry differences.",#767B6E,118,123,110,1.000,down=#767B6E;up=#767B6E;north=#767B6E;south=#767B6E;west=#767B6E;east=#767B6E,,none,stone;brick;vegetation;neutral,1,1,no,minecraft:block/mossy_stone_bricks,block;cube;cube_all,minecraft:block/mossy_stone_bricks,medium,
minecraft:moving_piston,irregular_self_supporting,irregular_model,self_supporting_geometry,Irregular non-cube geometry that can be used as a standalone placed form.,"Coordinates are normalized block-local [x,y,z] in 0..1, with y vertical. Irregular non-cube geometry; exact visible shape is defined by the resolved block model and state-selected model variants.",#766F67,118,111,103,1.000,,,none,neutral,1,1,no,minecraft:block/moving_piston,,minecraft:block/piston_side,medium,
minecraft:mud,full_cube_same_faces,full_cube,self_supporting_geometry,"Full cube [0,0,0]-[1,1,1] with same visual treatment on all six exterior faces.","Coordinates are normalized block-local [x,y,z] in 0..1, with y vertical. Occupies the entire voxel [0,0,0]-[1,1,1]. All six exterior faces are present; color differences, if any, are texture/face differences rather than geometry differences.",#3D3A3D,61,58,61,1.000,down=#3D3A3D;up=#3D3A3D;north=#3D3A3D;south=#3D3A3D;west=#3D3A3D;east=#3D3A3D,,none,neutral,1,1,no,minecraft:block/mud,block;cube;cube_all,minecraft:block/mud,medium,
minecraft:mud_brick_slab,slab,slab,self_supporting_geometry,Half-height or full-height rectangular prism selected by slab type.,"Coordinates are normalized block-local [x,y,z] in 0..1, with y vertical. type=bottom occupies [0,0,0]-[1,0.5,1]. type=top occupies [0,0.5,0]-[1,1,1]. type=double is a full cube [0,0,0]-[1,1,1]. Single-slab states are exactly half-height rectangular prisms.",#8B6950,139,105,80,1.000,,,none,brick;architectural_shape,3,3,no,minecraft:block/mud_brick_slab;minecraft:block/mud_brick_slab_top;minecraft:block/mud_bricks,block;cube;cube_all;slab;slab_top,minecraft:block/mud_bricks,medium,Average color is computed across the visible model variants referenced by this block.
minecraft:mud_brick_stairs,stairs,stairs,self_supporting_geometry,"Step-shaped block: half-block base plus one or more quarter/half prisms; straight, inner-corner, and outer-corner variants.","Coordinates are normalized block-local [x,y,z] in 0..1, with y vertical. Stairs are a full 1x1x1 cube with step-shaped upper/lower half removed. For half=bottom, shape=straight occupies a full bottom half [0,0,0]-[1,0.5,1] plus one upper half-prism [0.5,0.5,0]-[1,1,1] in the canonical east-facing model, so the side profile is an L and the missing volume is a 0.5x0.5x1 prism; facing rotates that prism to north/east/south/west. half=top mirrors the geometry vertically, putting the full half at y=0.5..1 and the step/void in y=0..0.5. shape=inner_left/inner_right occupies the full lower (or upper, for half=top) half plus an L-shaped pair of 0.5x0.5x1 and 0.5x0.5x0.5 upper/lower prisms, leaving exactly one 0.5x0.5x0.5 corner void; left/right chooses the corner after the facing rotation. shape=outer_left/outer_right occupies the full half plus only one 0.5x0.5x0.5 corner prism in the opposite half, leaving the other three corner quarters empty; left/right chooses the retained corner after facing rotation.",#8B6950,139,105,80,1.000,,,none,brick;architectural_shape,3,40,yes,minecraft:block/mud_brick_stairs;minecraft:block/mud_brick_stairs_inner;minecraft:block/mud_brick_stairs_outer,block;inner_stairs;outer_stairs;stairs,minecraft:block/mud_bricks,medium,Average color is computed across the visible model variants referenced by this block.
minecraft:mud_brick_wall,coarse_wall,masonry_wall,self_supporting_geometry,Thick multipart wall: optional center post plus low/tall side arms.,"Coordinates are normalized block-local [x,y,z] in 0..1, with y vertical. Thick wall states are multipart masonry geometry. up=true adds a center post [0.25,0,0.25]-[0.75,1,0.75]. For each of north/east/south/west: value=none adds no arm; value=low adds a thick arm from the post to that face, approximately 0.375 wide, 0.5 long, and 0.875 high; value=tall uses the same footprint but rises to full height y=1. Direction values rotate the canonical north arm [0.3125,0,0]-[0.6875,0.875 or 1,0.5].",#8B6950,139,105,80,1.000,,,none,brick;architectural_shape,3,9,yes,minecraft:block/mud_brick_wall_post;minecraft:block/mud_brick_wall_side;minecraft:block/mud_brick_wall_side_tall,template_wall_post;template_wall_side;template_wall_side_tall,minecraft:block/mud_bricks,medium,Average color is computed across the visible model variants referenced by this block.
minecraft:mud_bricks,full_cube_same_faces,full_cube,self_supporting_geometry,"Full cube [0,0,0]-[1,1,1] with same visual treatment on all six exterior faces.","Coordinates are normalized block-local [x,y,z] in 0..1, with y vertical. Occupies the entire voxel [0,0,0]-[1,1,1]. All six exterior faces are present; color differences, if any, are texture/face differences rather than geometry differences.",#8B6950,139,105,80,1.000,down=#8B6950;up=#8B6950;north=#8B6950;south=#8B6950;west=#8B6950;east=#8B6950,,none,brick,1,1,no,minecraft:block/mud_bricks_north_west_mirrored,cube_north_west_mirrored;cube_north_west_mirrored_all,minecraft:block/mud_bricks,medium,
minecraft:muddy_mangrove_roots,full_cube_same_faces,full_cube,self_supporting_geometry,"Full cube [0,0,0]-[1,1,1] with same visual treatment on all six exterior faces.","Coordinates are normalized block-local [x,y,z] in 0..1, with y vertical. Occupies the entire voxel [0,0,0]-[1,1,1]. All six exterior faces are present; color differences, if any, are texture/face differences rather than geometry differences.",#463C31,70,60,49,1.000,down=#473C2F;up=#473C2F;north=#463B32;south=#463B32;west=#463B32;east=#463B32,,none,vegetation,1,3,yes,minecraft:block/muddy_mangrove_roots,block;cube;cube_column,minecraft:block/muddy_mangrove_roots_side;minecraft:block/muddy_mangrove_roots_top,medium,
minecraft:mushroom_stem,irregular_dependent,irregular_model,dependent_on_support_or_counterpart,"Irregular non-cube geometry that is expected to depend on a support block, substrate, or paired state.","Coordinates are normalized block-local [x,y,z] in 0..1, with y vertical. Irregular model geometry resolved from block models. Representative normalized cuboids/planes: minecraft:block/mushroom_stem -> 1 element: [0,0,0]-[1,1,0]. Orientation or count states rotate, swap, or combine these cuboids without making the block a full cube.",#CBB89D,203,184,157,1.000,,,none,wood,2,12,yes,minecraft:block/mushroom_block_inside;minecraft:block/mushroom_stem,template_single_face,minecraft:block/mushroom_block_inside;minecraft:block/mushroom_stem,medium,Average color is computed across the visible model variants referenced by this block.
minecraft:mycelium,full_cube_different_faces,full_cube,self_supporting_geometry,"Full cube [0,0,0]-[1,1,1] with face-dependent visual treatment.","Coordinates are normalized block-local [x,y,z] in 0..1, with y vertical. Occupies the entire voxel [0,0,0]-[1,1,1]. All six exterior faces are present; color differences, if any, are texture/face differences rather than geometry differences.",#938379,147,131,121,1.000,down=#8A6346;up=#706366;north=#775C4E;south=#775C4E;west=#775C4E;east=#775C4E,down=#8A6346;up=#706366,none,,2,5,yes,minecraft:block/grass_block_snow;minecraft:block/mycelium,block;cube;cube_bottom_top,minecraft:block/dirt;minecraft:block/grass_block_snow;minecraft:block/grass_block_top;minecraft:block/mycelium_side;minecraft:block/mycelium_top,medium,Average color is computed across the visible model variants referenced by this block.
minecraft:nether_brick_fence,thin_wall,fence,self_supporting_geometry,"Narrow multipart connector: thin post, pane, bar, fence, or gate segments.","Coordinates are normalized block-local [x,y,z] in 0..1, with y vertical. Fence geometry is multipart. The center post is [0.375,0,0.375]-[0.625,1,0.625]. Each north/east/south/west=true connector adds two narrow horizontal rails from the post toward that face: lower rail around y=0.375..0.5625 and upper rail around y=0.75..0.9375, with a 0.125-thick cross-section. false leaves that side open.",#2F171B,47,23,27,1.000,,,none,brick;architectural_shape;dark,2,5,yes,minecraft:block/nether_brick_fence_post;minecraft:block/nether_brick_fence_side,fence_post;fence_side,minecraft:block/nether_bricks,medium,Average color is computed across the visible model variants referenced by this block.
minecraft:nether_brick_slab,slab,slab,self_supporting_geometry,Half-height or full-height rectangular prism selected by slab type.,"Coordinates are normalized block-local [x,y,z] in 0..1, with y vertical. type=bottom occupies [0,0,0]-[1,0.5,1]. type=top occupies [0,0.5,0]-[1,1,1]. type=double is a full cube [0,0,0]-[1,1,1]. Single-slab states are exactly half-height rectangular prisms.",#2F171B,47,23,27,1.000,,,none,brick;architectural_shape;dark,3,3,no,minecraft:block/nether_brick_slab;minecraft:block/nether_brick_slab_top;minecraft:block/nether_bricks,block;cube;cube_all;slab;slab_top,minecraft:block/nether_bricks,medium,Average color is computed across the visible model variants referenced by this block.
minecraft:nether_brick_stairs,stairs,stairs,self_supporting_geometry,"Step-shaped block: half-block base plus one or more quarter/half prisms; straight, inner-corner, and outer-corner variants.","Coordinates are normalized block-local [x,y,z] in 0..1, with y vertical. Stairs are a full 1x1x1 cube with step-shaped upper/lower half removed. For half=bottom, shape=straight occupies a full bottom half [0,0,0]-[1,0.5,1] plus one upper half-prism [0.5,0.5,0]-[1,1,1] in the canonical east-facing model, so the side profile is an L and the missing volume is a 0.5x0.5x1 prism; facing rotates that prism to north/east/south/west. half=top mirrors the geometry vertically, putting the full half at y=0.5..1 and the step/void in y=0..0.5. shape=inner_left/inner_right occupies the full lower (or upper, for half=top) half plus an L-shaped pair of 0.5x0.5x1 and 0.5x0.5x0.5 upper/lower prisms, leaving exactly one 0.5x0.5x0.5 corner void; left/right chooses the corner after the facing rotation. shape=outer_left/outer_right occupies the full half plus only one 0.5x0.5x0.5 corner prism in the opposite half, leaving the other three corner quarters empty; left/right chooses the retained corner after facing rotation.",#2F171B,47,23,27,1.000,,,none,brick;architectural_shape;dark,3,40,yes,minecraft:block/nether_brick_stairs;minecraft:block/nether_brick_stairs_inner;minecraft:block/nether_brick_stairs_outer,block;inner_stairs;outer_stairs;stairs,minecraft:block/nether_bricks,medium,Average color is computed across the visible model variants referenced by this block.
minecraft:nether_brick_wall,coarse_wall,masonry_wall,self_supporting_geometry,Thick multipart wall: optional center post plus low/tall side arms.,"Coordinates are normalized block-local [x,y,z] in 0..1, with y vertical. Thick wall states are multipart masonry geometry. up=true adds a center post [0.25,0,0.25]-[0.75,1,0.75]. For each of north/east/south/west: value=none adds no arm; value=low adds a thick arm from the post to that face, approximately 0.375 wide, 0.5 long, and 0.875 high; value=tall uses the same footprint but rises to full height y=1. Direction values rotate the canonical north arm [0.3125,0,0]-[0.6875,0.875 or 1,0.5].",#2F171B,47,23,27,1.000,,,none,brick;architectural_shape;dark,3,9,yes,minecraft:block/nether_brick_wall_post;minecraft:block/nether_brick_wall_side;minecraft:block/nether_brick_wall_side_tall,template_wall_post;template_wall_side;template_wall_side_tall,minecraft:block/nether_bricks,medium,Average color is computed across the visible model variants referenced by this block.
minecraft:nether_bricks,full_cube_same_faces,full_cube,self_supporting_geometry,"Full cube [0,0,0]-[1,1,1] with same visual treatment on all six exterior faces.","Coordinates are normalized block-local [x,y,z] in 0..1, with y vertical. Occupies the entire voxel [0,0,0]-[1,1,1]. All six exterior faces are present; color differences, if any, are texture/face differences rather than geometry differences.",#2F171B,47,23,27,1.000,down=#2F171B;up=#2F171B;north=#2F171B;south=#2F171B;west=#2F171B;east=#2F171B,,none,brick;dark,1,1,no,minecraft:block/nether_bricks,block;cube;cube_all,minecraft:block/nether_bricks,medium,
minecraft:nether_gold_ore,full_cube_same_faces,full_cube,self_supporting_geometry,"Full cube [0,0,0]-[1,1,1] with same visual treatment on all six exterior faces.","Coordinates are normalized block-local [x,y,z] in 0..1, with y vertical. Occupies the entire voxel [0,0,0]-[1,1,1]. All six exterior faces are present; color differences, if any, are texture/face differences rather than geometry differences.",#7E4E31,126,78,49,1.000,down=#7E4E31;up=#7E4E31;north=#7E4E31;south=#7E4E31;west=#7E4E31;east=#7E4E31,,none,ore,1,1,no,minecraft:block/nether_gold_ore,block;cube;cube_all,minecraft:block/nether_gold_ore,medium,
minecraft:nether_portal,irregular_self_supporting,irregular_model,self_supporting_geometry,Irregular non-cube geometry that can be used as a standalone placed form.,"Coordinates are normalized block-local [x,y,z] in 0..1, with y vertical. Irregular model geometry resolved from block models. Representative normalized cuboids/planes: minecraft:block/nether_portal_ns -> 1 element: [0,0,0.375]-[1,1,0.625] | minecraft:block/nether_portal_ew -> 1 element: [0.375,0,0]-[0.625,1,1]. Orientation or count states rotate, swap, or combine these cuboids without making the block a full cube.",#5E15C2,94,21,194,0.751,,,none,dark,2,2,no,minecraft:block/nether_portal_ew;minecraft:block/nether_portal_ns,,minecraft:block/nether_portal,medium,Average color is computed across the visible model variants referenced by this block.
minecraft:nether_quartz_ore,full_cube_same_faces,full_cube,self_supporting_geometry,"Full cube [0,0,0]-[1,1,1] with same visual treatment on all six exterior faces.","Coordinates are normalized block-local [x,y,z] in 0..1, with y vertical. Occupies the entire voxel [0,0,0]-[1,1,1]. All six exterior faces are present; color differences, if any, are texture/face differences rather than geometry differences.",#7E5953,126,89,83,1.000,down=#7E5953;up=#7E5953;north=#7E5953;south=#7E5953;west=#7E5953;east=#7E5953,,none,ore,1,1,no,minecraft:block/nether_quartz_ore,block;cube;cube_all,minecraft:block/nether_quartz_ore,medium,
minecraft:nether_sprouts,irregular_dependent,cross_planes,dependent_on_support_or_counterpart,"Irregular crossed flat planes with transparent cutout texture, typically plant-like and support/substrate dependent.","Coordinates are normalized block-local [x,y,z] in 0..1, with y vertical. Cross-plane geometry: two near-zero-thickness quads cross diagonally through the block center, usually spanning most of y=0..1. The visible silhouette comes from transparent texture pixels, not from cuboid volume; placement normally depends on ground or substrate support.",#149985,20,153,133,1.000,,,none,,1,1,no,minecraft:block/nether_sprouts,cross,minecraft:block/nether_sprouts,medium,
minecraft:nether_wart,irregular_dependent,irregular_model,dependent_on_support_or_counterpart,"Irregular non-cube geometry that is expected to depend on a support block, substrate, or paired state.","Coordinates are normalized block-local [x,y,z] in 0..1, with y vertical. Irregular model geometry resolved from block models. Representative normalized cuboids/planes: minecraft:block/nether_wart_stage0 -> 4 elements: [0.25,-0.0625,0]-[0.25,0.9375,1] + [0.75,-0.0625,0]-[0.75,0.9375,1] + [0,-0.0625,0.25]-[1,0.9375,0.25] + [0,-0.0625,0.75]-[1,0.9375,0.75]. Orientation or count states rotate, swap, or combine these cuboids without making the block a full cube.",#79191B,121,25,27,1.000,,,none,dark,3,4,no,minecraft:block/nether_wart_stage0;minecraft:block/nether_wart_stage1;minecraft:block/nether_wart_stage2,crop,minecraft:block/nether_wart_stage0;minecraft:block/nether_wart_stage1;minecraft:block/nether_wart_stage2,medium,Average color is computed across the visible model variants referenced by this block.
minecraft:nether_wart_block,full_cube_same_faces,full_cube,self_supporting_geometry,"Full cube [0,0,0]-[1,1,1] with same visual treatment on all six exterior faces.","Coordinates are normalized block-local [x,y,z] in 0..1, with y vertical. Occupies the entire voxel [0,0,0]-[1,1,1]. All six exterior faces are present; color differences, if any, are texture/face differences rather than geometry differences.",#750909,117,9,9,1.000,down=#750909;up=#750909;north=#750909;south=#750909;west=#750909;east=#750909,,none,dark,1,1,no,minecraft:block/nether_wart_block,block;cube;cube_all,minecraft:block/nether_wart_block,medium,
minecraft:netherite_block,full_cube_same_faces,full_cube,self_supporting_geometry,"Full cube [0,0,0]-[1,1,1] with same visual treatment on all six exterior faces.","Coordinates are normalized block-local [x,y,z] in 0..1, with y vertical. Occupies the entire voxel [0,0,0]-[1,1,1]. All six exterior faces are present; color differences, if any, are texture/face differences rather than geometry differences.",#444042,68,64,66,1.000,down=#444042;up=#444042;north=#444042;south=#444042;west=#444042;east=#444042,,none,neutral,1,1,no,minecraft:block/netherite_block,block;cube;cube_all,minecraft:block/netherite_block,medium,
minecraft:netherrack,full_cube_same_faces,full_cube,self_supporting_geometry,"Full cube [0,0,0]-[1,1,1] with same visual treatment on all six exterior faces.","Coordinates are normalized block-local [x,y,z] in 0..1, with y vertical. Occupies the entire voxel [0,0,0]-[1,1,1]. All six exterior faces are present; color differences, if any, are texture/face differences rather than geometry differences.",#632929,99,41,41,1.000,down=#632929;up=#632929;north=#632929;south=#632929;west=#632929;east=#632929,,none,dark,1,16,yes,minecraft:block/netherrack,block;cube;cube_all,minecraft:block/netherrack,medium,
minecraft:note_block,full_cube_same_faces,full_cube,self_supporting_geometry,"Full cube [0,0,0]-[1,1,1] with same visual treatment on all six exterior faces.","Coordinates are normalized block-local [x,y,z] in 0..1, with y vertical. Occupies the entire voxel [0,0,0]-[1,1,1]. All six exterior faces are present; color differences, if any, are texture/face differences rather than geometry differences.",#623F2C,98,63,44,1.000,down=#623F2C;up=#623F2C;north=#623F2C;south=#623F2C;west=#623F2C;east=#623F2C,,none,,1,1,no,minecraft:block/note_block,block;cube;cube_all,minecraft:block/note_block,medium,
minecraft:oak_button,irregular_dependent,irregular_model,dependent_on_support_or_counterpart,"Irregular non-cube geometry that is expected to depend on a support block, substrate, or paired state.","Coordinates are normalized block-local [x,y,z] in 0..1, with y vertical. Button geometry is a small face-mounted cuboid. face/facing chooses the support face and orientation; powered=true uses a thinner pressed protrusion, while powered=false protrudes farther from the support surface.",#A48450,164,132,80,1.000,,,none,,2,24,yes,minecraft:block/oak_button;minecraft:block/oak_button_pressed,button;button_pressed,minecraft:block/oak_planks,medium,Average color is computed across the visible model variants referenced by this block.
minecraft:oak_door,irregular_dependent,hinged_panel,dependent_on_support_or_counterpart,"Irregular thin hinged panel; open/closed, half, hinge, or facing changes by state.","Coordinates are normalized block-local [x,y,z] in 0..1, with y vertical. Door-like geometry is a thin vertical panel about 0.1875 blocks thick and one block tall per half. half=lower/upper selects the lower or upper block of the two-block door. facing chooses the panel orientation, hinge selects the pivot side, and open=true rotates the panel around that hinge.",#907145,144,113,69,1.000,,,none,,8,32,yes,minecraft:block/oak_door_bottom_left;minecraft:block/oak_door_bottom_left_open;minecraft:block/oak_door_bottom_right;minecraft:block/oak_door_bottom_right_open;minecraft:block/oak_door_top_left;minecraft:block/oak_door_top_left_open;minecraft:block/oak_door_top_right;minecraft:block/oak_door_top_right_open,door_bottom_left;door_bottom_left_open;door_bottom_right;door_bottom_right_open;door_top_left;door_top_left_open;door_top_right;door_top_right_open,minecraft:block/oak_door_bottom;minecraft:block/oak_door_top,medium,Average color is computed across the visible model variants referenced by this block.
minecraft:oak_fence,thin_wall,fence,self_supporting_geometry,"Narrow multipart connector: thin post, pane, bar, fence, or gate segments.","Coordinates are normalized block-local [x,y,z] in 0..1, with y vertical. Fence geometry is multipart. The center post is [0.375,0,0.375]-[0.625,1,0.625]. Each north/east/south/west=true connector adds two narrow horizontal rails from the post toward that face: lower rail around y=0.375..0.5625 and upper rail around y=0.75..0.9375, with a 0.125-thick cross-section. false leaves that side open.",#A38450,163,132,80,1.000,,,none,architectural_shape,2,5,yes,minecraft:block/oak_fence_post;minecraft:block/oak_fence_side,fence_post;fence_side,minecraft:block/oak_planks,medium,Average color is computed across the visible model variants referenced by this block.
minecraft:oak_fence_gate,thin_wall,fence_gate,self_supporting_geometry,"Narrow multipart connector: thin post, pane, bar, fence, or gate segments.","Coordinates are normalized block-local [x,y,z] in 0..1, with y vertical. Fence gate geometry is a pair of narrow side posts plus two hinged gate leaves. open=false places the leaves across the center line as a thin barrier; open=true swings the leaves back against the side posts. facing rotates the gate axis. in_wall=true lowers the posts and rails to align with coarse wall height, using the same narrow footprints but shifted downward.",#A38450,163,132,80,1.000,,,none,architectural_shape,4,16,yes,minecraft:block/oak_fence_gate;minecraft:block/oak_fence_gate_open;minecraft:block/oak_fence_gate_wall;minecraft:block/oak_fence_gate_wall_open,block;template_fence_gate;template_fence_gate_open;template_fence_gate_wall;template_fence_gate_wall_open,minecraft:block/oak_planks,medium,Average color is computed across the visible model variants referenced by this block.
minecraft:oak_hanging_sign,entity_block,entity_renderer,entity_or_block_entity_renderer,Special renderer/entity-style block; normal model geometry is not authoritative.,"Coordinates are normalized block-local [x,y,z] in 0..1, with y vertical. This block is rendered by an entity, block entity, or special renderer rather than by a normal solid block model. Treat its world geometry as renderer-defined; this CSV intentionally does not infer a precise color or cuboid mesh from the block model.",,,,,,,,none,,1,1,no,minecraft:block/oak_hanging_sign,,,high,Average color intentionally omitted because this is handled by entity/block-entity rendering.
minecraft:oak_leaves,full_cube_same_faces,full_cube,self_supporting_geometry,"Full cube [0,0,0]-[1,1,1] with same visual treatment on all six exterior faces.","Coordinates are normalized block-local [x,y,z] in 0..1, with y vertical. Occupies the entire voxel [0,0,0]-[1,1,1]. All six exterior faces are present; color differences, if any, are texture/face differences rather than geometry differences.",#45641B,69,100,27,1.000,down=#45641B;up=#45641B;north=#45641B;south=#45641B;west=#45641B;east=#45641B,,plains_foliage,vegetation,1,1,no,minecraft:block/oak_leaves,block;leaves,minecraft:block/oak_leaves,medium,Tinted textures use the plains biome approximation for color averaging.
minecraft:oak_log,full_cube_different_faces,full_cube,self_supporting_geometry,"Full cube [0,0,0]-[1,1,1] with face-dependent visual treatment.","Coordinates are normalized block-local [x,y,z] in 0..1, with y vertical. Occupies the entire voxel [0,0,0]-[1,1,1]. All six exterior faces are present; color differences, if any, are texture/face differences rather than geometry differences.",#81673E,129,103,62,1.000,down=#9C7E4C;up=#9C7E4C;north=#715834;south=#715834;west=#715834;east=#715834,down=#9C7E4C;up=#9C7E4C,none,wood,2,3,yes,minecraft:block/oak_log;minecraft:block/oak_log_horizontal,block;cube;cube_column;cube_column_horizontal,minecraft:block/oak_log;minecraft:block/oak_log_top,medium,Average color is computed across the visible model variants referenced by this block.
minecraft:oak_planks,full_cube_same_faces,full_cube,self_supporting_geometry,"Full cube [0,0,0]-[1,1,1] with same visual treatment on all six exterior faces.","Coordinates are normalized block-local [x,y,z] in 0..1, with y vertical. Occupies the entire voxel [0,0,0]-[1,1,1]. All six exterior faces are present; color differences, if any, are texture/face differences rather than geometry differences.",#A58551,165,133,81,1.000,down=#A58551;up=#A58551;north=#A58551;south=#A58551;west=#A58551;east=#A58551,,none,wood,1,1,no,minecraft:block/oak_planks,block;cube;cube_all,minecraft:block/oak_planks,medium,
minecraft:oak_pressure_plate,irregular_dependent,irregular_model,dependent_on_support_or_counterpart,"Irregular non-cube geometry that is expected to depend on a support block, substrate, or paired state.","Coordinates are normalized block-local [x,y,z] in 0..1, with y vertical. Pressure plate geometry is a low rectangular floor plate occupying most of the x/z footprint. powered=false is slightly raised; powered=true lowers it closer to the supporting block.",#A38450,163,132,80,1.000,,,none,,2,2,no,minecraft:block/oak_pressure_plate;minecraft:block/oak_pressure_plate_down,block;pressure_plate_down;pressure_plate_up;thin_block,minecraft:block/oak_planks,medium,Average color is computed across the visible model variants referenced by this block.
minecraft:oak_sapling,irregular_dependent,cross_planes,dependent_on_support_or_counterpart,"Irregular crossed flat planes with transparent cutout texture, typically plant-like and support/substrate dependent.","Coordinates are normalized block-local [x,y,z] in 0..1, with y vertical. Cross-plane geometry: two near-zero-thickness quads cross diagonally through the block center, usually spanning most of y=0..1. The visible silhouette comes from transparent texture pixels, not from cuboid volume; placement normally depends on ground or substrate support.",#54742C,84,116,44,1.000,,,none,,1,1,no,minecraft:block/oak_sapling,cross,minecraft:block/oak_sapling,medium,
minecraft:oak_shelf,irregular_self_supporting,irregular_model,self_supporting_geometry,Irregular non-cube geometry that can be used as a standalone placed form.,"Coordinates are normalized block-local [x,y,z] in 0..1, with y vertical. Irregular model geometry resolved from block models. Representative normalized cuboids/planes: minecraft:block/oak_shelf -> 3 elements: [0,0,0.8125]-[1,1,1] + [0,0,0.6875]-[1,0.25,0.8125] + [0,0.75,0.6875]-[1,1,0.8125] | minecraft:block/oak_shelf_unpowered -> 1 element: [0,0.25,0.8125]-[1,0.75,0.8125]. Orientation or count states rotate, swap, or combine these cuboids without making the block a full cube.",#8B6F41,139,111,65,1.000,,,none,,6,24,yes,minecraft:block/oak_shelf;minecraft:block/oak_shelf_center;minecraft:block/oak_shelf_left;minecraft:block/oak_shelf_right;minecraft:block/oak_shelf_unconnected;minecraft:block/oak_shelf_unpowered,block;template_shelf_body;template_shelf_center;template_shelf_left;template_shelf_right;template_shelf_unconnected;template_shelf_unpowered,minecraft:block/oak_shelf,medium,Average color is computed across the visible model variants referenced by this block.
minecraft:oak_sign,entity_block,entity_renderer,entity_or_block_entity_renderer,Special renderer/entity-style block; normal model geometry is not authoritative.,"Coordinates are normalized block-local [x,y,z] in 0..1, with y vertical. This block is rendered by an entity, block entity, or special renderer rather than by a normal solid block model. Treat its world geometry as renderer-defined; this CSV intentionally does not infer a precise color or cuboid mesh from the block model.",,,,,,,,none,,1,1,no,minecraft:block/oak_sign,,,high,Average color intentionally omitted because this is handled by entity/block-entity rendering.
minecraft:oak_slab,slab,slab,self_supporting_geometry,Half-height or full-height rectangular prism selected by slab type.,"Coordinates are normalized block-local [x,y,z] in 0..1, with y vertical. type=bottom occupies [0,0,0]-[1,0.5,1]. type=top occupies [0,0.5,0]-[1,1,1]. type=double is a full cube [0,0,0]-[1,1,1]. Single-slab states are exactly half-height rectangular prisms.",#A58551,165,133,81,1.000,,,none,architectural_shape,3,3,no,minecraft:block/oak_planks;minecraft:block/oak_slab;minecraft:block/oak_slab_top,block;cube;cube_all;slab;slab_top,minecraft:block/oak_planks,medium,Average color is computed across the visible model variants referenced by this block.
minecraft:oak_stairs,stairs,stairs,self_supporting_geometry,"Step-shaped block: half-block base plus one or more quarter/half prisms; straight, inner-corner, and outer-corner variants.","Coordinates are normalized block-local [x,y,z] in 0..1, with y vertical. Stairs are a full 1x1x1 cube with step-shaped upper/lower half removed. For half=bottom, shape=straight occupies a full bottom half [0,0,0]-[1,0.5,1] plus one upper half-prism [0.5,0.5,0]-[1,1,1] in the canonical east-facing model, so the side profile is an L and the missing volume is a 0.5x0.5x1 prism; facing rotates that prism to north/east/south/west. half=top mirrors the geometry vertically, putting the full half at y=0.5..1 and the step/void in y=0..0.5. shape=inner_left/inner_right occupies the full lower (or upper, for half=top) half plus an L-shaped pair of 0.5x0.5x1 and 0.5x0.5x0.5 upper/lower prisms, leaving exactly one 0.5x0.5x0.5 corner void; left/right chooses the corner after the facing rotation. shape=outer_left/outer_right occupies the full half plus only one 0.5x0.5x0.5 corner prism in the opposite half, leaving the other three corner quarters empty; left/right chooses the retained corner after facing rotation.",#A58551,165,133,81,1.000,,,none,architectural_shape,3,40,yes,minecraft:block/oak_stairs;minecraft:block/oak_stairs_inner;minecraft:block/oak_stairs_outer,block;inner_stairs;outer_stairs;stairs,minecraft:block/oak_planks,medium,Average color is computed across the visible model variants referenced by this block.
minecraft:oak_trapdoor,irregular_dependent,hinged_panel,dependent_on_support_or_counterpart,"Irregular thin hinged panel; open/closed, half, hinge, or facing changes by state.","Coordinates are normalized block-local [x,y,z] in 0..1, with y vertical. Trapdoor geometry is a thin 1x1 panel about 0.1875 blocks thick. half=bottom places the closed panel at y=0..0.1875; half=top places it at y=0.8125..1. open=true rotates the same panel upright against the side chosen by facing.",#82673C,130,103,60,1.000,,,none,,3,16,yes,minecraft:block/oak_trapdoor_bottom;minecraft:block/oak_trapdoor_open;minecraft:block/oak_trapdoor_top,block;template_trapdoor_bottom;template_trapdoor_open;template_trapdoor_top;thin_block,minecraft:block/oak_trapdoor,medium,Average color is computed across the visible model variants referenced by this block.
minecraft:oak_wall_hanging_sign,entity_block,entity_renderer,entity_or_block_entity_renderer,Special renderer/entity-style block; normal model geometry is not authoritative.,"Coordinates are normalized block-local [x,y,z] in 0..1, with y vertical. This block is rendered by an entity, block entity, or special renderer rather than by a normal solid block model. Treat its world geometry as renderer-defined; this CSV intentionally does not infer a precise color or cuboid mesh from the block model.",,,,,,,,none,,1,1,no,minecraft:block/oak_hanging_sign,,,high,Average color intentionally omitted because this is handled by entity/block-entity rendering.
minecraft:oak_wall_sign,entity_block,entity_renderer,entity_or_block_entity_renderer,Special renderer/entity-style block; normal model geometry is not authoritative.,"Coordinates are normalized block-local [x,y,z] in 0..1, with y vertical. This block is rendered by an entity, block entity, or special renderer rather than by a normal solid block model. Treat its world geometry as renderer-defined; this CSV intentionally does not infer a precise color or cuboid mesh from the block model.",,,,,,,,none,,1,1,no,minecraft:block/oak_sign,,,high,Average color intentionally omitted because this is handled by entity/block-entity rendering.
minecraft:oak_wood,full_cube_same_faces,full_cube,self_supporting_geometry,"Full cube [0,0,0]-[1,1,1] with same visual treatment on all six exterior faces.","Coordinates are normalized block-local [x,y,z] in 0..1, with y vertical. Occupies the entire voxel [0,0,0]-[1,1,1]. All six exterior faces are present; color differences, if any, are texture/face differences rather than geometry differences.",#715834,113,88,52,1.000,down=#715834;up=#715834;north=#715834;south=#715834;west=#715834;east=#715834,,none,wood,1,3,yes,minecraft:block/oak_wood,block;cube;cube_column,minecraft:block/oak_log,medium,
minecraft:observer,full_cube_different_faces,full_cube,self_supporting_geometry,"Full cube [0,0,0]-[1,1,1] with face-dependent visual treatment.","Coordinates are normalized block-local [x,y,z] in 0..1, with y vertical. Occupies the entire voxel [0,0,0]-[1,1,1]. All six exterior faces are present; color differences, if any, are texture/face differences rather than geometry differences.",#605F5F,96,95,95,1.000,down=#6B6B6B;up=#6B6B6B;north=#777777;south=#4E4D4D;west=#4C4B4B;east=#4C4B4B,down=#6B6B6B;up=#6B6B6B;north=#777777,none,neutral,2,12,yes,minecraft:block/observer;minecraft:block/observer_on,block;observer,minecraft:block/observer_back;minecraft:block/observer_back_on;minecraft:block/observer_front;minecraft:block/observer_side;minecraft:block/observer_top,medium,Average color is computed across the visible model variants referenced by this block.
minecraft:obsidian,full_cube_same_faces,full_cube,self_supporting_geometry,"Full cube [0,0,0]-[1,1,1] with same visual treatment on all six exterior faces.","Coordinates are normalized block-local [x,y,z] in 0..1, with y vertical. Occupies the entire voxel [0,0,0]-[1,1,1]. All six exterior faces are present; color differences, if any, are texture/face differences rather than geometry differences.",#181125,24,17,37,1.000,down=#181125;up=#181125;north=#181125;south=#181125;west=#181125;east=#181125,,none,dark,1,1,no,minecraft:block/obsidian,block;cube;cube_all,minecraft:block/obsidian,medium,
minecraft:ochre_froglight,full_cube_different_faces,full_cube,self_supporting_geometry,"Full cube [0,0,0]-[1,1,1] with face-dependent visual treatment.","Coordinates are normalized block-local [x,y,z] in 0..1, with y vertical. Occupies the entire voxel [0,0,0]-[1,1,1]. All six exterior faces are present; color differences, if any, are texture/face differences rather than geometry differences.",#F8EFC4,248,239,196,1.000,down=#FBF6D2;up=#FBF6D2;north=#F6EBBC;south=#F6EBBC;west=#F6EBBC;east=#F6EBBC,down=#FBF6D2;up=#FBF6D2,none,light_source;light,2,3,yes,minecraft:block/ochre_froglight;minecraft:block/ochre_froglight_horizontal,block;cube;cube_column;cube_column_horizontal,minecraft:block/ochre_froglight_side;minecraft:block/ochre_froglight_top,medium,Average color is computed across the visible model variants referenced by this block.
minecraft:open_eyeblossom,irregular_dependent,cross_planes,dependent_on_support_or_counterpart,"Irregular crossed flat planes with transparent cutout texture, typically plant-like and support/substrate dependent.","Coordinates are normalized block-local [x,y,z] in 0..1, with y vertical. Cross-plane geometry: two near-zero-thickness quads cross diagonally through the block center, usually spanning most of y=0..1. The visible silhouette comes from transparent texture pixels, not from cuboid volume; placement normally depends on ground or substrate support.",#C99172,201,145,114,1.000,,,none,,1,1,no,minecraft:block/open_eyeblossom,cross_emissive,minecraft:block/open_eyeblossom;minecraft:block/open_eyeblossom_emissive,medium,
minecraft:orange_banner,entity_block,entity_renderer,entity_or_block_entity_renderer,Special renderer/entity-style block; normal model geometry is not authoritative.,"Coordinates are normalized block-local [x,y,z] in 0..1, with y vertical. This block is rendered by an entity, block entity, or special renderer rather than by a normal solid block model. Treat its world geometry as renderer-defined; this CSV intentionally does not infer a precise color or cuboid mesh from the block model.",,,,,,,,none,,1,1,no,minecraft:block/banner,,,high,Average color intentionally omitted because this is handled by entity/block-entity rendering.
minecraft:orange_bed,entity_block,entity_renderer,entity_or_block_entity_renderer,Special renderer/entity-style block; normal model geometry is not authoritative.,"Coordinates are normalized block-local [x,y,z] in 0..1, with y vertical. This block is rendered by an entity, block entity, or special renderer rather than by a normal solid block model. Treat its world geometry as renderer-defined; this CSV intentionally does not infer a precise color or cuboid mesh from the block model.",,,,,,,,none,,1,1,no,minecraft:block/bed,,,high,Average color intentionally omitted because this is handled by entity/block-entity rendering.
minecraft:orange_candle,irregular_dependent,irregular_model,dependent_on_support_or_counterpart,"Irregular non-cube geometry that is expected to depend on a support block, substrate, or paired state.","Coordinates are normalized block-local [x,y,z] in 0..1, with y vertical. Candle geometry is one to four slim vertical candle rods on the top surface. candles=1..4 changes the number and offsets of rods; lit=true adds flame rendering without changing the wax body geometry.",#E67C20,230,124,32,1.000,,,none,,8,8,no,minecraft:block/orange_candle_four_candles;minecraft:block/orange_candle_four_candles_lit;minecraft:block/orange_candle_one_candle;minecraft:block/orange_candle_one_candle_lit;minecraft:block/orange_candle_three_candles;minecraft:block/orange_candle_three_candles_lit;minecraft:block/orange_candle_two_candles;minecraft:block/orange_candle_two_candles_lit,block;template_candle;template_four_candles;template_three_candles;template_two_candles,minecraft:block/orange_candle;minecraft:block/orange_candle_lit,medium,Average color is computed across the visible model variants referenced by this block.
minecraft:orange_candle_cake,irregular_dependent,irregular_model,dependent_on_support_or_counterpart,"Irregular non-cube geometry that is expected to depend on a support block, substrate, or paired state.","Coordinates are normalized block-local [x,y,z] in 0..1, with y vertical. Candle geometry is one to four slim vertical candle rods on the top surface. candles=1..4 changes the number and offsets of rods; lit=true adds flame rendering without changing the wax body geometry.",#D0AD9F,208,173,159,1.000,,,none,,2,2,no,minecraft:block/orange_candle_cake;minecraft:block/orange_candle_cake_lit,template_cake_with_candle,minecraft:block/cake_bottom;minecraft:block/cake_side;minecraft:block/cake_top;minecraft:block/orange_candle;minecraft:block/orange_candle_lit,medium,Average color is computed across the visible model variants referenced by this block.
minecraft:orange_carpet,irregular_dependent,thin_floor_layer,dependent_on_support_or_counterpart,Irregular very thin floor layer placed on a supporting surface.,"Coordinates are normalized block-local [x,y,z] in 0..1, with y vertical. Thin floor-layer geometry: a flat sheet on top of a supporting block, usually around 0.0625 block thick, occupying most or all of the x/z footprint while leaving almost the entire voxel empty.",#F17717,241,119,23,1.000,,,none,fabric,1,1,no,minecraft:block/orange_carpet,block;carpet;thin_block,minecraft:block/orange_wool,medium,
minecraft:orange_concrete,full_cube_same_faces,full_cube,self_supporting_geometry,"Full cube [0,0,0]-[1,1,1] with same visual treatment on all six exterior faces.","Coordinates are normalized block-local [x,y,z] in 0..1, with y vertical. Occupies the entire voxel [0,0,0]-[1,1,1]. All six exterior faces are present; color differences, if any, are texture/face differences rather than geometry differences.",#E06101,224,97,1,1.000,down=#E06101;up=#E06101;north=#E06101;south=#E06101;west=#E06101;east=#E06101,,none,concrete,1,1,no,minecraft:block/orange_concrete,block;cube;cube_all,minecraft:block/orange_concrete,medium,
minecraft:orange_concrete_powder,full_cube_same_faces,full_cube,self_supporting_geometry,"Full cube [0,0,0]-[1,1,1] with same visual treatment on all six exterior faces.","Coordinates are normalized block-local [x,y,z] in 0..1, with y vertical. Occupies the entire voxel [0,0,0]-[1,1,1]. All six exterior faces are present; color differences, if any, are texture/face differences rather than geometry differences.",#E38423,227,132,35,1.000,down=#E38423;up=#E38423;north=#E38423;south=#E38423;west=#E38423;east=#E38423,,none,concrete,1,4,yes,minecraft:block/orange_concrete_powder,block;cube;cube_all,minecraft:block/orange_concrete_powder,medium,
minecraft:orange_glazed_terracotta,full_cube_same_faces,full_cube,self_supporting_geometry,"Full cube [0,0,0]-[1,1,1] with same visual treatment on all six exterior faces.","Coordinates are normalized block-local [x,y,z] in 0..1, with y vertical. Occupies the entire voxel [0,0,0]-[1,1,1]. All six exterior faces are present; color differences, if any, are texture/face differences rather than geometry differences.",#C09A7F,192,154,127,1.000,down=#C09A7F;up=#C09A7F;north=#C09A7F;south=#C09A7F;west=#C09A7F;east=#C09A7F,,none,ceramic,1,4,yes,minecraft:block/orange_glazed_terracotta,block;cube;template_glazed_terracotta,minecraft:block/orange_glazed_terracotta,medium,
minecraft:orange_shulker_box,entity_block,entity_renderer,entity_or_block_entity_renderer,Special renderer/entity-style block; normal model geometry is not authoritative.,"Coordinates are normalized block-local [x,y,z] in 0..1, with y vertical. This block is rendered by an entity, block entity, or special renderer rather than by a normal solid block model. Treat its world geometry as renderer-defined; this CSV intentionally does not infer a precise color or cuboid mesh from the block model.",,,,,,,,none,,1,1,no,minecraft:block/orange_shulker_box,,,high,Average color intentionally omitted because this is handled by entity/block-entity rendering.
minecraft:orange_stained_glass,full_cube_same_faces,full_cube,self_supporting_geometry,"Full cube [0,0,0]-[1,1,1] with same visual treatment on all six exterior faces.","Coordinates are normalized block-local [x,y,z] in 0..1, with y vertical. Occupies the entire voxel [0,0,0]-[1,1,1]. All six exterior faces are present; color differences, if any, are texture/face differences rather than geometry differences.",#D87F33,216,127,51,0.460,down=#D87F33;up=#D87F33;north=#D87F33;south=#D87F33;west=#D87F33;east=#D87F33,,none,glass,1,1,no,minecraft:block/orange_stained_glass,block;cube;cube_all,minecraft:block/orange_stained_glass,medium,
minecraft:orange_stained_glass_pane,thin_wall,thin_pane,self_supporting_geometry,"Narrow multipart connector: thin post, pane, bar, fence, or gate segments.","Coordinates are normalized block-local [x,y,z] in 0..1, with y vertical. Pane/bar geometry is a thin vertical connector system. A central post/cap sits near [0.4375,0,0.4375]-[0.5625,1,0.5625]. Each north/east/south/west=true side adds a thin vertical pane/bar from the center to that face; false omits that side. Single-connection states add end caps so the exposed edge has thickness.",#D47D32,212,125,50,0.575,,,none,glass;architectural_shape,5,9,yes,minecraft:block/orange_stained_glass_pane_noside;minecraft:block/orange_stained_glass_pane_noside_alt;minecraft:block/orange_stained_glass_pane_post;minecraft:block/orange_stained_glass_pane_side;minecraft:block/orange_stained_glass_pane_side_alt,template_glass_pane_noside;template_glass_pane_noside_alt;template_glass_pane_post;template_glass_pane_side;template_glass_pane_side_alt,minecraft:block/orange_stained_glass;minecraft:block/orange_stained_glass_pane_top,medium,Average color is computed across the visible model variants referenced by this block.
minecraft:orange_terracotta,full_cube_same_faces,full_cube,self_supporting_geometry,"Full cube [0,0,0]-[1,1,1] with same visual treatment on all six exterior faces.","Coordinates are normalized block-local [x,y,z] in 0..1, with y vertical. Occupies the entire voxel [0,0,0]-[1,1,1]. All six exterior faces are present; color differences, if any, are texture/face differences rather than geometry differences.",#A25426,162,84,38,1.000,down=#A25426;up=#A25426;north=#A25426;south=#A25426;west=#A25426;east=#A25426,,none,ceramic,1,1,no,minecraft:block/orange_terracotta,block;cube;cube_all,minecraft:block/orange_terracotta,medium,
minecraft:orange_tulip,irregular_dependent,cross_planes,dependent_on_support_or_counterpart,"Irregular crossed flat planes with transparent cutout texture, typically plant-like and support/substrate dependent.","Coordinates are normalized block-local [x,y,z] in 0..1, with y vertical. Cross-plane geometry: two near-zero-thickness quads cross diagonally through the block center, usually spanning most of y=0..1. The visible silhouette comes from transparent texture pixels, not from cuboid volume; placement normally depends on ground or substrate support.",#7A9024,122,144,36,1.000,,,none,,1,1,no,minecraft:block/orange_tulip,cross,minecraft:block/orange_tulip,medium,
minecraft:orange_wall_banner,entity_block,entity_renderer,entity_or_block_entity_renderer,Special renderer/entity-style block; normal model geometry is not authoritative.,"Coordinates are normalized block-local [x,y,z] in 0..1, with y vertical. This block is rendered by an entity, block entity, or special renderer rather than by a normal solid block model. Treat its world geometry as renderer-defined; this CSV intentionally does not infer a precise color or cuboid mesh from the block model.",,,,,,,,none,,1,1,no,minecraft:block/banner,,,high,Average color intentionally omitted because this is handled by entity/block-entity rendering.
minecraft:orange_wool,full_cube_same_faces,full_cube,self_supporting_geometry,"Full cube [0,0,0]-[1,1,1] with same visual treatment on all six exterior faces.","Coordinates are normalized block-local [x,y,z] in 0..1, with y vertical. Occupies the entire voxel [0,0,0]-[1,1,1]. All six exterior faces are present; color differences, if any, are texture/face differences rather than geometry differences.",#F17717,241,119,23,1.000,down=#F17717;up=#F17717;north=#F17717;south=#F17717;west=#F17717;east=#F17717,,none,fabric,1,1,no,minecraft:block/orange_wool,block;cube;cube_all,minecraft:block/orange_wool,medium,
minecraft:oxeye_daisy,irregular_dependent,cross_planes,dependent_on_support_or_counterpart,"Irregular crossed flat planes with transparent cutout texture, typically plant-like and support/substrate dependent.","Coordinates are normalized block-local [x,y,z] in 0..1, with y vertical. Cross-plane geometry: two near-zero-thickness quads cross diagonally through the block center, usually spanning most of y=0..1. The visible silhouette comes from transparent texture pixels, not from cuboid volume; placement normally depends on ground or substrate support.",#C8D0B3,200,208,179,1.000,,,none,light,1,1,no,minecraft:block/oxeye_daisy,cross,minecraft:block/oxeye_daisy,medium,
minecraft:oxidized_chiseled_copper,full_cube_same_faces,full_cube,self_supporting_geometry,"Full cube [0,0,0]-[1,1,1] with same visual treatment on all six exterior faces.","Coordinates are normalized block-local [x,y,z] in 0..1, with y vertical. Occupies the entire voxel [0,0,0]-[1,1,1]. All six exterior faces are present; color differences, if any, are texture/face differences rather than geometry differences.",#55A587,85,165,135,1.000,down=#55A587;up=#55A587;north=#55A587;south=#55A587;west=#55A587;east=#55A587,,none,copper,1,1,no,minecraft:block/oxidized_chiseled_copper,block;cube;cube_all,minecraft:block/oxidized_chiseled_copper,medium,
minecraft:oxidized_copper,full_cube_same_faces,full_cube,self_supporting_geometry,"Full cube [0,0,0]-[1,1,1] with same visual treatment on all six exterior faces.","Coordinates are normalized block-local [x,y,z] in 0..1, with y vertical. Occupies the entire voxel [0,0,0]-[1,1,1]. All six exterior faces are present; color differences, if any, are texture/face differences rather than geometry differences.",#54A587,84,165,135,1.000,down=#54A587;up=#54A587;north=#54A587;south=#54A587;west=#54A587;east=#54A587,,none,copper,1,1,no,minecraft:block/oxidized_copper,block;cube;cube_all,minecraft:block/oxidized_copper,medium,
minecraft:oxidized_copper_bars,thin_wall,thin_bars,self_supporting_geometry,"Narrow multipart connector: thin post, pane, bar, fence, or gate segments.","Coordinates are normalized block-local [x,y,z] in 0..1, with y vertical. Pane/bar geometry is a thin vertical connector system. A central post/cap sits near [0.4375,0,0.4375]-[0.5625,1,0.5625]. Each north/east/south/west=true side adds a thin vertical pane/bar from the center to that face; false omits that side. Single-connection states add end caps so the exposed edge has thickness.",#407A64,64,122,100,1.000,,,none,copper;architectural_shape,6,10,yes,minecraft:block/oxidized_copper_bars_cap;minecraft:block/oxidized_copper_bars_cap_alt;minecraft:block/oxidized_copper_bars_post;minecraft:block/oxidized_copper_bars_post_ends;minecraft:block/oxidized_copper_bars_side;minecraft:block/oxidized_copper_bars_side_alt,template_bars_cap;template_bars_cap_alt;template_bars_post;template_bars_post_ends;template_bars_side;template_bars_side_alt,minecraft:block/oxidized_copper_bars,medium,Average color is computed across the visible model variants referenced by this block.
minecraft:oxidized_copper_bulb,full_cube_same_faces,full_cube,self_supporting_geometry,"Full cube [0,0,0]-[1,1,1] with same visual treatment on all six exterior faces.","Coordinates are normalized block-local [x,y,z] in 0..1, with y vertical. Occupies the entire voxel [0,0,0]-[1,1,1]. All six exterior faces are present; color differences, if any, are texture/face differences rather than geometry differences.",#7A9471,122,148,113,1.000,down=#498B73;up=#498B73;north=#498B73;south=#498B73;west=#498B73;east=#498B73,,none,copper,4,4,no,minecraft:block/oxidized_copper_bulb;minecraft:block/oxidized_copper_bulb_lit;minecraft:block/oxidized_copper_bulb_lit_powered;minecraft:block/oxidized_copper_bulb_powered,block;cube;cube_all,minecraft:block/oxidized_copper_bulb;minecraft:block/oxidized_copper_bulb_lit;minecraft:block/oxidized_copper_bulb_lit_powered;minecraft:block/oxidized_copper_bulb_powered,medium,Average color is computed across the visible model variants referenced by this block.
minecraft:oxidized_copper_chain,irregular_self_supporting,chain_column,self_supporting_geometry,Irregular narrow chain column assembled from small linked cuboids.,"Coordinates are normalized block-local [x,y,z] in 0..1, with y vertical. Chain geometry is a narrow linked column made from small crossed cuboids. axis=x/y/z rotates the link column along that axis, leaving most of the voxel empty.",#3E7864,62,120,100,1.000,,,none,copper,1,3,yes,minecraft:block/oxidized_copper_chain,block;template_chain,minecraft:block/oxidized_copper_chain,medium,
minecraft:oxidized_copper_chest,irregular_self_supporting,irregular_model,self_supporting_geometry,Irregular non-cube geometry that can be used as a standalone placed form.,"Coordinates are normalized block-local [x,y,z] in 0..1, with y vertical. Irregular non-cube geometry; exact visible shape is defined by the resolved block model and state-selected model variants.",#54A587,84,165,135,1.000,,,none,copper,1,1,no,minecraft:block/oxidized_copper_chest,,minecraft:block/oxidized_copper,medium,
minecraft:oxidized_copper_door,irregular_dependent,hinged_panel,dependent_on_support_or_counterpart,"Irregular thin hinged panel; open/closed, half, hinge, or facing changes by state.","Coordinates are normalized block-local [x,y,z] in 0..1, with y vertical. Door-like geometry is a thin vertical panel about 0.1875 blocks thick and one block tall per half. half=lower/upper selects the lower or upper block of the two-block door. facing chooses the panel orientation, hinge selects the pivot side, and open=true rotates the panel around that hinge.",#53A185,83,161,133,1.000,,,none,copper,8,32,yes,minecraft:block/oxidized_copper_door_bottom_left;minecraft:block/oxidized_copper_door_bottom_left_open;minecraft:block/oxidized_copper_door_bottom_right;minecraft:block/oxidized_copper_door_bottom_right_open;minecraft:block/oxidized_copper_door_top_left;minecraft:block/oxidized_copper_door_top_left_open;minecraft:block/oxidized_copper_door_top_right;minecraft:block/oxidized_copper_door_top_right_open,door_bottom_left;door_bottom_left_open;door_bottom_right;door_bottom_right_open;door_top_left;door_top_left_open;door_top_right;door_top_right_open,minecraft:block/oxidized_copper_door_bottom;minecraft:block/oxidized_copper_door_top,medium,Average color is computed across the visible model variants referenced by this block.
minecraft:oxidized_copper_golem_statue,irregular_self_supporting,irregular_model,self_supporting_geometry,Irregular non-cube geometry that can be used as a standalone placed form.,"Coordinates are normalized block-local [x,y,z] in 0..1, with y vertical. Irregular non-cube geometry; exact visible shape is defined by the resolved block model and state-selected model variants.",#54A587,84,165,135,1.000,,,none,copper,1,1,no,minecraft:block/oxidized_copper_golem_statue,,minecraft:block/oxidized_copper,medium,
minecraft:oxidized_copper_grate,full_cube_same_faces,full_cube,self_supporting_geometry,"Full cube [0,0,0]-[1,1,1] with same visual treatment on all six exterior faces.","Coordinates are normalized block-local [x,y,z] in 0..1, with y vertical. Occupies the entire voxel [0,0,0]-[1,1,1]. All six exterior faces are present; color differences, if any, are texture/face differences rather than geometry differences.",#54A486,84,164,134,1.000,down=#54A486;up=#54A486;north=#54A486;south=#54A486;west=#54A486;east=#54A486,,none,copper,1,1,no,minecraft:block/oxidized_copper_grate,block;cube;cube_all,minecraft:block/oxidized_copper_grate,medium,
minecraft:oxidized_copper_lantern,irregular_self_supporting,hanging_or_floor_lantern,self_supporting_geometry,Irregular non-cube geometry that can be used as a standalone placed form.,"Coordinates are normalized block-local [x,y,z] in 0..1, with y vertical. Lantern geometry is a compact cage-like light body with a small handle. hanging=false places it on the floor; hanging=true suspends it from the ceiling with the body lower in the voxel.",#5E9778,94,151,120,1.000,,,none,copper;light_source,2,2,no,minecraft:block/oxidized_copper_lantern;minecraft:block/oxidized_copper_lantern_hanging,block;template_hanging_lantern;template_lantern,minecraft:block/oxidized_copper_lantern,medium,Average color is computed across the visible model variants referenced by this block.
minecraft:oxidized_copper_trapdoor,irregular_dependent,hinged_panel,dependent_on_support_or_counterpart,"Irregular thin hinged panel; open/closed, half, hinge, or facing changes by state.","Coordinates are normalized block-local [x,y,z] in 0..1, with y vertical. Trapdoor geometry is a thin 1x1 panel about 0.1875 blocks thick. half=bottom places the closed panel at y=0..0.1875; half=top places it at y=0.8125..1. open=true rotates the same panel upright against the side chosen by facing.",#53A084,83,160,132,1.000,,,none,copper,3,16,yes,minecraft:block/oxidized_copper_trapdoor_bottom;minecraft:block/oxidized_copper_trapdoor_open;minecraft:block/oxidized_copper_trapdoor_top,block;template_trapdoor_bottom;template_trapdoor_open;template_trapdoor_top;thin_block,minecraft:block/oxidized_copper_trapdoor,medium,Average color is computed across the visible model variants referenced by this block.
minecraft:oxidized_cut_copper,full_cube_same_faces,full_cube,self_supporting_geometry,"Full cube [0,0,0]-[1,1,1] with same visual treatment on all six exterior faces.","Coordinates are normalized block-local [x,y,z] in 0..1, with y vertical. Occupies the entire voxel [0,0,0]-[1,1,1]. All six exterior faces are present; color differences, if any, are texture/face differences rather than geometry differences.",#529D81,82,157,129,1.000,down=#529D81;up=#529D81;north=#529D81;south=#529D81;west=#529D81;east=#529D81,,none,copper,1,1,no,minecraft:block/oxidized_cut_copper,block;cube;cube_all,minecraft:block/oxidized_cut_copper,medium,
minecraft:oxidized_cut_copper_slab,slab,slab,self_supporting_geometry,Half-height or full-height rectangular prism selected by slab type.,"Coordinates are normalized block-local [x,y,z] in 0..1, with y vertical. type=bottom occupies [0,0,0]-[1,0.5,1]. type=top occupies [0,0.5,0]-[1,1,1]. type=double is a full cube [0,0,0]-[1,1,1]. Single-slab states are exactly half-height rectangular prisms.",#529D81,82,157,129,1.000,,,none,copper;architectural_shape,3,3,no,minecraft:block/oxidized_cut_copper;minecraft:block/oxidized_cut_copper_slab;minecraft:block/oxidized_cut_copper_slab_top,block;cube;cube_all;slab;slab_top,minecraft:block/oxidized_cut_copper,medium,Average color is computed across the visible model variants referenced by this block.
minecraft:oxidized_cut_copper_stairs,stairs,stairs,self_supporting_geometry,"Step-shaped block: half-block base plus one or more quarter/half prisms; straight, inner-corner, and outer-corner variants.","Coordinates are normalized block-local [x,y,z] in 0..1, with y vertical. Stairs are a full 1x1x1 cube with step-shaped upper/lower half removed. For half=bottom, shape=straight occupies a full bottom half [0,0,0]-[1,0.5,1] plus one upper half-prism [0.5,0.5,0]-[1,1,1] in the canonical east-facing model, so the side profile is an L and the missing volume is a 0.5x0.5x1 prism; facing rotates that prism to north/east/south/west. half=top mirrors the geometry vertically, putting the full half at y=0.5..1 and the step/void in y=0..0.5. shape=inner_left/inner_right occupies the full lower (or upper, for half=top) half plus an L-shaped pair of 0.5x0.5x1 and 0.5x0.5x0.5 upper/lower prisms, leaving exactly one 0.5x0.5x0.5 corner void; left/right chooses the corner after the facing rotation. shape=outer_left/outer_right occupies the full half plus only one 0.5x0.5x0.5 corner prism in the opposite half, leaving the other three corner quarters empty; left/right chooses the retained corner after facing rotation.",#529D81,82,157,129,1.000,,,none,copper;architectural_shape,3,40,yes,minecraft:block/oxidized_cut_copper_stairs;minecraft:block/oxidized_cut_copper_stairs_inner;minecraft:block/oxidized_cut_copper_stairs_outer,block;inner_stairs;outer_stairs;stairs,minecraft:block/oxidized_cut_copper,medium,Average color is computed across the visible model variants referenced by this block.
minecraft:oxidized_lightning_rod,irregular_self_supporting,irregular_model,self_supporting_geometry,Irregular non-cube geometry that can be used as a standalone placed form.,"Coordinates are normalized block-local [x,y,z] in 0..1, with y vertical. Irregular model geometry resolved from block models. Representative normalized cuboids/planes: minecraft:block/oxidized_lightning_rod -> 2 elements: [0.375,0.75,0.375]-[0.625,1,0.625] + [0.4375,0,0.4375]-[0.5625,0.75,0.5625]. Orientation or count states rotate, swap, or combine these cuboids without making the block a full cube.",#C1D6CD,193,214,205,1.000,,,none,light,2,12,yes,minecraft:block/lightning_rod_on;minecraft:block/oxidized_lightning_rod,block;template_lightning_rod,minecraft:block/lightning_rod_on;minecraft:block/oxidized_lightning_rod,medium,Average color is computed across the visible model variants referenced by this block.
minecraft:packed_ice,full_cube_same_faces,full_cube,self_supporting_geometry,"Full cube [0,0,0]-[1,1,1] with same visual treatment on all six exterior faces.","Coordinates are normalized block-local [x,y,z] in 0..1, with y vertical. Occupies the entire voxel [0,0,0]-[1,1,1]. All six exterior faces are present; color differences, if any, are texture/face differences rather than geometry differences.",#8EB4FB,142,180,251,1.000,down=#8EB4FB;up=#8EB4FB;north=#8EB4FB;south=#8EB4FB;west=#8EB4FB;east=#8EB4FB,,none,,1,1,no,minecraft:block/packed_ice,block;cube;cube_all,minecraft:block/packed_ice,medium,
minecraft:packed_mud,full_cube_same_faces,full_cube,self_supporting_geometry,"Full cube [0,0,0]-[1,1,1] with same visual treatment on all six exterior faces.","Coordinates are normalized block-local [x,y,z] in 0..1, with y vertical. Occupies the entire voxel [0,0,0]-[1,1,1]. All six exterior faces are present; color differences, if any, are texture/face differences rather than geometry differences.",#8F6B50,143,107,80,1.000,down=#8F6B50;up=#8F6B50;north=#8F6B50;south=#8F6B50;west=#8F6B50;east=#8F6B50,,none,,1,1,no,minecraft:block/packed_mud,block;cube;cube_all,minecraft:block/packed_mud,medium,
minecraft:pale_hanging_moss,irregular_dependent,cross_planes,dependent_on_support_or_counterpart,"Irregular crossed flat planes with transparent cutout texture, typically plant-like and support/substrate dependent.","Coordinates are normalized block-local [x,y,z] in 0..1, with y vertical. Cross-plane geometry: two near-zero-thickness quads cross diagonally through the block center, usually spanning most of y=0..1. The visible silhouette comes from transparent texture pixels, not from cuboid volume; placement normally depends on ground or substrate support.",#676C65,103,108,101,1.000,,,none,vegetation;neutral,2,2,no,minecraft:block/pale_hanging_moss;minecraft:block/pale_hanging_moss_tip,cross,minecraft:block/pale_hanging_moss;minecraft:block/pale_hanging_moss_tip,medium,Average color is computed across the visible model variants referenced by this block.
minecraft:pale_moss_block,full_cube_same_faces,full_cube,self_supporting_geometry,"Full cube [0,0,0]-[1,1,1] with same visual treatment on all six exterior faces.","Coordinates are normalized block-local [x,y,z] in 0..1, with y vertical. Occupies the entire voxel [0,0,0]-[1,1,1]. All six exterior faces are present; color differences, if any, are texture/face differences rather than geometry differences.",#6C726A,108,114,106,1.000,down=#6C726A;up=#6C726A;north=#6C726A;south=#6C726A;west=#6C726A;east=#6C726A,,none,vegetation;neutral,1,1,no,minecraft:block/pale_moss_block,block;cube;cube_all,minecraft:block/pale_moss_block,medium,
minecraft:pale_moss_carpet,irregular_dependent,thin_floor_layer,dependent_on_support_or_counterpart,Irregular very thin floor layer placed on a supporting surface.,"Coordinates are normalized block-local [x,y,z] in 0..1, with y vertical. Thin floor-layer geometry: a flat sheet on top of a supporting block, usually around 0.0625 block thick, occupying most or all of the x/z footprint while leaving almost the entire voxel empty.",#6D736C,109,115,108,1.000,,,none,fabric;vegetation;neutral,3,14,yes,minecraft:block/pale_moss_carpet;minecraft:block/pale_moss_carpet_side_small;minecraft:block/pale_moss_carpet_side_tall,block;carpet;mossy_carpet_side;thin_block,minecraft:block/pale_moss_carpet;minecraft:block/pale_moss_carpet_side_small;minecraft:block/pale_moss_carpet_side_tall,medium,Average color is computed across the visible model variants referenced by this block.
minecraft:pale_oak_button,irregular_dependent,irregular_model,dependent_on_support_or_counterpart,"Irregular non-cube geometry that is expected to depend on a support block, substrate, or paired state.","Coordinates are normalized block-local [x,y,z] in 0..1, with y vertical. Button geometry is a small face-mounted cuboid. face/facing chooses the support face and orientation; powered=true uses a thinner pressed protrusion, while powered=false protrudes farther from the support surface.",#E4DAD9,228,218,217,1.000,,,none,light;neutral,2,24,yes,minecraft:block/pale_oak_button;minecraft:block/pale_oak_button_pressed,button;button_pressed,minecraft:block/pale_oak_planks,medium,Average color is computed across the visible model variants referenced by this block.
minecraft:pale_oak_door,irregular_dependent,hinged_panel,dependent_on_support_or_counterpart,"Irregular thin hinged panel; open/closed, half, hinge, or facing changes by state.","Coordinates are normalized block-local [x,y,z] in 0..1, with y vertical. Door-like geometry is a thin vertical panel about 0.1875 blocks thick and one block tall per half. half=lower/upper selects the lower or upper block of the two-block door. facing chooses the panel orientation, hinge selects the pivot side, and open=true rotates the panel around that hinge.",#DAD1D0,218,209,208,1.000,,,none,light;neutral,8,32,yes,minecraft:block/pale_oak_door_bottom_left;minecraft:block/pale_oak_door_bottom_left_open;minecraft:block/pale_oak_door_bottom_right;minecraft:block/pale_oak_door_bottom_right_open;minecraft:block/pale_oak_door_top_left;minecraft:block/pale_oak_door_top_left_open;minecraft:block/pale_oak_door_top_right;minecraft:block/pale_oak_door_top_right_open,door_bottom_left;door_bottom_left_open;door_bottom_right;door_bottom_right_open;door_top_left;door_top_left_open;door_top_right;door_top_right_open,minecraft:block/pale_oak_door_bottom;minecraft:block/pale_oak_door_top,medium,Average color is computed across the visible model variants referenced by this block.
minecraft:pale_oak_fence,thin_wall,fence,self_supporting_geometry,"Narrow multipart connector: thin post, pane, bar, fence, or gate segments.","Coordinates are normalized block-local [x,y,z] in 0..1, with y vertical. Fence geometry is multipart. The center post is [0.375,0,0.375]-[0.625,1,0.625]. Each north/east/south/west=true connector adds two narrow horizontal rails from the post toward that face: lower rail around y=0.375..0.5625 and upper rail around y=0.75..0.9375, with a 0.125-thick cross-section. false leaves that side open.",#E4DAD9,228,218,217,1.000,,,none,architectural_shape;light;neutral,2,5,yes,minecraft:block/pale_oak_fence_post;minecraft:block/pale_oak_fence_side,fence_post;fence_side,minecraft:block/pale_oak_planks,medium,Average color is computed across the visible model variants referenced by this block.
minecraft:pale_oak_fence_gate,thin_wall,fence_gate,self_supporting_geometry,"Narrow multipart connector: thin post, pane, bar, fence, or gate segments.","Coordinates are normalized block-local [x,y,z] in 0..1, with y vertical. Fence gate geometry is a pair of narrow side posts plus two hinged gate leaves. open=false places the leaves across the center line as a thin barrier; open=true swings the leaves back against the side posts. facing rotates the gate axis. in_wall=true lowers the posts and rails to align with coarse wall height, using the same narrow footprints but shifted downward.",#E4D9D8,228,217,216,1.000,,,none,architectural_shape;light;neutral,4,16,yes,minecraft:block/pale_oak_fence_gate;minecraft:block/pale_oak_fence_gate_open;minecraft:block/pale_oak_fence_gate_wall;minecraft:block/pale_oak_fence_gate_wall_open,block;template_fence_gate;template_fence_gate_open;template_fence_gate_wall;template_fence_gate_wall_open,minecraft:block/pale_oak_planks,medium,Average color is computed across the visible model variants referenced by this block.
minecraft:pale_oak_hanging_sign,entity_block,entity_renderer,entity_or_block_entity_renderer,Special renderer/entity-style block; normal model geometry is not authoritative.,"Coordinates are normalized block-local [x,y,z] in 0..1, with y vertical. This block is rendered by an entity, block entity, or special renderer rather than by a normal solid block model. Treat its world geometry as renderer-defined; this CSV intentionally does not infer a precise color or cuboid mesh from the block model.",,,,,,,,none,,1,1,no,minecraft:block/pale_oak_hanging_sign,,,high,Average color intentionally omitted because this is handled by entity/block-entity rendering.
minecraft:pale_oak_leaves,full_cube_same_faces,full_cube,self_supporting_geometry,"Full cube [0,0,0]-[1,1,1] with same visual treatment on all six exterior faces.","Coordinates are normalized block-local [x,y,z] in 0..1, with y vertical. Occupies the entire voxel [0,0,0]-[1,1,1]. All six exterior faces are present; color differences, if any, are texture/face differences rather than geometry differences.",#395516,57,85,22,1.000,down=#395516;up=#395516;north=#395516;south=#395516;west=#395516;east=#395516,,plains_foliage,vegetation,1,1,no,minecraft:block/pale_oak_leaves,block;leaves,minecraft:block/pale_oak_leaves,medium,Tinted textures use the plains biome approximation for color averaging.
minecraft:pale_oak_log,full_cube_different_faces,full_cube,self_supporting_geometry,"Full cube [0,0,0]-[1,1,1] with face-dependent visual treatment.","Coordinates are normalized block-local [x,y,z] in 0..1, with y vertical. Occupies the entire voxel [0,0,0]-[1,1,1]. All six exterior faces are present; color differences, if any, are texture/face differences rather than geometry differences.",#8F8786,143,135,134,1.000,down=#D1C8C7;up=#D1C8C7;north=#5A504D;south=#5A504D;west=#5A504D;east=#5A504D,down=#D1C8C7;up=#D1C8C7,none,wood;neutral,2,3,yes,minecraft:block/pale_oak_log;minecraft:block/pale_oak_log_horizontal,block;cube;cube_column;cube_column_horizontal,minecraft:block/pale_oak_log;minecraft:block/pale_oak_log_top,medium,Average color is computed across the visible model variants referenced by this block.
minecraft:pale_oak_planks,full_cube_same_faces,full_cube,self_supporting_geometry,"Full cube [0,0,0]-[1,1,1] with same visual treatment on all six exterior faces.","Coordinates are normalized block-local [x,y,z] in 0..1, with y vertical. Occupies the entire voxel [0,0,0]-[1,1,1]. All six exterior faces are present; color differences, if any, are texture/face differences rather than geometry differences.",#E5DBDA,229,219,218,1.000,down=#E5DBDA;up=#E5DBDA;north=#E5DBDA;south=#E5DBDA;west=#E5DBDA;east=#E5DBDA,,none,wood;light;neutral,1,1,no,minecraft:block/pale_oak_planks,block;cube;cube_all,minecraft:block/pale_oak_planks,medium,
minecraft:pale_oak_pressure_plate,irregular_dependent,irregular_model,dependent_on_support_or_counterpart,"Irregular non-cube geometry that is expected to depend on a support block, substrate, or paired state.","Coordinates are normalized block-local [x,y,z] in 0..1, with y vertical. Pressure plate geometry is a low rectangular floor plate occupying most of the x/z footprint. powered=false is slightly raised; powered=true lowers it closer to the supporting block.",#E3D9D8,227,217,216,1.000,,,none,light;neutral,2,2,no,minecraft:block/pale_oak_pressure_plate;minecraft:block/pale_oak_pressure_plate_down,block;pressure_plate_down;pressure_plate_up;thin_block,minecraft:block/pale_oak_planks,medium,Average color is computed across the visible model variants referenced by this block.
minecraft:pale_oak_sapling,irregular_dependent,cross_planes,dependent_on_support_or_counterpart,"Irregular crossed flat planes with transparent cutout texture, typically plant-like and support/substrate dependent.","Coordinates are normalized block-local [x,y,z] in 0..1, with y vertical. Cross-plane geometry: two near-zero-thickness quads cross diagonally through the block center, usually spanning most of y=0..1. The visible silhouette comes from transparent texture pixels, not from cuboid volume; placement normally depends on ground or substrate support.",#716F68,113,111,104,1.000,,,none,neutral,1,1,no,minecraft:block/pale_oak_sapling,cross,minecraft:block/pale_oak_sapling,medium,
minecraft:pale_oak_shelf,irregular_self_supporting,irregular_model,self_supporting_geometry,Irregular non-cube geometry that can be used as a standalone placed form.,"Coordinates are normalized block-local [x,y,z] in 0..1, with y vertical. Irregular model geometry resolved from block models. Representative normalized cuboids/planes: minecraft:block/pale_oak_shelf -> 3 elements: [0,0,0.8125]-[1,1,1] + [0,0,0.6875]-[1,0.25,0.8125] + [0,0.75,0.6875]-[1,1,0.8125] | minecraft:block/pale_oak_shelf_unpowered -> 1 element: [0,0.25,0.8125]-[1,0.75,0.8125]. Orientation or count states rotate, swap, or combine these cuboids without making the block a full cube.",#E0D5D4,224,213,212,1.000,,,none,light;neutral,6,24,yes,minecraft:block/pale_oak_shelf;minecraft:block/pale_oak_shelf_center;minecraft:block/pale_oak_shelf_left;minecraft:block/pale_oak_shelf_right;minecraft:block/pale_oak_shelf_unconnected;minecraft:block/pale_oak_shelf_unpowered,block;template_shelf_body;template_shelf_center;template_shelf_left;template_shelf_right;template_shelf_unconnected;template_shelf_unpowered,minecraft:block/pale_oak_shelf,medium,Average color is computed across the visible model variants referenced by this block.
minecraft:pale_oak_sign,entity_block,entity_renderer,entity_or_block_entity_renderer,Special renderer/entity-style block; normal model geometry is not authoritative.,"Coordinates are normalized block-local [x,y,z] in 0..1, with y vertical. This block is rendered by an entity, block entity, or special renderer rather than by a normal solid block model. Treat its world geometry as renderer-defined; this CSV intentionally does not infer a precise color or cuboid mesh from the block model.",,,,,,,,none,,1,1,no,minecraft:block/pale_oak_sign,,,high,Average color intentionally omitted because this is handled by entity/block-entity rendering.
minecraft:pale_oak_slab,slab,slab,self_supporting_geometry,Half-height or full-height rectangular prism selected by slab type.,"Coordinates are normalized block-local [x,y,z] in 0..1, with y vertical. type=bottom occupies [0,0,0]-[1,0.5,1]. type=top occupies [0,0.5,0]-[1,1,1]. type=double is a full cube [0,0,0]-[1,1,1]. Single-slab states are exactly half-height rectangular prisms.",#E5DBDA,229,219,218,1.000,,,none,architectural_shape;light;neutral,3,3,no,minecraft:block/pale_oak_planks;minecraft:block/pale_oak_slab;minecraft:block/pale_oak_slab_top,block;cube;cube_all;slab;slab_top,minecraft:block/pale_oak_planks,medium,Average color is computed across the visible model variants referenced by this block.
minecraft:pale_oak_stairs,stairs,stairs,self_supporting_geometry,"Step-shaped block: half-block base plus one or more quarter/half prisms; straight, inner-corner, and outer-corner variants.","Coordinates are normalized block-local [x,y,z] in 0..1, with y vertical. Stairs are a full 1x1x1 cube with step-shaped upper/lower half removed. For half=bottom, shape=straight occupies a full bottom half [0,0,0]-[1,0.5,1] plus one upper half-prism [0.5,0.5,0]-[1,1,1] in the canonical east-facing model, so the side profile is an L and the missing volume is a 0.5x0.5x1 prism; facing rotates that prism to north/east/south/west. half=top mirrors the geometry vertically, putting the full half at y=0.5..1 and the step/void in y=0..0.5. shape=inner_left/inner_right occupies the full lower (or upper, for half=top) half plus an L-shaped pair of 0.5x0.5x1 and 0.5x0.5x0.5 upper/lower prisms, leaving exactly one 0.5x0.5x0.5 corner void; left/right chooses the corner after the facing rotation. shape=outer_left/outer_right occupies the full half plus only one 0.5x0.5x0.5 corner prism in the opposite half, leaving the other three corner quarters empty; left/right chooses the retained corner after facing rotation.",#E5DBDA,229,219,218,1.000,,,none,architectural_shape;light;neutral,3,40,yes,minecraft:block/pale_oak_stairs;minecraft:block/pale_oak_stairs_inner;minecraft:block/pale_oak_stairs_outer,block;inner_stairs;outer_stairs;stairs,minecraft:block/pale_oak_planks,medium,Average color is computed across the visible model variants referenced by this block.
minecraft:pale_oak_trapdoor,irregular_dependent,hinged_panel,dependent_on_support_or_counterpart,"Irregular thin hinged panel; open/closed, half, hinge, or facing changes by state.","Coordinates are normalized block-local [x,y,z] in 0..1, with y vertical. Trapdoor geometry is a thin 1x1 panel about 0.1875 blocks thick. half=bottom places the closed panel at y=0..0.1875; half=top places it at y=0.8125..1. open=true rotates the same panel upright against the side chosen by facing.",#E9E0DF,233,224,223,1.000,,,none,light;neutral,3,16,yes,minecraft:block/pale_oak_trapdoor_bottom;minecraft:block/pale_oak_trapdoor_open;minecraft:block/pale_oak_trapdoor_top,block;template_orientable_trapdoor_bottom;template_orientable_trapdoor_open;template_orientable_trapdoor_top;thin_block,minecraft:block/pale_oak_trapdoor,medium,Average color is computed across the visible model variants referenced by this block.
minecraft:pale_oak_wall_hanging_sign,entity_block,entity_renderer,entity_or_block_entity_renderer,Special renderer/entity-style block; normal model geometry is not authoritative.,"Coordinates are normalized block-local [x,y,z] in 0..1, with y vertical. This block is rendered by an entity, block entity, or special renderer rather than by a normal solid block model. Treat its world geometry as renderer-defined; this CSV intentionally does not infer a precise color or cuboid mesh from the block model.",,,,,,,,none,,1,1,no,minecraft:block/pale_oak_hanging_sign,,,high,Average color intentionally omitted because this is handled by entity/block-entity rendering.
minecraft:pale_oak_wall_sign,entity_block,entity_renderer,entity_or_block_entity_renderer,Special renderer/entity-style block; normal model geometry is not authoritative.,"Coordinates are normalized block-local [x,y,z] in 0..1, with y vertical. This block is rendered by an entity, block entity, or special renderer rather than by a normal solid block model. Treat its world geometry as renderer-defined; this CSV intentionally does not infer a precise color or cuboid mesh from the block model.",,,,,,,,none,,1,1,no,minecraft:block/pale_oak_sign,,,high,Average color intentionally omitted because this is handled by entity/block-entity rendering.
minecraft:pale_oak_wood,full_cube_same_faces,full_cube,self_supporting_geometry,"Full cube [0,0,0]-[1,1,1] with same visual treatment on all six exterior faces.","Coordinates are normalized block-local [x,y,z] in 0..1, with y vertical. Occupies the entire voxel [0,0,0]-[1,1,1]. All six exterior faces are present; color differences, if any, are texture/face differences rather than geometry differences.",#5A504D,90,80,77,1.000,down=#5A504D;up=#5A504D;north=#5A504D;south=#5A504D;west=#5A504D;east=#5A504D,,none,wood;neutral,1,3,yes,minecraft:block/pale_oak_wood,block;cube;cube_column,minecraft:block/pale_oak_log,medium,
minecraft:pearlescent_froglight,full_cube_different_faces,full_cube,self_supporting_geometry,"Full cube [0,0,0]-[1,1,1] with face-dependent visual treatment.","Coordinates are normalized block-local [x,y,z] in 0..1, with y vertical. Occupies the entire voxel [0,0,0]-[1,1,1]. All six exterior faces are present; color differences, if any, are texture/face differences rather than geometry differences.",#F0E8E9,240,232,233,1.000,down=#F6F1F0;up=#F6F1F0;north=#EDE4E6;south=#EDE4E6;west=#EDE4E6;east=#EDE4E6,down=#F6F1F0;up=#F6F1F0,none,light_source;light;neutral,2,3,yes,minecraft:block/pearlescent_froglight;minecraft:block/pearlescent_froglight_horizontal,block;cube;cube_column;cube_column_horizontal,minecraft:block/pearlescent_froglight_side;minecraft:block/pearlescent_froglight_top,medium,Average color is computed across the visible model variants referenced by this block.
minecraft:peony,irregular_dependent,cross_planes,dependent_on_support_or_counterpart,"Irregular crossed flat planes with transparent cutout texture, typically plant-like and support/substrate dependent.","Coordinates are normalized block-local [x,y,z] in 0..1, with y vertical. Cross-plane geometry: two near-zero-thickness quads cross diagonally through the block center, usually spanning most of y=0..1. The visible silhouette comes from transparent texture pixels, not from cuboid volume; placement normally depends on ground or substrate support.",#9680A2,150,128,162,1.000,,,none,,2,2,no,minecraft:block/peony_bottom;minecraft:block/peony_top,cross,minecraft:block/peony_bottom;minecraft:block/peony_top,medium,Average color is computed across the visible model variants referenced by this block.
minecraft:petrified_oak_slab,slab,slab,self_supporting_geometry,Half-height or full-height rectangular prism selected by slab type.,"Coordinates are normalized block-local [x,y,z] in 0..1, with y vertical. type=bottom occupies [0,0,0]-[1,0.5,1]. type=top occupies [0,0.5,0]-[1,1,1]. type=double is a full cube [0,0,0]-[1,1,1]. Single-slab states are exactly half-height rectangular prisms.",#A58551,165,133,81,1.000,,,none,architectural_shape,3,3,no,minecraft:block/oak_planks;minecraft:block/petrified_oak_slab;minecraft:block/petrified_oak_slab_top,block;cube;cube_all;slab;slab_top,minecraft:block/oak_planks,medium,Average color is computed across the visible model variants referenced by this block.
minecraft:piglin_head,entity_block,entity_renderer,entity_or_block_entity_renderer,Special renderer/entity-style block; normal model geometry is not authoritative.,"Coordinates are normalized block-local [x,y,z] in 0..1, with y vertical. This block is rendered by an entity, block entity, or special renderer rather than by a normal solid block model. Treat its world geometry as renderer-defined; this CSV intentionally does not infer a precise color or cuboid mesh from the block model.",,,,,,,,none,,1,1,no,minecraft:block/skull,,,high,Average color intentionally omitted because this is handled by entity/block-entity rendering.
minecraft:piglin_wall_head,entity_block,entity_renderer,entity_or_block_entity_renderer,Special renderer/entity-style block; normal model geometry is not authoritative.,"Coordinates are normalized block-local [x,y,z] in 0..1, with y vertical. This block is rendered by an entity, block entity, or special renderer rather than by a normal solid block model. Treat its world geometry as renderer-defined; this CSV intentionally does not infer a precise color or cuboid mesh from the block model.",,,,,,,,none,,1,1,no,minecraft:block/skull,,,high,Average color intentionally omitted because this is handled by entity/block-entity rendering.
minecraft:pink_banner,entity_block,entity_renderer,entity_or_block_entity_renderer,Special renderer/entity-style block; normal model geometry is not authoritative.,"Coordinates are normalized block-local [x,y,z] in 0..1, with y vertical. This block is rendered by an entity, block entity, or special renderer rather than by a normal solid block model. Treat its world geometry as renderer-defined; this CSV intentionally does not infer a precise color or cuboid mesh from the block model.",,,,,,,,none,,1,1,no,minecraft:block/banner,,,high,Average color intentionally omitted because this is handled by entity/block-entity rendering.
minecraft:pink_bed,entity_block,entity_renderer,entity_or_block_entity_renderer,Special renderer/entity-style block; normal model geometry is not authoritative.,"Coordinates are normalized block-local [x,y,z] in 0..1, with y vertical. This block is rendered by an entity, block entity, or special renderer rather than by a normal solid block model. Treat its world geometry as renderer-defined; this CSV intentionally does not infer a precise color or cuboid mesh from the block model.",,,,,,,,none,,1,1,no,minecraft:block/bed,,,high,Average color intentionally omitted because this is handled by entity/block-entity rendering.
minecraft:pink_candle,irregular_dependent,irregular_model,dependent_on_support_or_counterpart,"Irregular non-cube geometry that is expected to depend on a support block, substrate, or paired state.","Coordinates are normalized block-local [x,y,z] in 0..1, with y vertical. Candle geometry is one to four slim vertical candle rods on the top surface. candles=1..4 changes the number and offsets of rods; lit=true adds flame rendering without changing the wax body geometry.",#DD7C97,221,124,151,1.000,,,none,,8,8,no,minecraft:block/pink_candle_four_candles;minecraft:block/pink_candle_four_candles_lit;minecraft:block/pink_candle_one_candle;minecraft:block/pink_candle_one_candle_lit;minecraft:block/pink_candle_three_candles;minecraft:block/pink_candle_three_candles_lit;minecraft:block/pink_candle_two_candles;minecraft:block/pink_candle_two_candles_lit,block;template_candle;template_four_candles;template_three_candles;template_two_candles,minecraft:block/pink_candle;minecraft:block/pink_candle_lit,medium,Average color is computed across the visible model variants referenced by this block.
minecraft:pink_candle_cake,irregular_dependent,irregular_model,dependent_on_support_or_counterpart,"Irregular non-cube geometry that is expected to depend on a support block, substrate, or paired state.","Coordinates are normalized block-local [x,y,z] in 0..1, with y vertical. Candle geometry is one to four slim vertical candle rods on the top surface. candles=1..4 changes the number and offsets of rods; lit=true adds flame rendering without changing the wax body geometry.",#CFADA3,207,173,163,1.000,,,none,,2,2,no,minecraft:block/pink_candle_cake;minecraft:block/pink_candle_cake_lit,template_cake_with_candle,minecraft:block/cake_bottom;minecraft:block/cake_side;minecraft:block/cake_top;minecraft:block/pink_candle;minecraft:block/pink_candle_lit,medium,Average color is computed across the visible model variants referenced by this block.
minecraft:pink_carpet,irregular_dependent,thin_floor_layer,dependent_on_support_or_counterpart,Irregular very thin floor layer placed on a supporting surface.,"Coordinates are normalized block-local [x,y,z] in 0..1, with y vertical. Thin floor-layer geometry: a flat sheet on top of a supporting block, usually around 0.0625 block thick, occupying most or all of the x/z footprint while leaving almost the entire voxel empty.",#EE8FAD,238,143,173,1.000,,,none,fabric,1,1,no,minecraft:block/pink_carpet,block;carpet;thin_block,minecraft:block/pink_wool,medium,
minecraft:pink_concrete,full_cube_same_faces,full_cube,self_supporting_geometry,"Full cube [0,0,0]-[1,1,1] with same visual treatment on all six exterior faces.","Coordinates are normalized block-local [x,y,z] in 0..1, with y vertical. Occupies the entire voxel [0,0,0]-[1,1,1]. All six exterior faces are present; color differences, if any, are texture/face differences rather than geometry differences.",#D6658F,214,101,143,1.000,down=#D6658F;up=#D6658F;north=#D6658F;south=#D6658F;west=#D6658F;east=#D6658F,,none,concrete,1,1,no,minecraft:block/pink_concrete,block;cube;cube_all,minecraft:block/pink_concrete,medium,
minecraft:pink_concrete_powder,full_cube_same_faces,full_cube,self_supporting_geometry,"Full cube [0,0,0]-[1,1,1] with same visual treatment on all six exterior faces.","Coordinates are normalized block-local [x,y,z] in 0..1, with y vertical. Occupies the entire voxel [0,0,0]-[1,1,1]. All six exterior faces are present; color differences, if any, are texture/face differences rather than geometry differences.",#E59AB6,229,154,182,1.000,down=#E59AB6;up=#E59AB6;north=#E59AB6;south=#E59AB6;west=#E59AB6;east=#E59AB6,,none,concrete,1,4,yes,minecraft:block/pink_concrete_powder,block;cube;cube_all,minecraft:block/pink_concrete_powder,medium,
minecraft:pink_glazed_terracotta,full_cube_same_faces,full_cube,self_supporting_geometry,"Full cube [0,0,0]-[1,1,1] with same visual treatment on all six exterior faces.","Coordinates are normalized block-local [x,y,z] in 0..1, with y vertical. Occupies the entire voxel [0,0,0]-[1,1,1]. All six exterior faces are present; color differences, if any, are texture/face differences rather than geometry differences.",#EC9EB7,236,158,183,1.000,down=#EC9EB7;up=#EC9EB7;north=#EC9EB7;south=#EC9EB7;west=#EC9EB7;east=#EC9EB7,,none,ceramic,1,4,yes,minecraft:block/pink_glazed_terracotta,block;cube;template_glazed_terracotta,minecraft:block/pink_glazed_terracotta,medium,
minecraft:pink_petals,irregular_self_supporting,irregular_model,self_supporting_geometry,Irregular non-cube geometry that can be used as a standalone placed form.,"Coordinates are normalized block-local [x,y,z] in 0..1, with y vertical. Irregular model geometry resolved from block models. Representative normalized cuboids/planes: minecraft:block/pink_petals_1 -> 7 elements: [0,0.1869,0]-[0.5,0.1869,0.5] + [0.2656,0,-0.1625]-[0.2656,0.1869,-0.1] + [0.2344,0,-0.1312]-[0.2969,0.1869,-0.1312] + [0.3063,0,0.1438]-[0.3063,0.1869,0.2063] + [0.275,0,0.175]-[0.3375,0.1869,0.175] + [0.5719,0,-0.0281]-[0.5719,0.1869,0.0344] plus 1 more cuboids/planes | minecraft:block/pink_petals_2 -> 4 elements: [0,0.0625,0.5]-[0.5,0.0625,1] + [0,0.0625,0.5]-[0.5,0.0625,1] + [0.6344,0,0.3281]-[0.6969,0.0625,0.3281] + [0.6656,0,0.2969]-[0.6656,0.0625,0.3594] | minecraft:block/pink_petals_3 -> 7 elements: [0.5,0.125,0.5]-[1,0.125,1] + [1.1031,0,0.1188]-[1.1656,0.125,0.1188] + [1.1344,0,0.0875]-[1.1344,0.125,0.15] + [1.1031,0,-0.2094]-[1.1031,0.125,-0.1469] + [1.0719,0,-0.1781]-[1.1344,0.125,-0.1781] + [0.8375,0,-0.0312]-[0.8375,0.125,0.0313] plus 1 more cuboids/planes. Orientation or count states rotate, swap, or combine these cuboids without making the block a full cube.",#EBB1D0,235,177,208,1.000,,,plains_grass_assumed,,4,16,yes,minecraft:block/pink_petals_1;minecraft:block/pink_petals_2;minecraft:block/pink_petals_3;minecraft:block/pink_petals_4,flowerbed_1;flowerbed_2;flowerbed_3;flowerbed_4,minecraft:block/pink_petals;minecraft:block/pink_petals_stem,medium,Tinted textures use the plains biome approximation for color averaging. Average color is computed across the visible model variants referenced by this block.
minecraft:pink_shulker_box,entity_block,entity_renderer,entity_or_block_entity_renderer,Special renderer/entity-style block; normal model geometry is not authoritative.,"Coordinates are normalized block-local [x,y,z] in 0..1, with y vertical. This block is rendered by an entity, block entity, or special renderer rather than by a normal solid block model. Treat its world geometry as renderer-defined; this CSV intentionally does not infer a precise color or cuboid mesh from the block model.",,,,,,,,none,,1,1,no,minecraft:block/pink_shulker_box,,,high,Average color intentionally omitted because this is handled by entity/block-entity rendering.
minecraft:pink_stained_glass,full_cube_same_faces,full_cube,self_supporting_geometry,"Full cube [0,0,0]-[1,1,1] with same visual treatment on all six exterior faces.","Coordinates are normalized block-local [x,y,z] in 0..1, with y vertical. Occupies the entire voxel [0,0,0]-[1,1,1]. All six exterior faces are present; color differences, if any, are texture/face differences rather than geometry differences.",#F27FA5,242,127,165,0.460,down=#F27FA5;up=#F27FA5;north=#F27FA5;south=#F27FA5;west=#F27FA5;east=#F27FA5,,none,glass,1,1,no,minecraft:block/pink_stained_glass,block;cube;cube_all,minecraft:block/pink_stained_glass,medium,
minecraft:pink_stained_glass_pane,thin_wall,thin_pane,self_supporting_geometry,"Narrow multipart connector: thin post, pane, bar, fence, or gate segments.","Coordinates are normalized block-local [x,y,z] in 0..1, with y vertical. Pane/bar geometry is a thin vertical connector system. A central post/cap sits near [0.4375,0,0.4375]-[0.5625,1,0.5625]. Each north/east/south/west=true side adds a thin vertical pane/bar from the center to that face; false omits that side. Single-connection states add end caps so the exposed edge has thickness.",#ED7DA2,237,125,162,0.575,,,none,glass;architectural_shape,5,9,yes,minecraft:block/pink_stained_glass_pane_noside;minecraft:block/pink_stained_glass_pane_noside_alt;minecraft:block/pink_stained_glass_pane_post;minecraft:block/pink_stained_glass_pane_side;minecraft:block/pink_stained_glass_pane_side_alt,template_glass_pane_noside;template_glass_pane_noside_alt;template_glass_pane_post;template_glass_pane_side;template_glass_pane_side_alt,minecraft:block/pink_stained_glass;minecraft:block/pink_stained_glass_pane_top,medium,Average color is computed across the visible model variants referenced by this block.
minecraft:pink_terracotta,full_cube_same_faces,full_cube,self_supporting_geometry,"Full cube [0,0,0]-[1,1,1] with same visual treatment on all six exterior faces.","Coordinates are normalized block-local [x,y,z] in 0..1, with y vertical. Occupies the entire voxel [0,0,0]-[1,1,1]. All six exterior faces are present; color differences, if any, are texture/face differences rather than geometry differences.",#A24E4F,162,78,79,1.000,down=#A24E4F;up=#A24E4F;north=#A24E4F;south=#A24E4F;west=#A24E4F;east=#A24E4F,,none,ceramic,1,1,no,minecraft:block/pink_terracotta,block;cube;cube_all,minecraft:block/pink_terracotta,medium,
minecraft:pink_tulip,irregular_dependent,cross_planes,dependent_on_support_or_counterpart,"Irregular crossed flat planes with transparent cutout texture, typically plant-like and support/substrate dependent.","Coordinates are normalized block-local [x,y,z] in 0..1, with y vertical. Cross-plane geometry: two near-zero-thickness quads cross diagonally through the block center, usually spanning most of y=0..1. The visible silhouette comes from transparent texture pixels, not from cuboid volume; placement normally depends on ground or substrate support.",#82A081,130,160,129,1.000,,,none,,1,1,no,minecraft:block/pink_tulip,cross,minecraft:block/pink_tulip,medium,
minecraft:pink_wall_banner,entity_block,entity_renderer,entity_or_block_entity_renderer,Special renderer/entity-style block; normal model geometry is not authoritative.,"Coordinates are normalized block-local [x,y,z] in 0..1, with y vertical. This block is rendered by an entity, block entity, or special renderer rather than by a normal solid block model. Treat its world geometry as renderer-defined; this CSV intentionally does not infer a precise color or cuboid mesh from the block model.",,,,,,,,none,,1,1,no,minecraft:block/banner,,,high,Average color intentionally omitted because this is handled by entity/block-entity rendering.
minecraft:pink_wool,full_cube_same_faces,full_cube,self_supporting_geometry,"Full cube [0,0,0]-[1,1,1] with same visual treatment on all six exterior faces.","Coordinates are normalized block-local [x,y,z] in 0..1, with y vertical. Occupies the entire voxel [0,0,0]-[1,1,1]. All six exterior faces are present; color differences, if any, are texture/face differences rather than geometry differences.",#EE8FAD,238,143,173,1.000,down=#EE8FAD;up=#EE8FAD;north=#EE8FAD;south=#EE8FAD;west=#EE8FAD;east=#EE8FAD,,none,fabric,1,1,no,minecraft:block/pink_wool,block;cube;cube_all,minecraft:block/pink_wool,medium,
minecraft:piston,irregular_self_supporting,irregular_model,self_supporting_geometry,Irregular non-cube geometry that can be used as a standalone placed form.,"Coordinates are normalized block-local [x,y,z] in 0..1, with y vertical. Irregular model geometry resolved from block models. Representative normalized cuboids/planes: minecraft:block/piston -> 1 element: [0,0,0]-[1,1,1] | minecraft:block/piston_base -> 1 element: [0,0,0.25]-[1,1,1]. Orientation or count states rotate, swap, or combine these cuboids without making the block a full cube.",#716C65,113,108,101,1.000,,,none,neutral,2,12,yes,minecraft:block/piston;minecraft:block/piston_base,piston_extended;template_piston,minecraft:block/piston_bottom;minecraft:block/piston_inner;minecraft:block/piston_side;minecraft:block/piston_top,medium,Average color is computed across the visible model variants referenced by this block.
minecraft:piston_head,entity_block,entity_renderer,entity_or_block_entity_renderer,Special renderer/entity-style block; normal model geometry is not authoritative.,"Coordinates are normalized block-local [x,y,z] in 0..1, with y vertical. This block is rendered by an entity, block entity, or special renderer rather than by a normal solid block model. Treat its world geometry as renderer-defined; this CSV intentionally does not infer a precise color or cuboid mesh from the block model.",,,,,,,,none,,4,24,yes,minecraft:block/piston_head;minecraft:block/piston_head_short;minecraft:block/piston_head_short_sticky;minecraft:block/piston_head_sticky,template_piston_head;template_piston_head_short,,high,Average color intentionally omitted because this is handled by entity/block-entity rendering.
minecraft:pitcher_crop,irregular_dependent,irregular_model,dependent_on_support_or_counterpart,"Irregular non-cube geometry that is expected to depend on a support block, substrate, or paired state.","Coordinates are normalized block-local [x,y,z] in 0..1, with y vertical. Irregular model geometry resolved from block models. Representative normalized cuboids/planes: minecraft:block/pitcher_crop_bottom_stage_0 -> 1 element: [0.3125,-0.0625,0.3125]-[0.6875,0.1875,0.6875] | minecraft:block/pitcher_crop_bottom_stage_1 -> 3 elements: [0,0.3125,0.5]-[1,1.3125,0.5] + [0,0.3125,0.5]-[1,1.3125,0.5] + [0.1875,-0.0625,0.1875]-[0.8125,0.3125,0.8125] | minecraft:block/pitcher_crop_bottom_stage_2 -> 3 elements: [0,0.3125,0.5]-[1,1.3125,0.5] + [0.5,0.3125,0]-[0.5,1.3125,1] + [0.1875,-0.0625,0.1875]-[0.8125,0.3125,0.8125]. Orientation or count states rotate, swap, or combine these cuboids without making the block a full cube.",#A29A73,162,154,115,1.000,,,none,,10,10,no,minecraft:block/pitcher_crop_bottom_stage_0;minecraft:block/pitcher_crop_bottom_stage_1;minecraft:block/pitcher_crop_bottom_stage_2;minecraft:block/pitcher_crop_bottom_stage_3;minecraft:block/pitcher_crop_bottom_stage_4;minecraft:block/pitcher_crop_top_stage_0;minecraft:block/pitcher_crop_top_stage_1;minecraft:block/pitcher_crop_top_stage_2;minecraft:block/pitcher_crop_top_stage_3;minecraft:block/pitcher_crop_top_stage_4,,minecraft:block/pitcher_crop_bottom;minecraft:block/pitcher_crop_bottom_stage_1;minecraft:block/pitcher_crop_bottom_stage_2;minecraft:block/pitcher_crop_bottom_stage_3;minecraft:block/pitcher_crop_bottom_stage_4;minecraft:block/pitcher_crop_side;minecraft:block/pitcher_crop_top;minecraft:block/pitcher_crop_top_stage_3;minecraft:block/pitcher_crop_top_stage_4,medium,Average color is computed across the visible model variants referenced by this block.
minecraft:pitcher_plant,irregular_dependent,irregular_model,dependent_on_support_or_counterpart,"Irregular non-cube geometry that is expected to depend on a support block, substrate, or paired state.","Coordinates are normalized block-local [x,y,z] in 0..1, with y vertical. Irregular model geometry resolved from block models. Representative normalized cuboids/planes: minecraft:block/pitcher_plant_bottom -> 2 elements: [0.5,-0.3125,0]-[0.5,0.6875,1] + [0,-0.3125,0.5]-[1,0.6875,0.5]. Orientation or count states rotate, swap, or combine these cuboids without making the block a full cube.",#76909E,118,144,158,1.000,,,none,,2,2,no,minecraft:block/pitcher_plant_bottom;minecraft:block/pitcher_plant_top,,minecraft:block/pitcher_crop_bottom_stage_4;minecraft:block/pitcher_crop_top_stage_4,medium,Average color is computed across the visible model variants referenced by this block.
minecraft:player_head,entity_block,entity_renderer,entity_or_block_entity_renderer,Special renderer/entity-style block; normal model geometry is not authoritative.,"Coordinates are normalized block-local [x,y,z] in 0..1, with y vertical. This block is rendered by an entity, block entity, or special renderer rather than by a normal solid block model. Treat its world geometry as renderer-defined; this CSV intentionally does not infer a precise color or cuboid mesh from the block model.",,,,,,,,none,,1,1,no,minecraft:block/skull,,,high,Average color intentionally omitted because this is handled by entity/block-entity rendering.
minecraft:player_wall_head,entity_block,entity_renderer,entity_or_block_entity_renderer,Special renderer/entity-style block; normal model geometry is not authoritative.,"Coordinates are normalized block-local [x,y,z] in 0..1, with y vertical. This block is rendered by an entity, block entity, or special renderer rather than by a normal solid block model. Treat its world geometry as renderer-defined; this CSV intentionally does not infer a precise color or cuboid mesh from the block model.",,,,,,,,none,,1,1,no,minecraft:block/skull,,,high,Average color intentionally omitted because this is handled by entity/block-entity rendering.
minecraft:podzol,full_cube_different_faces,full_cube,self_supporting_geometry,"Full cube [0,0,0]-[1,1,1] with face-dependent visual treatment.","Coordinates are normalized block-local [x,y,z] in 0..1, with y vertical. Occupies the entire voxel [0,0,0]-[1,1,1]. All six exterior faces are present; color differences, if any, are texture/face differences rather than geometry differences.",#958174,149,129,116,1.000,down=#8A6346;up=#5F4118;north=#805C3E;south=#805C3E;west=#805C3E;east=#805C3E,down=#8A6346;up=#5F4118,none,,2,5,yes,minecraft:block/grass_block_snow;minecraft:block/podzol,block;cube;cube_bottom_top,minecraft:block/dirt;minecraft:block/grass_block_snow;minecraft:block/grass_block_top;minecraft:block/podzol_side;minecraft:block/podzol_top,medium,Average color is computed across the visible model variants referenced by this block.
minecraft:pointed_dripstone,irregular_self_supporting,irregular_model,self_supporting_geometry,Irregular non-cube geometry that can be used as a standalone placed form.,"Coordinates are normalized block-local [x,y,z] in 0..1, with y vertical. Irregular model geometry resolved from block models. Representative normalized cuboids/planes: minecraft:block/pointed_dripstone_down_base -> 2 elements: [0.05,0,0.5]-[0.95,1,0.5] + [0.5,0,0.05]-[0.5,1,0.95]. Orientation or count states rotate, swap, or combine these cuboids without making the block a full cube.",#876D5D,135,109,93,1.000,,,none,stone,10,10,no,minecraft:block/pointed_dripstone_down_base;minecraft:block/pointed_dripstone_down_frustum;minecraft:block/pointed_dripstone_down_middle;minecraft:block/pointed_dripstone_down_tip;minecraft:block/pointed_dripstone_down_tip_merge;minecraft:block/pointed_dripstone_up_base;minecraft:block/pointed_dripstone_up_frustum;minecraft:block/pointed_dripstone_up_middle;minecraft:block/pointed_dripstone_up_tip;minecraft:block/pointed_dripstone_up_tip_merge,pointed_dripstone,minecraft:block/pointed_dripstone_down_base;minecraft:block/pointed_dripstone_down_frustum;minecraft:block/pointed_dripstone_down_middle;minecraft:block/pointed_dripstone_down_tip;minecraft:block/pointed_dripstone_down_tip_merge;minecraft:block/pointed_dripstone_up_base;minecraft:block/pointed_dripstone_up_frustum;minecraft:block/pointed_dripstone_up_middle;minecraft:block/pointed_dripstone_up_tip;minecraft:block/pointed_dripstone_up_tip_merge,medium,Average color is computed across the visible model variants referenced by this block.
minecraft:polished_andesite,full_cube_same_faces,full_cube,self_supporting_geometry,"Full cube [0,0,0]-[1,1,1] with same visual treatment on all six exterior faces.","Coordinates are normalized block-local [x,y,z] in 0..1, with y vertical. Occupies the entire voxel [0,0,0]-[1,1,1]. All six exterior faces are present; color differences, if any, are texture/face differences rather than geometry differences.",#868988,134,137,136,1.000,down=#868988;up=#868988;north=#868988;south=#868988;west=#868988;east=#868988,,none,stone;neutral,1,1,no,minecraft:block/polished_andesite,block;cube;cube_all,minecraft:block/polished_andesite,medium,
minecraft:polished_andesite_slab,slab,slab,self_supporting_geometry,Half-height or full-height rectangular prism selected by slab type.,"Coordinates are normalized block-local [x,y,z] in 0..1, with y vertical. type=bottom occupies [0,0,0]-[1,0.5,1]. type=top occupies [0,0.5,0]-[1,1,1]. type=double is a full cube [0,0,0]-[1,1,1]. Single-slab states are exactly half-height rectangular prisms.",#868988,134,137,136,1.000,,,none,stone;architectural_shape;neutral,3,3,no,minecraft:block/polished_andesite;minecraft:block/polished_andesite_slab;minecraft:block/polished_andesite_slab_top,block;cube;cube_all;slab;slab_top,minecraft:block/polished_andesite,medium,Average color is computed across the visible model variants referenced by this block.
minecraft:polished_andesite_stairs,stairs,stairs,self_supporting_geometry,"Step-shaped block: half-block base plus one or more quarter/half prisms; straight, inner-corner, and outer-corner variants.","Coordinates are normalized block-local [x,y,z] in 0..1, with y vertical. Stairs are a full 1x1x1 cube with step-shaped upper/lower half removed. For half=bottom, shape=straight occupies a full bottom half [0,0,0]-[1,0.5,1] plus one upper half-prism [0.5,0.5,0]-[1,1,1] in the canonical east-facing model, so the side profile is an L and the missing volume is a 0.5x0.5x1 prism; facing rotates that prism to north/east/south/west. half=top mirrors the geometry vertically, putting the full half at y=0.5..1 and the step/void in y=0..0.5. shape=inner_left/inner_right occupies the full lower (or upper, for half=top) half plus an L-shaped pair of 0.5x0.5x1 and 0.5x0.5x0.5 upper/lower prisms, leaving exactly one 0.5x0.5x0.5 corner void; left/right chooses the corner after the facing rotation. shape=outer_left/outer_right occupies the full half plus only one 0.5x0.5x0.5 corner prism in the opposite half, leaving the other three corner quarters empty; left/right chooses the retained corner after facing rotation.",#868887,134,136,135,1.000,,,none,stone;architectural_shape;neutral,3,40,yes,minecraft:block/polished_andesite_stairs;minecraft:block/polished_andesite_stairs_inner;minecraft:block/polished_andesite_stairs_outer,block;inner_stairs;outer_stairs;stairs,minecraft:block/polished_andesite,medium,Average color is computed across the visible model variants referenced by this block.
minecraft:polished_basalt,full_cube_different_faces,full_cube,self_supporting_geometry,"Full cube [0,0,0]-[1,1,1] with face-dependent visual treatment.","Coordinates are normalized block-local [x,y,z] in 0..1, with y vertical. Occupies the entire voxel [0,0,0]-[1,1,1]. All six exterior faces are present; color differences, if any, are texture/face differences rather than geometry differences.",#606061,96,96,97,1.000,down=#676667;up=#676667;north=#5C5C5E;south=#5C5C5E;west=#5C5C5E;east=#5C5C5E,down=#676667;up=#676667,none,stone;neutral,1,3,yes,minecraft:block/polished_basalt,block;cube;cube_column,minecraft:block/polished_basalt_side;minecraft:block/polished_basalt_top,medium,
minecraft:polished_blackstone,full_cube_same_faces,full_cube,self_supporting_geometry,"Full cube [0,0,0]-[1,1,1] with same visual treatment on all six exterior faces.","Coordinates are normalized block-local [x,y,z] in 0..1, with y vertical. Occupies the entire voxel [0,0,0]-[1,1,1]. All six exterior faces are present; color differences, if any, are texture/face differences rather than geometry differences.",#37333D,55,51,61,1.000,down=#37333D;up=#37333D;north=#37333D;south=#37333D;west=#37333D;east=#37333D,,none,stone;dark;neutral,1,1,no,minecraft:block/polished_blackstone,block;cube;cube_all,minecraft:block/polished_blackstone,medium,
minecraft:polished_blackstone_brick_slab,slab,slab,self_supporting_geometry,Half-height or full-height rectangular prism selected by slab type.,"Coordinates are normalized block-local [x,y,z] in 0..1, with y vertical. type=bottom occupies [0,0,0]-[1,0.5,1]. type=top occupies [0,0.5,0]-[1,1,1]. type=double is a full cube [0,0,0]-[1,1,1]. Single-slab states are exactly half-height rectangular prisms.",#332E37,51,46,55,1.000,,,none,stone;brick;architectural_shape;dark;neutral,3,3,no,minecraft:block/polished_blackstone_brick_slab;minecraft:block/polished_blackstone_brick_slab_top;minecraft:block/polished_blackstone_bricks,block;cube;cube_all;slab;slab_top,minecraft:block/polished_blackstone_bricks,medium,Average color is computed across the visible model variants referenced by this block.
minecraft:polished_blackstone_brick_stairs,stairs,stairs,self_supporting_geometry,"Step-shaped block: half-block base plus one or more quarter/half prisms; straight, inner-corner, and outer-corner variants.","Coordinates are normalized block-local [x,y,z] in 0..1, with y vertical. Stairs are a full 1x1x1 cube with step-shaped upper/lower half removed. For half=bottom, shape=straight occupies a full bottom half [0,0,0]-[1,0.5,1] plus one upper half-prism [0.5,0.5,0]-[1,1,1] in the canonical east-facing model, so the side profile is an L and the missing volume is a 0.5x0.5x1 prism; facing rotates that prism to north/east/south/west. half=top mirrors the geometry vertically, putting the full half at y=0.5..1 and the step/void in y=0..0.5. shape=inner_left/inner_right occupies the full lower (or upper, for half=top) half plus an L-shaped pair of 0.5x0.5x1 and 0.5x0.5x0.5 upper/lower prisms, leaving exactly one 0.5x0.5x0.5 corner void; left/right chooses the corner after the facing rotation. shape=outer_left/outer_right occupies the full half plus only one 0.5x0.5x0.5 corner prism in the opposite half, leaving the other three corner quarters empty; left/right chooses the retained corner after facing rotation.",#332E37,51,46,55,1.000,,,none,stone;brick;architectural_shape;dark;neutral,3,40,yes,minecraft:block/polished_blackstone_brick_stairs;minecraft:block/polished_blackstone_brick_stairs_inner;minecraft:block/polished_blackstone_brick_stairs_outer,block;inner_stairs;outer_stairs;stairs,minecraft:block/polished_blackstone_bricks,medium,Average color is computed across the visible model variants referenced by this block.
minecraft:polished_blackstone_brick_wall,coarse_wall,masonry_wall,self_supporting_geometry,Thick multipart wall: optional center post plus low/tall side arms.,"Coordinates are normalized block-local [x,y,z] in 0..1, with y vertical. Thick wall states are multipart masonry geometry. up=true adds a center post [0.25,0,0.25]-[0.75,1,0.75]. For each of north/east/south/west: value=none adds no arm; value=low adds a thick arm from the post to that face, approximately 0.375 wide, 0.5 long, and 0.875 high; value=tall uses the same footprint but rises to full height y=1. Direction values rotate the canonical north arm [0.3125,0,0]-[0.6875,0.875 or 1,0.5].",#332E37,51,46,55,1.000,,,none,stone;brick;architectural_shape;dark;neutral,3,9,yes,minecraft:block/polished_blackstone_brick_wall_post;minecraft:block/polished_blackstone_brick_wall_side;minecraft:block/polished_blackstone_brick_wall_side_tall,template_wall_post;template_wall_side;template_wall_side_tall,minecraft:block/polished_blackstone_bricks,medium,Average color is computed across the visible model variants referenced by this block.
minecraft:polished_blackstone_bricks,full_cube_same_faces,full_cube,self_supporting_geometry,"Full cube [0,0,0]-[1,1,1] with same visual treatment on all six exterior faces.","Coordinates are normalized block-local [x,y,z] in 0..1, with y vertical. Occupies the entire voxel [0,0,0]-[1,1,1]. All six exterior faces are present; color differences, if any, are texture/face differences rather than geometry differences.",#332E37,51,46,55,1.000,down=#332E37;up=#332E37;north=#332E37;south=#332E37;west=#332E37;east=#332E37,,none,stone;brick;dark;neutral,1,1,no,minecraft:block/polished_blackstone_bricks,block;cube;cube_all,minecraft:block/polished_blackstone_bricks,medium,
minecraft:polished_blackstone_button,irregular_dependent,irregular_model,dependent_on_support_or_counterpart,"Irregular non-cube geometry that is expected to depend on a support block, substrate, or paired state.","Coordinates are normalized block-local [x,y,z] in 0..1, with y vertical. Button geometry is a small face-mounted cuboid. face/facing chooses the support face and orientation; powered=true uses a thinner pressed protrusion, while powered=false protrudes farther from the support surface.",#322D34,50,45,52,1.000,,,none,stone;dark;neutral,2,24,yes,minecraft:block/polished_blackstone_button;minecraft:block/polished_blackstone_button_pressed,button;button_pressed,minecraft:block/polished_blackstone,medium,Average color is computed across the visible model variants referenced by this block.
minecraft:polished_blackstone_pressure_plate,irregular_dependent,irregular_model,dependent_on_support_or_counterpart,"Irregular non-cube geometry that is expected to depend on a support block, substrate, or paired state.","Coordinates are normalized block-local [x,y,z] in 0..1, with y vertical. Pressure plate geometry is a low rectangular floor plate occupying most of the x/z footprint. powered=false is slightly raised; powered=true lowers it closer to the supporting block.",#35313A,53,49,58,1.000,,,none,stone;dark;neutral,2,2,no,minecraft:block/polished_blackstone_pressure_plate;minecraft:block/polished_blackstone_pressure_plate_down,block;pressure_plate_down;pressure_plate_up;thin_block,minecraft:block/polished_blackstone,medium,Average color is computed across the visible model variants referenced by this block.
minecraft:polished_blackstone_slab,slab,slab,self_supporting_geometry,Half-height or full-height rectangular prism selected by slab type.,"Coordinates are normalized block-local [x,y,z] in 0..1, with y vertical. type=bottom occupies [0,0,0]-[1,0.5,1]. type=top occupies [0,0.5,0]-[1,1,1]. type=double is a full cube [0,0,0]-[1,1,1]. Single-slab states are exactly half-height rectangular prisms.",#37333D,55,51,61,1.000,,,none,stone;architectural_shape;dark;neutral,3,3,no,minecraft:block/polished_blackstone;minecraft:block/polished_blackstone_slab;minecraft:block/polished_blackstone_slab_top,block;cube;cube_all;slab;slab_top,minecraft:block/polished_blackstone,medium,Average color is computed across the visible model variants referenced by this block.
minecraft:polished_blackstone_stairs,stairs,stairs,self_supporting_geometry,"Step-shaped block: half-block base plus one or more quarter/half prisms; straight, inner-corner, and outer-corner variants.","Coordinates are normalized block-local [x,y,z] in 0..1, with y vertical. Stairs are a full 1x1x1 cube with step-shaped upper/lower half removed. For half=bottom, shape=straight occupies a full bottom half [0,0,0]-[1,0.5,1] plus one upper half-prism [0.5,0.5,0]-[1,1,1] in the canonical east-facing model, so the side profile is an L and the missing volume is a 0.5x0.5x1 prism; facing rotates that prism to north/east/south/west. half=top mirrors the geometry vertically, putting the full half at y=0.5..1 and the step/void in y=0..0.5. shape=inner_left/inner_right occupies the full lower (or upper, for half=top) half plus an L-shaped pair of 0.5x0.5x1 and 0.5x0.5x0.5 upper/lower prisms, leaving exactly one 0.5x0.5x0.5 corner void; left/right chooses the corner after the facing rotation. shape=outer_left/outer_right occupies the full half plus only one 0.5x0.5x0.5 corner prism in the opposite half, leaving the other three corner quarters empty; left/right chooses the retained corner after facing rotation.",#36333C,54,51,60,1.000,,,none,stone;architectural_shape;dark;neutral,3,40,yes,minecraft:block/polished_blackstone_stairs;minecraft:block/polished_blackstone_stairs_inner;minecraft:block/polished_blackstone_stairs_outer,block;inner_stairs;outer_stairs;stairs,minecraft:block/polished_blackstone,medium,Average color is computed across the visible model variants referenced by this block.
minecraft:polished_blackstone_wall,coarse_wall,masonry_wall,self_supporting_geometry,Thick multipart wall: optional center post plus low/tall side arms.,"Coordinates are normalized block-local [x,y,z] in 0..1, with y vertical. Thick wall states are multipart masonry geometry. up=true adds a center post [0.25,0,0.25]-[0.75,1,0.75]. For each of north/east/south/west: value=none adds no arm; value=low adds a thick arm from the post to that face, approximately 0.375 wide, 0.5 long, and 0.875 high; value=tall uses the same footprint but rises to full height y=1. Direction values rotate the canonical north arm [0.3125,0,0]-[0.6875,0.875 or 1,0.5].",#37333D,55,51,61,1.000,,,none,stone;architectural_shape;dark;neutral,3,9,yes,minecraft:block/polished_blackstone_wall_post;minecraft:block/polished_blackstone_wall_side;minecraft:block/polished_blackstone_wall_side_tall,template_wall_post;template_wall_side;template_wall_side_tall,minecraft:block/polished_blackstone,medium,Average color is computed across the visible model variants referenced by this block.
minecraft:polished_deepslate,full_cube_same_faces,full_cube,self_supporting_geometry,"Full cube [0,0,0]-[1,1,1] with same visual treatment on all six exterior faces.","Coordinates are normalized block-local [x,y,z] in 0..1, with y vertical. Occupies the entire voxel [0,0,0]-[1,1,1]. All six exterior faces are present; color differences, if any, are texture/face differences rather than geometry differences.",#4C4C4C,76,76,76,1.000,down=#4C4C4C;up=#4C4C4C;north=#4C4C4C;south=#4C4C4C;west=#4C4C4C;east=#4C4C4C,,none,stone;neutral,1,1,no,minecraft:block/polished_deepslate,block;cube;cube_all,minecraft:block/polished_deepslate,medium,
minecraft:polished_deepslate_slab,slab,slab,self_supporting_geometry,Half-height or full-height rectangular prism selected by slab type.,"Coordinates are normalized block-local [x,y,z] in 0..1, with y vertical. type=bottom occupies [0,0,0]-[1,0.5,1]. type=top occupies [0,0.5,0]-[1,1,1]. type=double is a full cube [0,0,0]-[1,1,1]. Single-slab states are exactly half-height rectangular prisms.",#4C4C4C,76,76,76,1.000,,,none,stone;architectural_shape;neutral,3,3,no,minecraft:block/polished_deepslate;minecraft:block/polished_deepslate_slab;minecraft:block/polished_deepslate_slab_top,block;cube;cube_all;slab;slab_top,minecraft:block/polished_deepslate,medium,Average color is computed across the visible model variants referenced by this block.
minecraft:polished_deepslate_stairs,stairs,stairs,self_supporting_geometry,"Step-shaped block: half-block base plus one or more quarter/half prisms; straight, inner-corner, and outer-corner variants.","Coordinates are normalized block-local [x,y,z] in 0..1, with y vertical. Stairs are a full 1x1x1 cube with step-shaped upper/lower half removed. For half=bottom, shape=straight occupies a full bottom half [0,0,0]-[1,0.5,1] plus one upper half-prism [0.5,0.5,0]-[1,1,1] in the canonical east-facing model, so the side profile is an L and the missing volume is a 0.5x0.5x1 prism; facing rotates that prism to north/east/south/west. half=top mirrors the geometry vertically, putting the full half at y=0.5..1 and the step/void in y=0..0.5. shape=inner_left/inner_right occupies the full lower (or upper, for half=top) half plus an L-shaped pair of 0.5x0.5x1 and 0.5x0.5x0.5 upper/lower prisms, leaving exactly one 0.5x0.5x0.5 corner void; left/right chooses the corner after the facing rotation. shape=outer_left/outer_right occupies the full half plus only one 0.5x0.5x0.5 corner prism in the opposite half, leaving the other three corner quarters empty; left/right chooses the retained corner after facing rotation.",#4B4B4C,75,75,76,1.000,,,none,stone;architectural_shape;neutral,3,40,yes,minecraft:block/polished_deepslate_stairs;minecraft:block/polished_deepslate_stairs_inner;minecraft:block/polished_deepslate_stairs_outer,block;inner_stairs;outer_stairs;stairs,minecraft:block/polished_deepslate,medium,Average color is computed across the visible model variants referenced by this block.
minecraft:polished_deepslate_wall,coarse_wall,masonry_wall,self_supporting_geometry,Thick multipart wall: optional center post plus low/tall side arms.,"Coordinates are normalized block-local [x,y,z] in 0..1, with y vertical. Thick wall states are multipart masonry geometry. up=true adds a center post [0.25,0,0.25]-[0.75,1,0.75]. For each of north/east/south/west: value=none adds no arm; value=low adds a thick arm from the post to that face, approximately 0.375 wide, 0.5 long, and 0.875 high; value=tall uses the same footprint but rises to full height y=1. Direction values rotate the canonical north arm [0.3125,0,0]-[0.6875,0.875 or 1,0.5].",#4C4C4C,76,76,76,1.000,,,none,stone;architectural_shape;neutral,3,9,yes,minecraft:block/polished_deepslate_wall_post;minecraft:block/polished_deepslate_wall_side;minecraft:block/polished_deepslate_wall_side_tall,template_wall_post;template_wall_side;template_wall_side_tall,minecraft:block/polished_deepslate,medium,Average color is computed across the visible model variants referenced by this block.
minecraft:polished_diorite,full_cube_same_faces,full_cube,self_supporting_geometry,"Full cube [0,0,0]-[1,1,1] with same visual treatment on all six exterior faces.","Coordinates are normalized block-local [x,y,z] in 0..1, with y vertical. Occupies the entire voxel [0,0,0]-[1,1,1]. All six exterior faces are present; color differences, if any, are texture/face differences rather than geometry differences.",#C5C4C6,197,196,198,1.000,down=#C5C4C6;up=#C5C4C6;north=#C5C4C6;south=#C5C4C6;west=#C5C4C6;east=#C5C4C6,,none,stone;neutral,1,1,no,minecraft:block/polished_diorite,block;cube;cube_all,minecraft:block/polished_diorite,medium,
minecraft:polished_diorite_slab,slab,slab,self_supporting_geometry,Half-height or full-height rectangular prism selected by slab type.,"Coordinates are normalized block-local [x,y,z] in 0..1, with y vertical. type=bottom occupies [0,0,0]-[1,0.5,1]. type=top occupies [0,0.5,0]-[1,1,1]. type=double is a full cube [0,0,0]-[1,1,1]. Single-slab states are exactly half-height rectangular prisms.",#C5C4C6,197,196,198,1.000,,,none,stone;architectural_shape;neutral,3,3,no,minecraft:block/polished_diorite;minecraft:block/polished_diorite_slab;minecraft:block/polished_diorite_slab_top,block;cube;cube_all;slab;slab_top,minecraft:block/polished_diorite,medium,Average color is computed across the visible model variants referenced by this block.
minecraft:polished_diorite_stairs,stairs,stairs,self_supporting_geometry,"Step-shaped block: half-block base plus one or more quarter/half prisms; straight, inner-corner, and outer-corner variants.","Coordinates are normalized block-local [x,y,z] in 0..1, with y vertical. Stairs are a full 1x1x1 cube with step-shaped upper/lower half removed. For half=bottom, shape=straight occupies a full bottom half [0,0,0]-[1,0.5,1] plus one upper half-prism [0.5,0.5,0]-[1,1,1] in the canonical east-facing model, so the side profile is an L and the missing volume is a 0.5x0.5x1 prism; facing rotates that prism to north/east/south/west. half=top mirrors the geometry vertically, putting the full half at y=0.5..1 and the step/void in y=0..0.5. shape=inner_left/inner_right occupies the full lower (or upper, for half=top) half plus an L-shaped pair of 0.5x0.5x1 and 0.5x0.5x0.5 upper/lower prisms, leaving exactly one 0.5x0.5x0.5 corner void; left/right chooses the corner after the facing rotation. shape=outer_left/outer_right occupies the full half plus only one 0.5x0.5x0.5 corner prism in the opposite half, leaving the other three corner quarters empty; left/right chooses the retained corner after facing rotation.",#C4C3C5,196,195,197,1.000,,,none,stone;architectural_shape;neutral,3,40,yes,minecraft:block/polished_diorite_stairs;minecraft:block/polished_diorite_stairs_inner;minecraft:block/polished_diorite_stairs_outer,block;inner_stairs;outer_stairs;stairs,minecraft:block/polished_diorite,medium,Average color is computed across the visible model variants referenced by this block.
minecraft:polished_granite,full_cube_same_faces,full_cube,self_supporting_geometry,"Full cube [0,0,0]-[1,1,1] with same visual treatment on all six exterior faces.","Coordinates are normalized block-local [x,y,z] in 0..1, with y vertical. Occupies the entire voxel [0,0,0]-[1,1,1]. All six exterior faces are present; color differences, if any, are texture/face differences rather than geometry differences.",#9C6D5C,156,109,92,1.000,down=#9C6D5C;up=#9C6D5C;north=#9C6D5C;south=#9C6D5C;west=#9C6D5C;east=#9C6D5C,,none,stone,1,1,no,minecraft:block/polished_granite,block;cube;cube_all,minecraft:block/polished_granite,medium,
minecraft:polished_granite_slab,slab,slab,self_supporting_geometry,Half-height or full-height rectangular prism selected by slab type.,"Coordinates are normalized block-local [x,y,z] in 0..1, with y vertical. type=bottom occupies [0,0,0]-[1,0.5,1]. type=top occupies [0,0.5,0]-[1,1,1]. type=double is a full cube [0,0,0]-[1,1,1]. Single-slab states are exactly half-height rectangular prisms.",#9C6D5C,156,109,92,1.000,,,none,stone;architectural_shape,3,3,no,minecraft:block/polished_granite;minecraft:block/polished_granite_slab;minecraft:block/polished_granite_slab_top,block;cube;cube_all;slab;slab_top,minecraft:block/polished_granite,medium,Average color is computed across the visible model variants referenced by this block.
minecraft:polished_granite_stairs,stairs,stairs,self_supporting_geometry,"Step-shaped block: half-block base plus one or more quarter/half prisms; straight, inner-corner, and outer-corner variants.","Coordinates are normalized block-local [x,y,z] in 0..1, with y vertical. Stairs are a full 1x1x1 cube with step-shaped upper/lower half removed. For half=bottom, shape=straight occupies a full bottom half [0,0,0]-[1,0.5,1] plus one upper half-prism [0.5,0.5,0]-[1,1,1] in the canonical east-facing model, so the side profile is an L and the missing volume is a 0.5x0.5x1 prism; facing rotates that prism to north/east/south/west. half=top mirrors the geometry vertically, putting the full half at y=0.5..1 and the step/void in y=0..0.5. shape=inner_left/inner_right occupies the full lower (or upper, for half=top) half plus an L-shaped pair of 0.5x0.5x1 and 0.5x0.5x0.5 upper/lower prisms, leaving exactly one 0.5x0.5x0.5 corner void; left/right chooses the corner after the facing rotation. shape=outer_left/outer_right occupies the full half plus only one 0.5x0.5x0.5 corner prism in the opposite half, leaving the other three corner quarters empty; left/right chooses the retained corner after facing rotation.",#9B6C5B,155,108,91,1.000,,,none,stone;architectural_shape,3,40,yes,minecraft:block/polished_granite_stairs;minecraft:block/polished_granite_stairs_inner;minecraft:block/polished_granite_stairs_outer,block;inner_stairs;outer_stairs;stairs,minecraft:block/polished_granite,medium,Average color is computed across the visible model variants referenced by this block.
minecraft:polished_tuff,full_cube_same_faces,full_cube,self_supporting_geometry,"Full cube [0,0,0]-[1,1,1] with same visual treatment on all six exterior faces.","Coordinates are normalized block-local [x,y,z] in 0..1, with y vertical. Occupies the entire voxel [0,0,0]-[1,1,1]. All six exterior faces are present; color differences, if any, are texture/face differences rather than geometry differences.",#636965,99,105,101,1.000,down=#636965;up=#636965;north=#636965;south=#636965;west=#636965;east=#636965,,none,stone;neutral,1,1,no,minecraft:block/polished_tuff,block;cube;cube_all,minecraft:block/polished_tuff,medium,
minecraft:polished_tuff_slab,slab,slab,self_supporting_geometry,Half-height or full-height rectangular prism selected by slab type.,"Coordinates are normalized block-local [x,y,z] in 0..1, with y vertical. type=bottom occupies [0,0,0]-[1,0.5,1]. type=top occupies [0,0.5,0]-[1,1,1]. type=double is a full cube [0,0,0]-[1,1,1]. Single-slab states are exactly half-height rectangular prisms.",#636965,99,105,101,1.000,,,none,stone;architectural_shape;neutral,3,3,no,minecraft:block/polished_tuff;minecraft:block/polished_tuff_slab;minecraft:block/polished_tuff_slab_top,block;cube;cube_all;slab;slab_top,minecraft:block/polished_tuff,medium,Average color is computed across the visible model variants referenced by this block.
minecraft:polished_tuff_stairs,stairs,stairs,self_supporting_geometry,"Step-shaped block: half-block base plus one or more quarter/half prisms; straight, inner-corner, and outer-corner variants.","Coordinates are normalized block-local [x,y,z] in 0..1, with y vertical. Stairs are a full 1x1x1 cube with step-shaped upper/lower half removed. For half=bottom, shape=straight occupies a full bottom half [0,0,0]-[1,0.5,1] plus one upper half-prism [0.5,0.5,0]-[1,1,1] in the canonical east-facing model, so the side profile is an L and the missing volume is a 0.5x0.5x1 prism; facing rotates that prism to north/east/south/west. half=top mirrors the geometry vertically, putting the full half at y=0.5..1 and the step/void in y=0..0.5. shape=inner_left/inner_right occupies the full lower (or upper, for half=top) half plus an L-shaped pair of 0.5x0.5x1 and 0.5x0.5x0.5 upper/lower prisms, leaving exactly one 0.5x0.5x0.5 corner void; left/right chooses the corner after the facing rotation. shape=outer_left/outer_right occupies the full half plus only one 0.5x0.5x0.5 corner prism in the opposite half, leaving the other three corner quarters empty; left/right chooses the retained corner after facing rotation.",#626864,98,104,100,1.000,,,none,stone;architectural_shape;neutral,3,40,yes,minecraft:block/polished_tuff_stairs;minecraft:block/polished_tuff_stairs_inner;minecraft:block/polished_tuff_stairs_outer,block;inner_stairs;outer_stairs;stairs,minecraft:block/polished_tuff,medium,Average color is computed across the visible model variants referenced by this block.
minecraft:polished_tuff_wall,coarse_wall,masonry_wall,self_supporting_geometry,Thick multipart wall: optional center post plus low/tall side arms.,"Coordinates are normalized block-local [x,y,z] in 0..1, with y vertical. Thick wall states are multipart masonry geometry. up=true adds a center post [0.25,0,0.25]-[0.75,1,0.75]. For each of north/east/south/west: value=none adds no arm; value=low adds a thick arm from the post to that face, approximately 0.375 wide, 0.5 long, and 0.875 high; value=tall uses the same footprint but rises to full height y=1. Direction values rotate the canonical north arm [0.3125,0,0]-[0.6875,0.875 or 1,0.5].",#636965,99,105,101,1.000,,,none,stone;architectural_shape;neutral,3,9,yes,minecraft:block/polished_tuff_wall_post;minecraft:block/polished_tuff_wall_side;minecraft:block/polished_tuff_wall_side_tall,template_wall_post;template_wall_side;template_wall_side_tall,minecraft:block/polished_tuff,medium,Average color is computed across the visible model variants referenced by this block.
minecraft:poppy,irregular_dependent,cross_planes,dependent_on_support_or_counterpart,"Irregular crossed flat planes with transparent cutout texture, typically plant-like and support/substrate dependent.","Coordinates are normalized block-local [x,y,z] in 0..1, with y vertical. Cross-plane geometry: two near-zero-thickness quads cross diagonally through the block center, usually spanning most of y=0..1. The visible silhouette comes from transparent texture pixels, not from cuboid volume; placement normally depends on ground or substrate support.",#9E4A27,158,74,39,1.000,,,none,,1,1,no,minecraft:block/poppy,cross,minecraft:block/poppy,medium,
minecraft:potatoes,irregular_dependent,irregular_model,dependent_on_support_or_counterpart,"Irregular non-cube geometry that is expected to depend on a support block, substrate, or paired state.","Coordinates are normalized block-local [x,y,z] in 0..1, with y vertical. Irregular model geometry resolved from block models. Representative normalized cuboids/planes: minecraft:block/potatoes_stage0 -> 4 elements: [0.25,-0.0625,0]-[0.25,0.9375,1] + [0.75,-0.0625,0]-[0.75,0.9375,1] + [0,-0.0625,0.25]-[1,0.9375,0.25] + [0,-0.0625,0.75]-[1,0.9375,0.75]. Orientation or count states rotate, swap, or combine these cuboids without making the block a full cube.",#54862E,84,134,46,1.000,,,none,,4,8,no,minecraft:block/potatoes_stage0;minecraft:block/potatoes_stage1;minecraft:block/potatoes_stage2;minecraft:block/potatoes_stage3,crop,minecraft:block/potatoes_stage0;minecraft:block/potatoes_stage1;minecraft:block/potatoes_stage2;minecraft:block/potatoes_stage3,medium,Average color is computed across the visible model variants referenced by this block.
minecraft:potted_acacia_sapling,irregular_dependent,cross_planes,dependent_on_support_or_counterpart,"Irregular crossed flat planes with transparent cutout texture, typically plant-like and support/substrate dependent.","Coordinates are normalized block-local [x,y,z] in 0..1, with y vertical. Cross-plane geometry: two near-zero-thickness quads cross diagonally through the block center, usually spanning most of y=0..1. The visible silhouette comes from transparent texture pixels, not from cuboid volume; placement normally depends on ground or substrate support.",#7A6928,122,105,40,1.000,,,none,,1,1,no,minecraft:block/potted_acacia_sapling,flower_pot_cross,minecraft:block/acacia_sapling;minecraft:block/dirt;minecraft:block/flower_pot,medium,
minecraft:potted_allium,irregular_dependent,cross_planes,dependent_on_support_or_counterpart,"Irregular crossed flat planes with transparent cutout texture, typically plant-like and support/substrate dependent.","Coordinates are normalized block-local [x,y,z] in 0..1, with y vertical. Cross-plane geometry: two near-zero-thickness quads cross diagonally through the block center, usually spanning most of y=0..1. The visible silhouette comes from transparent texture pixels, not from cuboid volume; placement normally depends on ground or substrate support.",#9A79A6,154,121,166,1.000,,,none,,1,1,no,minecraft:block/potted_allium,flower_pot_cross,minecraft:block/allium;minecraft:block/dirt;minecraft:block/flower_pot,medium,
minecraft:potted_azalea_bush,irregular_self_supporting,irregular_model,self_supporting_geometry,Irregular non-cube geometry that can be used as a standalone placed form.,"Coordinates are normalized block-local [x,y,z] in 0..1, with y vertical. Irregular model geometry resolved from block models. Representative normalized cuboids/planes: minecraft:block/potted_azalea_bush -> 12 elements: [0.3125,0,0.3125]-[0.375,0.375,0.6875] + [0.625,0,0.3125]-[0.6875,0.375,0.6875] + [0.375,0,0.3125]-[0.625,0.375,0.375] + [0.375,0,0.625]-[0.625,0.375,0.6875] + [0.375,0,0.375]-[0.625,0.25,0.625] + [0.25,0.9938,0.25]-[0.75,1,0.75] plus 6 more cuboids/planes. Orientation or count states rotate, swap, or combine these cuboids without making the block a full cube.",#686D30,104,109,48,1.000,,,none,,1,1,no,minecraft:block/potted_azalea_bush,block;template_potted_azalea_bush,minecraft:block/dirt;minecraft:block/flower_pot;minecraft:block/potted_azalea_bush_plant;minecraft:block/potted_azalea_bush_side;minecraft:block/potted_azalea_bush_top,medium,
minecraft:potted_azure_bluet,irregular_dependent,cross_planes,dependent_on_support_or_counterpart,"Irregular crossed flat planes with transparent cutout texture, typically plant-like and support/substrate dependent.","Coordinates are normalized block-local [x,y,z] in 0..1, with y vertical. Cross-plane geometry: two near-zero-thickness quads cross diagonally through the block center, usually spanning most of y=0..1. The visible silhouette comes from transparent texture pixels, not from cuboid volume; placement normally depends on ground or substrate support.",#A8AB84,168,171,132,1.000,,,none,,1,1,no,minecraft:block/potted_azure_bluet,flower_pot_cross,minecraft:block/azure_bluet;minecraft:block/dirt;minecraft:block/flower_pot,medium,
minecraft:potted_bamboo,irregular_self_supporting,irregular_model,self_supporting_geometry,Irregular non-cube geometry that can be used as a standalone placed form.,"Coordinates are normalized block-local [x,y,z] in 0..1, with y vertical. Irregular model geometry resolved from block models. Representative normalized cuboids/planes: minecraft:block/potted_bamboo -> 7 elements: [0.3125,0,0.3125]-[0.375,0.375,0.6875] + [0.625,0,0.3125]-[0.6875,0.375,0.6875] + [0.375,0,0.3125]-[0.625,0.375,0.375] + [0.375,0,0.625]-[0.625,0.375,0.6875] + [0.375,0,0.375]-[0.625,0.25,0.625] + [0.4375,0,0.4375]-[0.5625,1,0.5625] plus 1 more cuboids/planes. Orientation or count states rotate, swap, or combine these cuboids without making the block a full cube.",#6E7B2E,110,123,46,1.000,,,none,wood,1,1,no,minecraft:block/potted_bamboo,,minecraft:block/bamboo_singleleaf;minecraft:block/bamboo_stalk;minecraft:block/dirt;minecraft:block/flower_pot,medium,
minecraft:potted_birch_sapling,irregular_dependent,cross_planes,dependent_on_support_or_counterpart,"Irregular crossed flat planes with transparent cutout texture, typically plant-like and support/substrate dependent.","Coordinates are normalized block-local [x,y,z] in 0..1, with y vertical. Cross-plane geometry: two near-zero-thickness quads cross diagonally through the block center, usually spanning most of y=0..1. The visible silhouette comes from transparent texture pixels, not from cuboid volume; placement normally depends on ground or substrate support.",#858951,133,137,81,1.000,,,none,,1,1,no,minecraft:block/potted_birch_sapling,flower_pot_cross,minecraft:block/birch_sapling;minecraft:block/dirt;minecraft:block/flower_pot,medium,
minecraft:potted_blue_orchid,irregular_dependent,cross_planes,dependent_on_support_or_counterpart,"Irregular crossed flat planes with transparent cutout texture, typically plant-like and support/substrate dependent.","Coordinates are normalized block-local [x,y,z] in 0..1, with y vertical. Cross-plane geometry: two near-zero-thickness quads cross diagonally through the block center, usually spanning most of y=0..1. The visible silhouette comes from transparent texture pixels, not from cuboid volume; placement normally depends on ground or substrate support.",#5A89A0,90,137,160,1.000,,,none,,1,1,no,minecraft:block/potted_blue_orchid,flower_pot_cross,minecraft:block/blue_orchid;minecraft:block/dirt;minecraft:block/flower_pot,medium,
minecraft:potted_brown_mushroom,irregular_dependent,cross_planes,dependent_on_support_or_counterpart,"Irregular crossed flat planes with transparent cutout texture, typically plant-like and support/substrate dependent.","Coordinates are normalized block-local [x,y,z] in 0..1, with y vertical. Cross-plane geometry: two near-zero-thickness quads cross diagonally through the block center, usually spanning most of y=0..1. The visible silhouette comes from transparent texture pixels, not from cuboid volume; placement normally depends on ground or substrate support.",#936953,147,105,83,1.000,,,none,,1,1,no,minecraft:block/potted_brown_mushroom,flower_pot_cross,minecraft:block/brown_mushroom;minecraft:block/dirt;minecraft:block/flower_pot,medium,
minecraft:potted_cactus,irregular_dependent,irregular_model,dependent_on_support_or_counterpart,"Irregular non-cube geometry that is expected to depend on a support block, substrate, or paired state.","Coordinates are normalized block-local [x,y,z] in 0..1, with y vertical. Irregular model geometry resolved from block models. Representative normalized cuboids/planes: minecraft:block/potted_cactus -> 2 elements: [0.3125,0,0.3125]-[0.6875,0.375,0.6875] + [0.375,0.3125,0.375]-[0.625,1,0.625]. Orientation or count states rotate, swap, or combine these cuboids without making the block a full cube.",#706D34,112,109,52,1.000,,,none,,1,1,no,minecraft:block/potted_cactus,,minecraft:block/cactus_side;minecraft:block/cactus_top;minecraft:block/flower_pot,medium,
minecraft:potted_cherry_sapling,irregular_dependent,cross_planes,dependent_on_support_or_counterpart,"Irregular crossed flat planes with transparent cutout texture, typically plant-like and support/substrate dependent.","Coordinates are normalized block-local [x,y,z] in 0..1, with y vertical. Cross-plane geometry: two near-zero-thickness quads cross diagonally through the block center, usually spanning most of y=0..1. The visible silhouette comes from transparent texture pixels, not from cuboid volume; placement normally depends on ground or substrate support.",#AA798B,170,121,139,1.000,,,none,,1,1,no,minecraft:block/potted_cherry_sapling,flower_pot_cross,minecraft:block/cherry_sapling;minecraft:block/dirt;minecraft:block/flower_pot,medium,
minecraft:potted_closed_eyeblossom,irregular_dependent,cross_planes,dependent_on_support_or_counterpart,"Irregular crossed flat planes with transparent cutout texture, typically plant-like and support/substrate dependent.","Coordinates are normalized block-local [x,y,z] in 0..1, with y vertical. Cross-plane geometry: two near-zero-thickness quads cross diagonally through the block center, usually spanning most of y=0..1. The visible silhouette comes from transparent texture pixels, not from cuboid volume; placement normally depends on ground or substrate support.",#795F5E,121,95,94,1.000,,,none,,1,1,no,minecraft:block/potted_closed_eyeblossom,flower_pot_cross,minecraft:block/closed_eyeblossom;minecraft:block/dirt;minecraft:block/flower_pot,medium,
minecraft:potted_cornflower,irregular_dependent,cross_planes,dependent_on_support_or_counterpart,"Irregular crossed flat planes with transparent cutout texture, typically plant-like and support/substrate dependent.","Coordinates are normalized block-local [x,y,z] in 0..1, with y vertical. Cross-plane geometry: two near-zero-thickness quads cross diagonally through the block center, usually spanning most of y=0..1. The visible silhouette comes from transparent texture pixels, not from cuboid volume; placement normally depends on ground or substrate support.",#666B8B,102,107,139,1.000,,,none,vegetation,1,1,no,minecraft:block/potted_cornflower,flower_pot_cross,minecraft:block/cornflower;minecraft:block/dirt;minecraft:block/flower_pot,medium,
minecraft:potted_crimson_fungus,irregular_dependent,cross_planes,dependent_on_support_or_counterpart,"Irregular crossed flat planes with transparent cutout texture, typically plant-like and support/substrate dependent.","Coordinates are normalized block-local [x,y,z] in 0..1, with y vertical. Cross-plane geometry: two near-zero-thickness quads cross diagonally through the block center, usually spanning most of y=0..1. The visible silhouette comes from transparent texture pixels, not from cuboid volume; placement normally depends on ground or substrate support.",#914230,145,66,48,1.000,,,none,,1,1,no,minecraft:block/potted_crimson_fungus,flower_pot_cross,minecraft:block/crimson_fungus;minecraft:block/dirt;minecraft:block/flower_pot,medium,
minecraft:potted_crimson_roots,irregular_dependent,cross_planes,dependent_on_support_or_counterpart,"Irregular crossed flat planes with transparent cutout texture, typically plant-like and support/substrate dependent.","Coordinates are normalized block-local [x,y,z] in 0..1, with y vertical. Cross-plane geometry: two near-zero-thickness quads cross diagonally through the block center, usually spanning most of y=0..1. The visible silhouette comes from transparent texture pixels, not from cuboid volume; placement normally depends on ground or substrate support.",#812F30,129,47,48,0.971,,,none,vegetation,1,1,no,minecraft:block/potted_crimson_roots,flower_pot_cross,minecraft:block/crimson_roots_pot;minecraft:block/dirt;minecraft:block/flower_pot,medium,
minecraft:potted_dandelion,irregular_dependent,cross_planes,dependent_on_support_or_counterpart,"Irregular crossed flat planes with transparent cutout texture, typically plant-like and support/substrate dependent.","Coordinates are normalized block-local [x,y,z] in 0..1, with y vertical. Cross-plane geometry: two near-zero-thickness quads cross diagonally through the block center, usually spanning most of y=0..1. The visible silhouette comes from transparent texture pixels, not from cuboid volume; placement normally depends on ground or substrate support.",#A39535,163,149,53,1.000,,,none,,1,1,no,minecraft:block/potted_dandelion,flower_pot_cross,minecraft:block/dandelion;minecraft:block/dirt;minecraft:block/flower_pot,medium,
minecraft:potted_dark_oak_sapling,irregular_dependent,cross_planes,dependent_on_support_or_counterpart,"Irregular crossed flat planes with transparent cutout texture, typically plant-like and support/substrate dependent.","Coordinates are normalized block-local [x,y,z] in 0..1, with y vertical. Cross-plane geometry: two near-zero-thickness quads cross diagonally through the block center, usually spanning most of y=0..1. The visible silhouette comes from transparent texture pixels, not from cuboid volume; placement normally depends on ground or substrate support.",#61582B,97,88,43,1.000,,,none,,1,1,no,minecraft:block/potted_dark_oak_sapling,flower_pot_cross,minecraft:block/dark_oak_sapling;minecraft:block/dirt;minecraft:block/flower_pot,medium,
minecraft:potted_dead_bush,irregular_dependent,cross_planes,dependent_on_support_or_counterpart,"Irregular crossed flat planes with transparent cutout texture, typically plant-like and support/substrate dependent.","Coordinates are normalized block-local [x,y,z] in 0..1, with y vertical. Cross-plane geometry: two near-zero-thickness quads cross diagonally through the block center, usually spanning most of y=0..1. The visible silhouette comes from transparent texture pixels, not from cuboid volume; placement normally depends on ground or substrate support.",#754D2F,117,77,47,1.000,,,none,,1,1,no,minecraft:block/potted_dead_bush,flower_pot_cross,minecraft:block/dead_bush;minecraft:block/dirt;minecraft:block/flower_pot,medium,
minecraft:potted_fern,irregular_dependent,cross_planes,dependent_on_support_or_counterpart,"Irregular crossed flat planes with transparent cutout texture, typically plant-like and support/substrate dependent.","Coordinates are normalized block-local [x,y,z] in 0..1, with y vertical. Cross-plane geometry: two near-zero-thickness quads cross diagonally through the block center, usually spanning most of y=0..1. The visible silhouette comes from transparent texture pixels, not from cuboid volume; placement normally depends on ground or substrate support.",#615631,97,86,49,1.000,,,plains_grass,,1,1,no,minecraft:block/potted_fern,tinted_flower_pot_cross,minecraft:block/dirt;minecraft:block/fern;minecraft:block/flower_pot,medium,Tinted textures use the plains biome approximation for color averaging.
minecraft:potted_flowering_azalea_bush,irregular_dependent,irregular_model,dependent_on_support_or_counterpart,"Irregular non-cube geometry that is expected to depend on a support block, substrate, or paired state.","Coordinates are normalized block-local [x,y,z] in 0..1, with y vertical. Irregular model geometry resolved from block models. Representative normalized cuboids/planes: minecraft:block/potted_flowering_azalea_bush -> 12 elements: [0.3125,0,0.3125]-[0.375,0.375,0.6875] + [0.625,0,0.3125]-[0.6875,0.375,0.6875] + [0.375,0,0.3125]-[0.625,0.375,0.375] + [0.375,0,0.625]-[0.625,0.375,0.6875] + [0.375,0,0.375]-[0.625,0.25,0.625] + [0.25,0.9938,0.25]-[0.75,1,0.75] plus 6 more cuboids/planes. Orientation or count states rotate, swap, or combine these cuboids without making the block a full cube.",#736950,115,105,80,1.000,,,none,vegetation,1,1,no,minecraft:block/potted_flowering_azalea_bush,block;template_potted_azalea_bush,minecraft:block/dirt;minecraft:block/flower_pot;minecraft:block/potted_flowering_azalea_bush_plant;minecraft:block/potted_flowering_azalea_bush_side;minecraft:block/potted_flowering_azalea_bush_top,medium,
minecraft:potted_jungle_sapling,irregular_dependent,cross_planes,dependent_on_support_or_counterpart,"Irregular crossed flat planes with transparent cutout texture, typically plant-like and support/substrate dependent.","Coordinates are normalized block-local [x,y,z] in 0..1, with y vertical. Cross-plane geometry: two near-zero-thickness quads cross diagonally through the block center, usually spanning most of y=0..1. The visible silhouette comes from transparent texture pixels, not from cuboid volume; placement normally depends on ground or substrate support.",#585126,88,81,38,1.000,,,none,,1,1,no,minecraft:block/potted_jungle_sapling,flower_pot_cross,minecraft:block/dirt;minecraft:block/flower_pot;minecraft:block/jungle_sapling,medium,
minecraft:potted_lily_of_the_valley,irregular_dependent,cross_planes,dependent_on_support_or_counterpart,"Irregular crossed flat planes with transparent cutout texture, typically plant-like and support/substrate dependent.","Coordinates are normalized block-local [x,y,z] in 0..1, with y vertical. Cross-plane geometry: two near-zero-thickness quads cross diagonally through the block center, usually spanning most of y=0..1. The visible silhouette comes from transparent texture pixels, not from cuboid volume; placement normally depends on ground or substrate support.",#8B9570,139,149,112,1.000,,,none,,1,1,no,minecraft:block/potted_lily_of_the_valley,flower_pot_cross,minecraft:block/dirt;minecraft:block/flower_pot;minecraft:block/lily_of_the_valley,medium,
minecraft:potted_mangrove_propagule,irregular_self_supporting,irregular_model,self_supporting_geometry,Irregular non-cube geometry that can be used as a standalone placed form.,"Coordinates are normalized block-local [x,y,z] in 0..1, with y vertical. Irregular model geometry resolved from block models. Representative normalized cuboids/planes: minecraft:block/potted_mangrove_propagule -> 9 elements: [0.2813,0.5625,0.5]-[0.7188,0.9375,0.5] + [0.5,0.5625,0.2813]-[0.5,0.9375,0.7188] + [0.5,0,0.4375]-[0.5,0.5625,0.5625] + [0.4375,0,0.5]-[0.5625,0.5625,0.5] + [0.3125,0,0.3125]-[0.375,0.375,0.6875] + [0.625,0,0.3125]-[0.6875,0.375,0.6875] plus 3 more cuboids/planes. Orientation or count states rotate, swap, or combine these cuboids without making the block a full cube.",#737E46,115,126,70,1.000,,,none,,1,1,no,minecraft:block/potted_mangrove_propagule,,minecraft:block/dirt;minecraft:block/flower_pot;minecraft:block/mangrove_propagule,medium,
minecraft:potted_oak_sapling,irregular_dependent,cross_planes,dependent_on_support_or_counterpart,"Irregular crossed flat planes with transparent cutout texture, typically plant-like and support/substrate dependent.","Coordinates are normalized block-local [x,y,z] in 0..1, with y vertical. Cross-plane geometry: two near-zero-thickness quads cross diagonally through the block center, usually spanning most of y=0..1. The visible silhouette comes from transparent texture pixels, not from cuboid volume; placement normally depends on ground or substrate support.",#666530,102,101,48,1.000,,,none,,1,1,no,minecraft:block/potted_oak_sapling,flower_pot_cross,minecraft:block/dirt;minecraft:block/flower_pot;minecraft:block/oak_sapling,medium,
minecraft:potted_open_eyeblossom,irregular_dependent,cross_planes,dependent_on_support_or_counterpart,"Irregular crossed flat planes with transparent cutout texture, typically plant-like and support/substrate dependent.","Coordinates are normalized block-local [x,y,z] in 0..1, with y vertical. Cross-plane geometry: two near-zero-thickness quads cross diagonally through the block center, usually spanning most of y=0..1. The visible silhouette comes from transparent texture pixels, not from cuboid volume; placement normally depends on ground or substrate support.",#BA8367,186,131,103,1.000,,,none,,1,1,no,minecraft:block/potted_open_eyeblossom,flower_pot_cross_emissive,minecraft:block/dirt;minecraft:block/flower_pot;minecraft:block/open_eyeblossom;minecraft:block/open_eyeblossom_emissive,medium,
minecraft:potted_orange_tulip,irregular_dependent,cross_planes,dependent_on_support_or_counterpart,"Irregular crossed flat planes with transparent cutout texture, typically plant-like and support/substrate dependent.","Coordinates are normalized block-local [x,y,z] in 0..1, with y vertical. Cross-plane geometry: two near-zero-thickness quads cross diagonally through the block center, usually spanning most of y=0..1. The visible silhouette comes from transparent texture pixels, not from cuboid volume; placement normally depends on ground or substrate support.",#7B792C,123,121,44,1.000,,,none,,1,1,no,minecraft:block/potted_orange_tulip,flower_pot_cross,minecraft:block/dirt;minecraft:block/flower_pot;minecraft:block/orange_tulip,medium,
minecraft:potted_oxeye_daisy,irregular_dependent,cross_planes,dependent_on_support_or_counterpart,"Irregular crossed flat planes with transparent cutout texture, typically plant-like and support/substrate dependent.","Coordinates are normalized block-local [x,y,z] in 0..1, with y vertical. Cross-plane geometry: two near-zero-thickness quads cross diagonally through the block center, usually spanning most of y=0..1. The visible silhouette comes from transparent texture pixels, not from cuboid volume; placement normally depends on ground or substrate support.",#AFAA92,175,170,146,1.000,,,none,,1,1,no,minecraft:block/potted_oxeye_daisy,flower_pot_cross,minecraft:block/dirt;minecraft:block/flower_pot;minecraft:block/oxeye_daisy,medium,
minecraft:potted_pale_oak_sapling,irregular_dependent,cross_planes,dependent_on_support_or_counterpart,"Irregular crossed flat planes with transparent cutout texture, typically plant-like and support/substrate dependent.","Coordinates are normalized block-local [x,y,z] in 0..1, with y vertical. Cross-plane geometry: two near-zero-thickness quads cross diagonally through the block center, usually spanning most of y=0..1. The visible silhouette comes from transparent texture pixels, not from cuboid volume; placement normally depends on ground or substrate support.",#766158,118,97,88,1.000,,,none,,1,1,no,minecraft:block/potted_pale_oak_sapling,flower_pot_cross,minecraft:block/dirt;minecraft:block/flower_pot;minecraft:block/pale_oak_sapling,medium,
minecraft:potted_pink_tulip,irregular_dependent,cross_planes,dependent_on_support_or_counterpart,"Irregular crossed flat planes with transparent cutout texture, typically plant-like and support/substrate dependent.","Coordinates are normalized block-local [x,y,z] in 0..1, with y vertical. Cross-plane geometry: two near-zero-thickness quads cross diagonally through the block center, usually spanning most of y=0..1. The visible silhouette comes from transparent texture pixels, not from cuboid volume; placement normally depends on ground or substrate support.",#80866B,128,134,107,1.000,,,none,,1,1,no,minecraft:block/potted_pink_tulip,flower_pot_cross,minecraft:block/dirt;minecraft:block/flower_pot;minecraft:block/pink_tulip,medium,
minecraft:potted_poppy,irregular_dependent,cross_planes,dependent_on_support_or_counterpart,"Irregular crossed flat planes with transparent cutout texture, typically plant-like and support/substrate dependent.","Coordinates are normalized block-local [x,y,z] in 0..1, with y vertical. Cross-plane geometry: two near-zero-thickness quads cross diagonally through the block center, usually spanning most of y=0..1. The visible silhouette comes from transparent texture pixels, not from cuboid volume; placement normally depends on ground or substrate support.",#92482D,146,72,45,1.000,,,none,,1,1,no,minecraft:block/potted_poppy,flower_pot_cross,minecraft:block/dirt;minecraft:block/flower_pot;minecraft:block/poppy,medium,
minecraft:potted_red_mushroom,irregular_dependent,cross_planes,dependent_on_support_or_counterpart,"Irregular crossed flat planes with transparent cutout texture, typically plant-like and support/substrate dependent.","Coordinates are normalized block-local [x,y,z] in 0..1, with y vertical. Cross-plane geometry: two near-zero-thickness quads cross diagonally through the block center, usually spanning most of y=0..1. The visible silhouette comes from transparent texture pixels, not from cuboid volume; placement normally depends on ground or substrate support.",#BD6354,189,99,84,1.000,,,none,,1,1,no,minecraft:block/potted_red_mushroom,flower_pot_cross,minecraft:block/dirt;minecraft:block/flower_pot;minecraft:block/red_mushroom,medium,
minecraft:potted_red_tulip,irregular_dependent,cross_planes,dependent_on_support_or_counterpart,"Irregular crossed flat planes with transparent cutout texture, typically plant-like and support/substrate dependent.","Coordinates are normalized block-local [x,y,z] in 0..1, with y vertical. Cross-plane geometry: two near-zero-thickness quads cross diagonally through the block center, usually spanning most of y=0..1. The visible silhouette comes from transparent texture pixels, not from cuboid volume; placement normally depends on ground or substrate support.",#76742D,118,116,45,1.000,,,none,,1,1,no,minecraft:block/potted_red_tulip,flower_pot_cross,minecraft:block/dirt;minecraft:block/flower_pot;minecraft:block/red_tulip,medium,
minecraft:potted_spruce_sapling,irregular_dependent,cross_planes,dependent_on_support_or_counterpart,"Irregular crossed flat planes with transparent cutout texture, typically plant-like and support/substrate dependent.","Coordinates are normalized block-local [x,y,z] in 0..1, with y vertical. Cross-plane geometry: two near-zero-thickness quads cross diagonally through the block center, usually spanning most of y=0..1. The visible silhouette comes from transparent texture pixels, not from cuboid volume; placement normally depends on ground or substrate support.",#58432E,88,67,46,1.000,,,none,,1,1,no,minecraft:block/potted_spruce_sapling,flower_pot_cross,minecraft:block/dirt;minecraft:block/flower_pot;minecraft:block/spruce_sapling,medium,
minecraft:potted_torchflower,irregular_dependent,cross_planes,dependent_on_support_or_counterpart,"Irregular crossed flat planes with transparent cutout texture, typically plant-like and support/substrate dependent.","Coordinates are normalized block-local [x,y,z] in 0..1, with y vertical. Cross-plane geometry: two near-zero-thickness quads cross diagonally through the block center, usually spanning most of y=0..1. The visible silhouette comes from transparent texture pixels, not from cuboid volume; placement normally depends on ground or substrate support.",#84644A,132,100,74,1.000,,,none,vegetation;light_source,1,1,no,minecraft:block/potted_torchflower,flower_pot_cross,minecraft:block/dirt;minecraft:block/flower_pot;minecraft:block/torchflower,medium,
minecraft:potted_warped_fungus,irregular_dependent,cross_planes,dependent_on_support_or_counterpart,"Irregular crossed flat planes with transparent cutout texture, typically plant-like and support/substrate dependent.","Coordinates are normalized block-local [x,y,z] in 0..1, with y vertical. Cross-plane geometry: two near-zero-thickness quads cross diagonally through the block center, usually spanning most of y=0..1. The visible silhouette comes from transparent texture pixels, not from cuboid volume; placement normally depends on ground or substrate support.",#796956,121,105,86,1.000,,,none,,1,1,no,minecraft:block/potted_warped_fungus,flower_pot_cross,minecraft:block/dirt;minecraft:block/flower_pot;minecraft:block/warped_fungus,medium,
minecraft:potted_warped_roots,irregular_dependent,cross_planes,dependent_on_support_or_counterpart,"Irregular crossed flat planes with transparent cutout texture, typically plant-like and support/substrate dependent.","Coordinates are normalized block-local [x,y,z] in 0..1, with y vertical. Cross-plane geometry: two near-zero-thickness quads cross diagonally through the block center, usually spanning most of y=0..1. The visible silhouette comes from transparent texture pixels, not from cuboid volume; placement normally depends on ground or substrate support.",#537768,83,119,104,1.000,,,none,vegetation,1,1,no,minecraft:block/potted_warped_roots,flower_pot_cross,minecraft:block/dirt;minecraft:block/flower_pot;minecraft:block/warped_roots_pot,medium,
minecraft:potted_white_tulip,irregular_dependent,cross_planes,dependent_on_support_or_counterpart,"Irregular crossed flat planes with transparent cutout texture, typically plant-like and support/substrate dependent.","Coordinates are normalized block-local [x,y,z] in 0..1, with y vertical. Cross-plane geometry: two near-zero-thickness quads cross diagonally through the block center, usually spanning most of y=0..1. The visible silhouette comes from transparent texture pixels, not from cuboid volume; placement normally depends on ground or substrate support.",#788C5E,120,140,94,1.000,,,none,,1,1,no,minecraft:block/potted_white_tulip,flower_pot_cross,minecraft:block/dirt;minecraft:block/flower_pot;minecraft:block/white_tulip,medium,
minecraft:potted_wither_rose,irregular_dependent,cross_planes,dependent_on_support_or_counterpart,"Irregular crossed flat planes with transparent cutout texture, typically plant-like and support/substrate dependent.","Coordinates are normalized block-local [x,y,z] in 0..1, with y vertical. Cross-plane geometry: two near-zero-thickness quads cross diagonally through the block center, usually spanning most of y=0..1. The visible silhouette comes from transparent texture pixels, not from cuboid volume; placement normally depends on ground or substrate support.",#573A28,87,58,40,1.000,,,none,,1,1,no,minecraft:block/potted_wither_rose,flower_pot_cross,minecraft:block/dirt;minecraft:block/flower_pot;minecraft:block/wither_rose,medium,
minecraft:powder_snow,full_cube_same_faces,full_cube,self_supporting_geometry,"Full cube [0,0,0]-[1,1,1] with same visual treatment on all six exterior faces.","Coordinates are normalized block-local [x,y,z] in 0..1, with y vertical. Occupies the entire voxel [0,0,0]-[1,1,1]. All six exterior faces are present; color differences, if any, are texture/face differences rather than geometry differences.",#F8FDFD,248,253,253,1.000,down=#F8FDFD;up=#F8FDFD;north=#F8FDFD;south=#F8FDFD;west=#F8FDFD;east=#F8FDFD,,none,light;neutral,1,1,no,minecraft:block/powder_snow,block,minecraft:block/powder_snow,medium,
minecraft:powder_snow_cauldron,irregular_dependent,open_basin,dependent_on_support_or_counterpart,Irregular open container/basin shape with visible rim and hollow center.,"Coordinates are normalized block-local [x,y,z] in 0..1, with y vertical. Open basin/container geometry: a hollow or visually hollow container with side walls and rim around the top, leaving the central upper volume open. Fill-level states, when present, add or remove interior contents without changing the outer footprint much.",#4E5449,78,84,73,1.000,,,plains_grass_assumed,neutral,3,3,no,minecraft:block/powder_snow_cauldron_full;minecraft:block/powder_snow_cauldron_level1;minecraft:block/powder_snow_cauldron_level2,template_cauldron_full;template_cauldron_level1;template_cauldron_level2,minecraft:block/cauldron_bottom;minecraft:block/cauldron_inner;minecraft:block/cauldron_side;minecraft:block/cauldron_top;minecraft:block/powder_snow,medium,Tinted textures use the plains biome approximation for color averaging. Average color is computed across the visible model variants referenced by this block.
minecraft:powered_rail,irregular_dependent,floor_rail,dependent_on_support_or_counterpart,Irregular low rail strips laid on a supporting block; shape/orientation changes by rail state.,"Coordinates are normalized block-local [x,y,z] in 0..1, with y vertical. Rail geometry is a very low, mostly planar track on the supporting block. Flat states lie close to y=0 with thin strips across the footprint; ascending states raise one end toward the neighboring block, making an inclined ramp-like strip. shape/facing values choose straight, corner, or ascending orientation.",#9C7E5E,156,126,94,1.000,,,none,,6,12,yes,minecraft:block/powered_rail;minecraft:block/powered_rail_on;minecraft:block/powered_rail_on_raised_ne;minecraft:block/powered_rail_on_raised_sw;minecraft:block/powered_rail_raised_ne;minecraft:block/powered_rail_raised_sw,rail_flat;template_rail_raised_ne;template_rail_raised_sw,minecraft:block/powered_rail;minecraft:block/powered_rail_on,medium,Average color is computed across the visible model variants referenced by this block.
minecraft:prismarine,full_cube_same_faces,full_cube,self_supporting_geometry,"Full cube [0,0,0]-[1,1,1] with same visual treatment on all six exterior faces.","Coordinates are normalized block-local [x,y,z] in 0..1, with y vertical. Occupies the entire voxel [0,0,0]-[1,1,1]. All six exterior faces are present; color differences, if any, are texture/face differences rather than geometry differences.",#69A09B,105,160,155,1.000,down=#69A09B;up=#69A09B;north=#69A09B;south=#69A09B;west=#69A09B;east=#69A09B,,none,,1,1,no,minecraft:block/prismarine,block;cube;cube_all,minecraft:block/prismarine,medium,
minecraft:prismarine_brick_slab,slab,slab,self_supporting_geometry,Half-height or full-height rectangular prism selected by slab type.,"Coordinates are normalized block-local [x,y,z] in 0..1, with y vertical. type=bottom occupies [0,0,0]-[1,0.5,1]. type=top occupies [0,0.5,0]-[1,1,1]. type=double is a full cube [0,0,0]-[1,1,1]. Single-slab states are exactly half-height rectangular prisms.",#66ADA1,102,173,161,1.000,,,none,brick;architectural_shape,3,3,no,minecraft:block/prismarine_brick_slab;minecraft:block/prismarine_brick_slab_top;minecraft:block/prismarine_bricks,block;cube;cube_all;slab;slab_top,minecraft:block/prismarine_bricks,medium,Average color is computed across the visible model variants referenced by this block.
minecraft:prismarine_brick_stairs,stairs,stairs,self_supporting_geometry,"Step-shaped block: half-block base plus one or more quarter/half prisms; straight, inner-corner, and outer-corner variants.","Coordinates are normalized block-local [x,y,z] in 0..1, with y vertical. Stairs are a full 1x1x1 cube with step-shaped upper/lower half removed. For half=bottom, shape=straight occupies a full bottom half [0,0,0]-[1,0.5,1] plus one upper half-prism [0.5,0.5,0]-[1,1,1] in the canonical east-facing model, so the side profile is an L and the missing volume is a 0.5x0.5x1 prism; facing rotates that prism to north/east/south/west. half=top mirrors the geometry vertically, putting the full half at y=0.5..1 and the step/void in y=0..0.5. shape=inner_left/inner_right occupies the full lower (or upper, for half=top) half plus an L-shaped pair of 0.5x0.5x1 and 0.5x0.5x0.5 upper/lower prisms, leaving exactly one 0.5x0.5x0.5 corner void; left/right chooses the corner after the facing rotation. shape=outer_left/outer_right occupies the full half plus only one 0.5x0.5x0.5 corner prism in the opposite half, leaving the other three corner quarters empty; left/right chooses the retained corner after facing rotation.",#66ACA0,102,172,160,1.000,,,none,brick;architectural_shape,3,40,yes,minecraft:block/prismarine_brick_stairs;minecraft:block/prismarine_brick_stairs_inner;minecraft:block/prismarine_brick_stairs_outer,block;inner_stairs;outer_stairs;stairs,minecraft:block/prismarine_bricks,medium,Average color is computed across the visible model variants referenced by this block.
minecraft:prismarine_bricks,full_cube_same_faces,full_cube,self_supporting_geometry,"Full cube [0,0,0]-[1,1,1] with same visual treatment on all six exterior faces.","Coordinates are normalized block-local [x,y,z] in 0..1, with y vertical. Occupies the entire voxel [0,0,0]-[1,1,1]. All six exterior faces are present; color differences, if any, are texture/face differences rather than geometry differences.",#66ADA1,102,173,161,1.000,down=#66ADA1;up=#66ADA1;north=#66ADA1;south=#66ADA1;west=#66ADA1;east=#66ADA1,,none,brick,1,1,no,minecraft:block/prismarine_bricks,block;cube;cube_all,minecraft:block/prismarine_bricks,medium,
minecraft:prismarine_slab,slab,slab,self_supporting_geometry,Half-height or full-height rectangular prism selected by slab type.,"Coordinates are normalized block-local [x,y,z] in 0..1, with y vertical. type=bottom occupies [0,0,0]-[1,0.5,1]. type=top occupies [0,0.5,0]-[1,1,1]. type=double is a full cube [0,0,0]-[1,1,1]. Single-slab states are exactly half-height rectangular prisms.",#69A09B,105,160,155,1.000,,,none,architectural_shape,3,3,no,minecraft:block/prismarine;minecraft:block/prismarine_slab;minecraft:block/prismarine_slab_top,block;cube;cube_all;slab;slab_top,minecraft:block/prismarine,medium,Average color is computed across the visible model variants referenced by this block.
minecraft:prismarine_stairs,stairs,stairs,self_supporting_geometry,"Step-shaped block: half-block base plus one or more quarter/half prisms; straight, inner-corner, and outer-corner variants.","Coordinates are normalized block-local [x,y,z] in 0..1, with y vertical. Stairs are a full 1x1x1 cube with step-shaped upper/lower half removed. For half=bottom, shape=straight occupies a full bottom half [0,0,0]-[1,0.5,1] plus one upper half-prism [0.5,0.5,0]-[1,1,1] in the canonical east-facing model, so the side profile is an L and the missing volume is a 0.5x0.5x1 prism; facing rotates that prism to north/east/south/west. half=top mirrors the geometry vertically, putting the full half at y=0.5..1 and the step/void in y=0..0.5. shape=inner_left/inner_right occupies the full lower (or upper, for half=top) half plus an L-shaped pair of 0.5x0.5x1 and 0.5x0.5x0.5 upper/lower prisms, leaving exactly one 0.5x0.5x0.5 corner void; left/right chooses the corner after the facing rotation. shape=outer_left/outer_right occupies the full half plus only one 0.5x0.5x0.5 corner prism in the opposite half, leaving the other three corner quarters empty; left/right chooses the retained corner after facing rotation.",#6AA09B,106,160,155,1.000,,,none,architectural_shape,3,40,yes,minecraft:block/prismarine_stairs;minecraft:block/prismarine_stairs_inner;minecraft:block/prismarine_stairs_outer,block;inner_stairs;outer_stairs;stairs,minecraft:block/prismarine,medium,Average color is computed across the visible model variants referenced by this block.
minecraft:prismarine_wall,coarse_wall,masonry_wall,self_supporting_geometry,Thick multipart wall: optional center post plus low/tall side arms.,"Coordinates are normalized block-local [x,y,z] in 0..1, with y vertical. Thick wall states are multipart masonry geometry. up=true adds a center post [0.25,0,0.25]-[0.75,1,0.75]. For each of north/east/south/west: value=none adds no arm; value=low adds a thick arm from the post to that face, approximately 0.375 wide, 0.5 long, and 0.875 high; value=tall uses the same footprint but rises to full height y=1. Direction values rotate the canonical north arm [0.3125,0,0]-[0.6875,0.875 or 1,0.5].",#69A09B,105,160,155,1.000,,,none,architectural_shape,3,9,yes,minecraft:block/prismarine_wall_post;minecraft:block/prismarine_wall_side;minecraft:block/prismarine_wall_side_tall,template_wall_post;template_wall_side;template_wall_side_tall,minecraft:block/prismarine,medium,Average color is computed across the visible model variants referenced by this block.
minecraft:pumpkin,full_cube_same_faces,full_cube,self_supporting_geometry,"Full cube [0,0,0]-[1,1,1] with same visual treatment on all six exterior faces.","Coordinates are normalized block-local [x,y,z] in 0..1, with y vertical. Occupies the entire voxel [0,0,0]-[1,1,1]. All six exterior faces are present; color differences, if any, are texture/face differences rather than geometry differences.",#C8781E,200,120,30,1.000,down=#C97A1E;up=#C97A1E;north=#C7771D;south=#C7771D;west=#C7771D;east=#C7771D,,none,,1,1,no,minecraft:block/pumpkin,block;cube;cube_column,minecraft:block/pumpkin_side;minecraft:block/pumpkin_top,medium,
minecraft:pumpkin_stem,irregular_dependent,irregular_model,dependent_on_support_or_counterpart,"Irregular non-cube geometry that is expected to depend on a support block, substrate, or paired state.","Coordinates are normalized block-local [x,y,z] in 0..1, with y vertical. Irregular model geometry resolved from block models. Representative normalized cuboids/planes: minecraft:block/pumpkin_stem_stage0 -> 2 elements: [0,-0.0625,0.5]-[1,0.0625,0.5] + [0.5,-0.0625,0]-[0.5,0.0625,1] | minecraft:block/pumpkin_stem_stage1 -> 2 elements: [0,-0.0625,0.5]-[1,0.1875,0.5] + [0.5,-0.0625,0]-[0.5,0.1875,1] | minecraft:block/pumpkin_stem_stage2 -> 2 elements: [0,-0.0625,0.5]-[1,0.3125,0.5] + [0.5,-0.0625,0]-[0.5,0.3125,1]. Orientation or count states rotate, swap, or combine these cuboids without making the block a full cube.",#597437,89,116,55,1.000,,,plains_grass_assumed,wood,8,8,no,minecraft:block/pumpkin_stem_stage0;minecraft:block/pumpkin_stem_stage1;minecraft:block/pumpkin_stem_stage2;minecraft:block/pumpkin_stem_stage3;minecraft:block/pumpkin_stem_stage4;minecraft:block/pumpkin_stem_stage5;minecraft:block/pumpkin_stem_stage6;minecraft:block/pumpkin_stem_stage7,stem_growth0;stem_growth1;stem_growth2;stem_growth3;stem_growth4;stem_growth5;stem_growth6;stem_growth7,minecraft:block/pumpkin_stem,medium,Tinted textures use the plains biome approximation for color averaging. Average color is computed across the visible model variants referenced by this block.
minecraft:purple_banner,entity_block,entity_renderer,entity_or_block_entity_renderer,Special renderer/entity-style block; normal model geometry is not authoritative.,"Coordinates are normalized block-local [x,y,z] in 0..1, with y vertical. This block is rendered by an entity, block entity, or special renderer rather than by a normal solid block model. Treat its world geometry as renderer-defined; this CSV intentionally does not infer a precise color or cuboid mesh from the block model.",,,,,,,,none,,1,1,no,minecraft:block/banner,,,high,Average color intentionally omitted because this is handled by entity/block-entity rendering.
minecraft:purple_bed,entity_block,entity_renderer,entity_or_block_entity_renderer,Special renderer/entity-style block; normal model geometry is not authoritative.,"Coordinates are normalized block-local [x,y,z] in 0..1, with y vertical. This block is rendered by an entity, block entity, or special renderer rather than by a normal solid block model. Treat its world geometry as renderer-defined; this CSV intentionally does not infer a precise color or cuboid mesh from the block model.",,,,,,,,none,,1,1,no,minecraft:block/bed,,,high,Average color intentionally omitted because this is handled by entity/block-entity rendering.
minecraft:purple_candle,irregular_dependent,irregular_model,dependent_on_support_or_counterpart,"Irregular non-cube geometry that is expected to depend on a support block, substrate, or paired state.","Coordinates are normalized block-local [x,y,z] in 0..1, with y vertical. Candle geometry is one to four slim vertical candle rods on the top surface. candles=1..4 changes the number and offsets of rods; lit=true adds flame rendering without changing the wax body geometry.",#75259E,117,37,158,1.000,,,none,,8,8,no,minecraft:block/purple_candle_four_candles;minecraft:block/purple_candle_four_candles_lit;minecraft:block/purple_candle_one_candle;minecraft:block/purple_candle_one_candle_lit;minecraft:block/purple_candle_three_candles;minecraft:block/purple_candle_three_candles_lit;minecraft:block/purple_candle_two_candles;minecraft:block/purple_candle_two_candles_lit,block;template_candle;template_four_candles;template_three_candles;template_two_candles,minecraft:block/purple_candle;minecraft:block/purple_candle_lit,medium,Average color is computed across the visible model variants referenced by this block.
minecraft:purple_candle_cake,irregular_dependent,irregular_model,dependent_on_support_or_counterpart,"Irregular non-cube geometry that is expected to depend on a support block, substrate, or paired state.","Coordinates are normalized block-local [x,y,z] in 0..1, with y vertical. Candle geometry is one to four slim vertical candle rods on the top surface. candles=1..4 changes the number and offsets of rods; lit=true adds flame rendering without changing the wax body geometry.",#C9ABA3,201,171,163,1.000,,,none,,2,2,no,minecraft:block/purple_candle_cake;minecraft:block/purple_candle_cake_lit,template_cake_with_candle,minecraft:block/cake_bottom;minecraft:block/cake_side;minecraft:block/cake_top;minecraft:block/purple_candle;minecraft:block/purple_candle_lit,medium,Average color is computed across the visible model variants referenced by this block.
minecraft:purple_carpet,irregular_dependent,thin_floor_layer,dependent_on_support_or_counterpart,Irregular very thin floor layer placed on a supporting surface.,"Coordinates are normalized block-local [x,y,z] in 0..1, with y vertical. Thin floor-layer geometry: a flat sheet on top of a supporting block, usually around 0.0625 block thick, occupying most or all of the x/z footprint while leaving almost the entire voxel empty.",#7B2BAD,123,43,173,1.000,,,none,fabric,1,1,no,minecraft:block/purple_carpet,block;carpet;thin_block,minecraft:block/purple_wool,medium,
minecraft:purple_concrete,full_cube_same_faces,full_cube,self_supporting_geometry,"Full cube [0,0,0]-[1,1,1] with same visual treatment on all six exterior faces.","Coordinates are normalized block-local [x,y,z] in 0..1, with y vertical. Occupies the entire voxel [0,0,0]-[1,1,1]. All six exterior faces are present; color differences, if any, are texture/face differences rather than geometry differences.",#64209C,100,32,156,1.000,down=#64209C;up=#64209C;north=#64209C;south=#64209C;west=#64209C;east=#64209C,,none,concrete,1,1,no,minecraft:block/purple_concrete,block;cube;cube_all,minecraft:block/purple_concrete,medium,
minecraft:purple_concrete_powder,full_cube_same_faces,full_cube,self_supporting_geometry,"Full cube [0,0,0]-[1,1,1] with same visual treatment on all six exterior faces.","Coordinates are normalized block-local [x,y,z] in 0..1, with y vertical. Occupies the entire voxel [0,0,0]-[1,1,1]. All six exterior faces are present; color differences, if any, are texture/face differences rather than geometry differences.",#8438B2,132,56,178,1.000,down=#8438B2;up=#8438B2;north=#8438B2;south=#8438B2;west=#8438B2;east=#8438B2,,none,concrete,1,4,yes,minecraft:block/purple_concrete_powder,block;cube;cube_all,minecraft:block/purple_concrete_powder,medium,
minecraft:purple_glazed_terracotta,full_cube_same_faces,full_cube,self_supporting_geometry,"Full cube [0,0,0]-[1,1,1] with same visual treatment on all six exterior faces.","Coordinates are normalized block-local [x,y,z] in 0..1, with y vertical. Occupies the entire voxel [0,0,0]-[1,1,1]. All six exterior faces are present; color differences, if any, are texture/face differences rather than geometry differences.",#7633A4,118,51,164,1.000,down=#7633A4;up=#7633A4;north=#7633A4;south=#7633A4;west=#7633A4;east=#7633A4,,none,ceramic,1,4,yes,minecraft:block/purple_glazed_terracotta,block;cube;template_glazed_terracotta,minecraft:block/purple_glazed_terracotta,medium,
minecraft:purple_shulker_box,entity_block,entity_renderer,entity_or_block_entity_renderer,Special renderer/entity-style block; normal model geometry is not authoritative.,"Coordinates are normalized block-local [x,y,z] in 0..1, with y vertical. This block is rendered by an entity, block entity, or special renderer rather than by a normal solid block model. Treat its world geometry as renderer-defined; this CSV intentionally does not infer a precise color or cuboid mesh from the block model.",,,,,,,,none,,1,1,no,minecraft:block/purple_shulker_box,,,high,Average color intentionally omitted because this is handled by entity/block-entity rendering.
minecraft:purple_stained_glass,full_cube_same_faces,full_cube,self_supporting_geometry,"Full cube [0,0,0]-[1,1,1] with same visual treatment on all six exterior faces.","Coordinates are normalized block-local [x,y,z] in 0..1, with y vertical. Occupies the entire voxel [0,0,0]-[1,1,1]. All six exterior faces are present; color differences, if any, are texture/face differences rather than geometry differences.",#7F3FB2,127,63,178,0.460,down=#7F3FB2;up=#7F3FB2;north=#7F3FB2;south=#7F3FB2;west=#7F3FB2;east=#7F3FB2,,none,glass,1,1,no,minecraft:block/purple_stained_glass,block;cube;cube_all,minecraft:block/purple_stained_glass,medium,
minecraft:purple_stained_glass_pane,thin_wall,thin_pane,self_supporting_geometry,"Narrow multipart connector: thin post, pane, bar, fence, or gate segments.","Coordinates are normalized block-local [x,y,z] in 0..1, with y vertical. Pane/bar geometry is a thin vertical connector system. A central post/cap sits near [0.4375,0,0.4375]-[0.5625,1,0.5625]. Each north/east/south/west=true side adds a thin vertical pane/bar from the center to that face; false omits that side. Single-connection states add end caps so the exposed edge has thickness.",#7D3EAE,125,62,174,0.575,,,none,glass;architectural_shape,5,9,yes,minecraft:block/purple_stained_glass_pane_noside;minecraft:block/purple_stained_glass_pane_noside_alt;minecraft:block/purple_stained_glass_pane_post;minecraft:block/purple_stained_glass_pane_side;minecraft:block/purple_stained_glass_pane_side_alt,template_glass_pane_noside;template_glass_pane_noside_alt;template_glass_pane_post;template_glass_pane_side;template_glass_pane_side_alt,minecraft:block/purple_stained_glass;minecraft:block/purple_stained_glass_pane_top,medium,Average color is computed across the visible model variants referenced by this block.
minecraft:purple_terracotta,full_cube_same_faces,full_cube,self_supporting_geometry,"Full cube [0,0,0]-[1,1,1] with same visual treatment on all six exterior faces.","Coordinates are normalized block-local [x,y,z] in 0..1, with y vertical. Occupies the entire voxel [0,0,0]-[1,1,1]. All six exterior faces are present; color differences, if any, are texture/face differences rather than geometry differences.",#764656,118,70,86,1.000,down=#764656;up=#764656;north=#764656;south=#764656;west=#764656;east=#764656,,none,ceramic,1,1,no,minecraft:block/purple_terracotta,block;cube;cube_all,minecraft:block/purple_terracotta,medium,
minecraft:purple_wall_banner,entity_block,entity_renderer,entity_or_block_entity_renderer,Special renderer/entity-style block; normal model geometry is not authoritative.,"Coordinates are normalized block-local [x,y,z] in 0..1, with y vertical. This block is rendered by an entity, block entity, or special renderer rather than by a normal solid block model. Treat its world geometry as renderer-defined; this CSV intentionally does not infer a precise color or cuboid mesh from the block model.",,,,,,,,none,,1,1,no,minecraft:block/banner,,,high,Average color intentionally omitted because this is handled by entity/block-entity rendering.
minecraft:purple_wool,full_cube_same_faces,full_cube,self_supporting_geometry,"Full cube [0,0,0]-[1,1,1] with same visual treatment on all six exterior faces.","Coordinates are normalized block-local [x,y,z] in 0..1, with y vertical. Occupies the entire voxel [0,0,0]-[1,1,1]. All six exterior faces are present; color differences, if any, are texture/face differences rather than geometry differences.",#7B2BAD,123,43,173,1.000,down=#7B2BAD;up=#7B2BAD;north=#7B2BAD;south=#7B2BAD;west=#7B2BAD;east=#7B2BAD,,none,fabric,1,1,no,minecraft:block/purple_wool,block;cube;cube_all,minecraft:block/purple_wool,medium,
minecraft:purpur_block,full_cube_same_faces,full_cube,self_supporting_geometry,"Full cube [0,0,0]-[1,1,1] with same visual treatment on all six exterior faces.","Coordinates are normalized block-local [x,y,z] in 0..1, with y vertical. Occupies the entire voxel [0,0,0]-[1,1,1]. All six exterior faces are present; color differences, if any, are texture/face differences rather than geometry differences.",#AB80AB,171,128,171,1.000,down=#AB80AB;up=#AB80AB;north=#AB80AB;south=#AB80AB;west=#AB80AB;east=#AB80AB,,none,,1,1,no,minecraft:block/purpur_block,block;cube;cube_all,minecraft:block/purpur_block,medium,
minecraft:purpur_pillar,full_cube_same_faces,full_cube,self_supporting_geometry,"Full cube [0,0,0]-[1,1,1] with same visual treatment on all six exterior faces.","Coordinates are normalized block-local [x,y,z] in 0..1, with y vertical. Occupies the entire voxel [0,0,0]-[1,1,1]. All six exterior faces are present; color differences, if any, are texture/face differences rather than geometry differences.",#AD83AD,173,131,173,1.000,down=#AD82AC;up=#AD82AC;north=#AD84AD;south=#AD84AD;west=#AD84AD;east=#AD84AD,,none,,2,3,yes,minecraft:block/purpur_pillar;minecraft:block/purpur_pillar_horizontal,block;cube;cube_column;cube_column_horizontal,minecraft:block/purpur_pillar;minecraft:block/purpur_pillar_top,medium,Average color is computed across the visible model variants referenced by this block.
minecraft:purpur_slab,slab,slab,self_supporting_geometry,Half-height or full-height rectangular prism selected by slab type.,"Coordinates are normalized block-local [x,y,z] in 0..1, with y vertical. type=bottom occupies [0,0,0]-[1,0.5,1]. type=top occupies [0,0.5,0]-[1,1,1]. type=double is a full cube [0,0,0]-[1,1,1]. Single-slab states are exactly half-height rectangular prisms.",#AB80AB,171,128,171,1.000,,,none,architectural_shape,3,3,no,minecraft:block/purpur_block;minecraft:block/purpur_slab;minecraft:block/purpur_slab_top,block;cube;cube_all;slab;slab_top,minecraft:block/purpur_block,medium,Average color is computed across the visible model variants referenced by this block.
minecraft:purpur_stairs,stairs,stairs,self_supporting_geometry,"Step-shaped block: half-block base plus one or more quarter/half prisms; straight, inner-corner, and outer-corner variants.","Coordinates are normalized block-local [x,y,z] in 0..1, with y vertical. Stairs are a full 1x1x1 cube with step-shaped upper/lower half removed. For half=bottom, shape=straight occupies a full bottom half [0,0,0]-[1,0.5,1] plus one upper half-prism [0.5,0.5,0]-[1,1,1] in the canonical east-facing model, so the side profile is an L and the missing volume is a 0.5x0.5x1 prism; facing rotates that prism to north/east/south/west. half=top mirrors the geometry vertically, putting the full half at y=0.5..1 and the step/void in y=0..0.5. shape=inner_left/inner_right occupies the full lower (or upper, for half=top) half plus an L-shaped pair of 0.5x0.5x1 and 0.5x0.5x0.5 upper/lower prisms, leaving exactly one 0.5x0.5x0.5 corner void; left/right chooses the corner after the facing rotation. shape=outer_left/outer_right occupies the full half plus only one 0.5x0.5x0.5 corner prism in the opposite half, leaving the other three corner quarters empty; left/right chooses the retained corner after facing rotation.",#AB80AA,171,128,170,1.000,,,none,architectural_shape,3,40,yes,minecraft:block/purpur_stairs;minecraft:block/purpur_stairs_inner;minecraft:block/purpur_stairs_outer,block;inner_stairs;outer_stairs;stairs,minecraft:block/purpur_block,medium,Average color is computed across the visible model variants referenced by this block.
minecraft:quartz_block,full_cube_same_faces,full_cube,self_supporting_geometry,"Full cube [0,0,0]-[1,1,1] with same visual treatment on all six exterior faces.","Coordinates are normalized block-local [x,y,z] in 0..1, with y vertical. Occupies the entire voxel [0,0,0]-[1,1,1]. All six exterior faces are present; color differences, if any, are texture/face differences rather than geometry differences.",#ECE6DF,236,230,223,1.000,down=#ECE6DF;up=#ECE6DF;north=#ECE6DF;south=#ECE6DF;west=#ECE6DF;east=#ECE6DF,,none,light;neutral,1,1,no,minecraft:block/quartz_block,block;cube;cube_column,minecraft:block/quartz_block_side;minecraft:block/quartz_block_top,medium,
minecraft:quartz_bricks,full_cube_same_faces,full_cube,self_supporting_geometry,"Full cube [0,0,0]-[1,1,1] with same visual treatment on all six exterior faces.","Coordinates are normalized block-local [x,y,z] in 0..1, with y vertical. Occupies the entire voxel [0,0,0]-[1,1,1]. All six exterior faces are present; color differences, if any, are texture/face differences rather than geometry differences.",#EBE5DE,235,229,222,1.000,down=#EBE5DE;up=#EBE5DE;north=#EBE5DE;south=#EBE5DE;west=#EBE5DE;east=#EBE5DE,,none,brick;light;neutral,1,1,no,minecraft:block/quartz_bricks,block;cube;cube_all,minecraft:block/quartz_bricks,medium,
minecraft:quartz_pillar,full_cube_same_faces,full_cube,self_supporting_geometry,"Full cube [0,0,0]-[1,1,1] with same visual treatment on all six exterior faces.","Coordinates are normalized block-local [x,y,z] in 0..1, with y vertical. Occupies the entire voxel [0,0,0]-[1,1,1]. All six exterior faces are present; color differences, if any, are texture/face differences rather than geometry differences.",#EBE7E0,235,231,224,1.000,down=#EBE6DF;up=#EBE6DF;north=#ECE7E0;south=#ECE7E0;west=#ECE7E0;east=#ECE7E0,,none,light;neutral,2,3,yes,minecraft:block/quartz_pillar;minecraft:block/quartz_pillar_horizontal,block;cube;cube_column;cube_column_horizontal,minecraft:block/quartz_pillar;minecraft:block/quartz_pillar_top,medium,Average color is computed across the visible model variants referenced by this block.
minecraft:quartz_slab,slab,slab,self_supporting_geometry,Half-height or full-height rectangular prism selected by slab type.,"Coordinates are normalized block-local [x,y,z] in 0..1, with y vertical. type=bottom occupies [0,0,0]-[1,0.5,1]. type=top occupies [0,0.5,0]-[1,1,1]. type=double is a full cube [0,0,0]-[1,1,1]. Single-slab states are exactly half-height rectangular prisms.",#ECE6DF,236,230,223,1.000,,,none,architectural_shape;light;neutral,3,3,no,minecraft:block/quartz_block;minecraft:block/quartz_slab;minecraft:block/quartz_slab_top,block;cube;cube_column;slab;slab_top,minecraft:block/quartz_block_side;minecraft:block/quartz_block_top,medium,Average color is computed across the visible model variants referenced by this block.
minecraft:quartz_stairs,stairs,stairs,self_supporting_geometry,"Step-shaped block: half-block base plus one or more quarter/half prisms; straight, inner-corner, and outer-corner variants.","Coordinates are normalized block-local [x,y,z] in 0..1, with y vertical. Stairs are a full 1x1x1 cube with step-shaped upper/lower half removed. For half=bottom, shape=straight occupies a full bottom half [0,0,0]-[1,0.5,1] plus one upper half-prism [0.5,0.5,0]-[1,1,1] in the canonical east-facing model, so the side profile is an L and the missing volume is a 0.5x0.5x1 prism; facing rotates that prism to north/east/south/west. half=top mirrors the geometry vertically, putting the full half at y=0.5..1 and the step/void in y=0..0.5. shape=inner_left/inner_right occupies the full lower (or upper, for half=top) half plus an L-shaped pair of 0.5x0.5x1 and 0.5x0.5x0.5 upper/lower prisms, leaving exactly one 0.5x0.5x0.5 corner void; left/right chooses the corner after the facing rotation. shape=outer_left/outer_right occupies the full half plus only one 0.5x0.5x0.5 corner prism in the opposite half, leaving the other three corner quarters empty; left/right chooses the retained corner after facing rotation.",#ECE6DF,236,230,223,1.000,,,none,architectural_shape;light;neutral,3,40,yes,minecraft:block/quartz_stairs;minecraft:block/quartz_stairs_inner;minecraft:block/quartz_stairs_outer,block;inner_stairs;outer_stairs;stairs,minecraft:block/quartz_block_side;minecraft:block/quartz_block_top,medium,Average color is computed across the visible model variants referenced by this block.
minecraft:rail,irregular_dependent,floor_rail,dependent_on_support_or_counterpart,Irregular low rail strips laid on a supporting block; shape/orientation changes by rail state.,"Coordinates are normalized block-local [x,y,z] in 0..1, with y vertical. Rail geometry is a very low, mostly planar track on the supporting block. Flat states lie close to y=0 with thin strips across the footprint; ascending states raise one end toward the neighboring block, making an inclined ramp-like strip. shape/facing values choose straight, corner, or ascending orientation.",#837666,131,118,102,1.000,,,none,,4,10,yes,minecraft:block/rail;minecraft:block/rail_corner;minecraft:block/rail_raised_ne;minecraft:block/rail_raised_sw,rail_curved;rail_flat;template_rail_raised_ne;template_rail_raised_sw,minecraft:block/rail;minecraft:block/rail_corner,medium,Average color is computed across the visible model variants referenced by this block.
minecraft:raw_copper_block,full_cube_same_faces,full_cube,self_supporting_geometry,"Full cube [0,0,0]-[1,1,1] with same visual treatment on all six exterior faces.","Coordinates are normalized block-local [x,y,z] in 0..1, with y vertical. Occupies the entire voxel [0,0,0]-[1,1,1]. All six exterior faces are present; color differences, if any, are texture/face differences rather than geometry differences.",#A36D53,163,109,83,1.000,down=#A36D53;up=#A36D53;north=#A36D53;south=#A36D53;west=#A36D53;east=#A36D53,,none,copper,1,1,no,minecraft:block/raw_copper_block,block;cube;cube_all,minecraft:block/raw_copper_block,medium,
minecraft:raw_gold_block,full_cube_same_faces,full_cube,self_supporting_geometry,"Full cube [0,0,0]-[1,1,1] with same visual treatment on all six exterior faces.","Coordinates are normalized block-local [x,y,z] in 0..1, with y vertical. Occupies the entire voxel [0,0,0]-[1,1,1]. All six exterior faces are present; color differences, if any, are texture/face differences rather than geometry differences.",#E0B03E,224,176,62,1.000,down=#E0B03E;up=#E0B03E;north=#E0B03E;south=#E0B03E;west=#E0B03E;east=#E0B03E,,none,,1,1,no,minecraft:block/raw_gold_block,block;cube;cube_all,minecraft:block/raw_gold_block,medium,
minecraft:raw_iron_block,full_cube_same_faces,full_cube,self_supporting_geometry,"Full cube [0,0,0]-[1,1,1] with same visual treatment on all six exterior faces.","Coordinates are normalized block-local [x,y,z] in 0..1, with y vertical. Occupies the entire voxel [0,0,0]-[1,1,1]. All six exterior faces are present; color differences, if any, are texture/face differences rather than geometry differences.",#AC8D74,172,141,116,1.000,down=#AC8D74;up=#AC8D74;north=#AC8D74;south=#AC8D74;west=#AC8D74;east=#AC8D74,,none,,1,1,no,minecraft:block/raw_iron_block,block;cube;cube_all,minecraft:block/raw_iron_block,medium,
minecraft:red_banner,entity_block,entity_renderer,entity_or_block_entity_renderer,Special renderer/entity-style block; normal model geometry is not authoritative.,"Coordinates are normalized block-local [x,y,z] in 0..1, with y vertical. This block is rendered by an entity, block entity, or special renderer rather than by a normal solid block model. Treat its world geometry as renderer-defined; this CSV intentionally does not infer a precise color or cuboid mesh from the block model.",,,,,,,,none,,1,1,no,minecraft:block/banner,,,high,Average color intentionally omitted because this is handled by entity/block-entity rendering.
minecraft:red_bed,entity_block,entity_renderer,entity_or_block_entity_renderer,Special renderer/entity-style block; normal model geometry is not authoritative.,"Coordinates are normalized block-local [x,y,z] in 0..1, with y vertical. This block is rendered by an entity, block entity, or special renderer rather than by a normal solid block model. Treat its world geometry as renderer-defined; this CSV intentionally does not infer a precise color or cuboid mesh from the block model.",,,,,,,,none,,1,1,no,minecraft:block/bed,,,high,Average color intentionally omitted because this is handled by entity/block-entity rendering.
minecraft:red_candle,irregular_dependent,irregular_model,dependent_on_support_or_counterpart,"Irregular non-cube geometry that is expected to depend on a support block, substrate, or paired state.","Coordinates are normalized block-local [x,y,z] in 0..1, with y vertical. Candle geometry is one to four slim vertical candle rods on the top surface. candles=1..4 changes the number and offsets of rods; lit=true adds flame rendering without changing the wax body geometry.",#AD392B,173,57,43,1.000,,,none,,8,8,no,minecraft:block/red_candle_four_candles;minecraft:block/red_candle_four_candles_lit;minecraft:block/red_candle_one_candle;minecraft:block/red_candle_one_candle_lit;minecraft:block/red_candle_three_candles;minecraft:block/red_candle_three_candles_lit;minecraft:block/red_candle_two_candles;minecraft:block/red_candle_two_candles_lit,block;template_candle;template_four_candles;template_three_candles;template_two_candles,minecraft:block/red_candle;minecraft:block/red_candle_lit,medium,Average color is computed across the visible model variants referenced by this block.
minecraft:red_candle_cake,irregular_dependent,irregular_model,dependent_on_support_or_counterpart,"Irregular non-cube geometry that is expected to depend on a support block, substrate, or paired state.","Coordinates are normalized block-local [x,y,z] in 0..1, with y vertical. Candle geometry is one to four slim vertical candle rods on the top surface. candles=1..4 changes the number and offsets of rods; lit=true adds flame rendering without changing the wax body geometry.",#CCAB9F,204,171,159,1.000,,,none,,2,2,no,minecraft:block/red_candle_cake;minecraft:block/red_candle_cake_lit,template_cake_with_candle,minecraft:block/cake_bottom;minecraft:block/cake_side;minecraft:block/cake_top;minecraft:block/red_candle;minecraft:block/red_candle_lit,medium,Average color is computed across the visible model variants referenced by this block.
minecraft:red_carpet,irregular_dependent,thin_floor_layer,dependent_on_support_or_counterpart,Irregular very thin floor layer placed on a supporting surface.,"Coordinates are normalized block-local [x,y,z] in 0..1, with y vertical. Thin floor-layer geometry: a flat sheet on top of a supporting block, usually around 0.0625 block thick, occupying most or all of the x/z footprint while leaving almost the entire voxel empty.",#A12823,161,40,35,1.000,,,none,fabric,1,1,no,minecraft:block/red_carpet,block;carpet;thin_block,minecraft:block/red_wool,medium,
minecraft:red_concrete,full_cube_same_faces,full_cube,self_supporting_geometry,"Full cube [0,0,0]-[1,1,1] with same visual treatment on all six exterior faces.","Coordinates are normalized block-local [x,y,z] in 0..1, with y vertical. Occupies the entire voxel [0,0,0]-[1,1,1]. All six exterior faces are present; color differences, if any, are texture/face differences rather than geometry differences.",#8E2121,142,33,33,1.000,down=#8E2121;up=#8E2121;north=#8E2121;south=#8E2121;west=#8E2121;east=#8E2121,,none,concrete,1,1,no,minecraft:block/red_concrete,block;cube;cube_all,minecraft:block/red_concrete,medium,
minecraft:red_concrete_powder,full_cube_same_faces,full_cube,self_supporting_geometry,"Full cube [0,0,0]-[1,1,1] with same visual treatment on all six exterior faces.","Coordinates are normalized block-local [x,y,z] in 0..1, with y vertical. Occupies the entire voxel [0,0,0]-[1,1,1]. All six exterior faces are present; color differences, if any, are texture/face differences rather than geometry differences.",#A93633,169,54,51,1.000,down=#A93633;up=#A93633;north=#A93633;south=#A93633;west=#A93633;east=#A93633,,none,concrete,1,4,yes,minecraft:block/red_concrete_powder,block;cube;cube_all,minecraft:block/red_concrete_powder,medium,
minecraft:red_glazed_terracotta,full_cube_same_faces,full_cube,self_supporting_geometry,"Full cube [0,0,0]-[1,1,1] with same visual treatment on all six exterior faces.","Coordinates are normalized block-local [x,y,z] in 0..1, with y vertical. Occupies the entire voxel [0,0,0]-[1,1,1]. All six exterior faces are present; color differences, if any, are texture/face differences rather than geometry differences.",#B8433B,184,67,59,1.000,down=#B8433B;up=#B8433B;north=#B8433B;south=#B8433B;west=#B8433B;east=#B8433B,,none,ceramic,1,4,yes,minecraft:block/red_glazed_terracotta,block;cube;template_glazed_terracotta,minecraft:block/red_glazed_terracotta,medium,
minecraft:red_mushroom,irregular_dependent,cross_planes,dependent_on_support_or_counterpart,"Irregular crossed flat planes with transparent cutout texture, typically plant-like and support/substrate dependent.","Coordinates are normalized block-local [x,y,z] in 0..1, with y vertical. Cross-plane geometry: two near-zero-thickness quads cross diagonally through the block center, usually spanning most of y=0..1. The visible silhouette comes from transparent texture pixels, not from cuboid volume; placement normally depends on ground or substrate support.",#DC7262,220,114,98,1.000,,,none,,1,1,no,minecraft:block/red_mushroom,cross,minecraft:block/red_mushroom,medium,
minecraft:red_mushroom_block,irregular_dependent,irregular_model,dependent_on_support_or_counterpart,"Irregular non-cube geometry that is expected to depend on a support block, substrate, or paired state.","Coordinates are normalized block-local [x,y,z] in 0..1, with y vertical. Irregular model geometry resolved from block models. Representative normalized cuboids/planes: minecraft:block/red_mushroom_block -> 1 element: [0,0,0]-[1,1,0]. Orientation or count states rotate, swap, or combine these cuboids without making the block a full cube.",#C9815F,201,129,95,1.000,,,none,,2,12,yes,minecraft:block/mushroom_block_inside;minecraft:block/red_mushroom_block,template_single_face,minecraft:block/mushroom_block_inside;minecraft:block/red_mushroom_block,medium,Average color is computed across the visible model variants referenced by this block.
minecraft:red_nether_brick_slab,slab,slab,self_supporting_geometry,Half-height or full-height rectangular prism selected by slab type.,"Coordinates are normalized block-local [x,y,z] in 0..1, with y vertical. type=bottom occupies [0,0,0]-[1,0.5,1]. type=top occupies [0,0.5,0]-[1,1,1]. type=double is a full cube [0,0,0]-[1,1,1]. Single-slab states are exactly half-height rectangular prisms.",#4A0B0D,74,11,13,1.000,,,none,brick;architectural_shape;dark,3,3,no,minecraft:block/red_nether_brick_slab;minecraft:block/red_nether_brick_slab_top;minecraft:block/red_nether_bricks,block;cube;cube_all;slab;slab_top,minecraft:block/red_nether_bricks,medium,Average color is computed across the visible model variants referenced by this block.
minecraft:red_nether_brick_stairs,stairs,stairs,self_supporting_geometry,"Step-shaped block: half-block base plus one or more quarter/half prisms; straight, inner-corner, and outer-corner variants.","Coordinates are normalized block-local [x,y,z] in 0..1, with y vertical. Stairs are a full 1x1x1 cube with step-shaped upper/lower half removed. For half=bottom, shape=straight occupies a full bottom half [0,0,0]-[1,0.5,1] plus one upper half-prism [0.5,0.5,0]-[1,1,1] in the canonical east-facing model, so the side profile is an L and the missing volume is a 0.5x0.5x1 prism; facing rotates that prism to north/east/south/west. half=top mirrors the geometry vertically, putting the full half at y=0.5..1 and the step/void in y=0..0.5. shape=inner_left/inner_right occupies the full lower (or upper, for half=top) half plus an L-shaped pair of 0.5x0.5x1 and 0.5x0.5x0.5 upper/lower prisms, leaving exactly one 0.5x0.5x0.5 corner void; left/right chooses the corner after the facing rotation. shape=outer_left/outer_right occupies the full half plus only one 0.5x0.5x0.5 corner prism in the opposite half, leaving the other three corner quarters empty; left/right chooses the retained corner after facing rotation.",#490B0D,73,11,13,1.000,,,none,brick;architectural_shape;dark,3,40,yes,minecraft:block/red_nether_brick_stairs;minecraft:block/red_nether_brick_stairs_inner;minecraft:block/red_nether_brick_stairs_outer,block;inner_stairs;outer_stairs;stairs,minecraft:block/red_nether_bricks,medium,Average color is computed across the visible model variants referenced by this block.
minecraft:red_nether_brick_wall,coarse_wall,masonry_wall,self_supporting_geometry,Thick multipart wall: optional center post plus low/tall side arms.,"Coordinates are normalized block-local [x,y,z] in 0..1, with y vertical. Thick wall states are multipart masonry geometry. up=true adds a center post [0.25,0,0.25]-[0.75,1,0.75]. For each of north/east/south/west: value=none adds no arm; value=low adds a thick arm from the post to that face, approximately 0.375 wide, 0.5 long, and 0.875 high; value=tall uses the same footprint but rises to full height y=1. Direction values rotate the canonical north arm [0.3125,0,0]-[0.6875,0.875 or 1,0.5].",#4A0B0D,74,11,13,1.000,,,none,brick;architectural_shape;dark,3,9,yes,minecraft:block/red_nether_brick_wall_post;minecraft:block/red_nether_brick_wall_side;minecraft:block/red_nether_brick_wall_side_tall,template_wall_post;template_wall_side;template_wall_side_tall,minecraft:block/red_nether_bricks,medium,Average color is computed across the visible model variants referenced by this block.
minecraft:red_nether_bricks,full_cube_same_faces,full_cube,self_supporting_geometry,"Full cube [0,0,0]-[1,1,1] with same visual treatment on all six exterior faces.","Coordinates are normalized block-local [x,y,z] in 0..1, with y vertical. Occupies the entire voxel [0,0,0]-[1,1,1]. All six exterior faces are present; color differences, if any, are texture/face differences rather than geometry differences.",#4A0B0D,74,11,13,1.000,down=#4A0B0D;up=#4A0B0D;north=#4A0B0D;south=#4A0B0D;west=#4A0B0D;east=#4A0B0D,,none,brick;dark,1,1,no,minecraft:block/red_nether_bricks,block;cube;cube_all,minecraft:block/red_nether_bricks,medium,
minecraft:red_sand,full_cube_same_faces,full_cube,self_supporting_geometry,"Full cube [0,0,0]-[1,1,1] with same visual treatment on all six exterior faces.","Coordinates are normalized block-local [x,y,z] in 0..1, with y vertical. Occupies the entire voxel [0,0,0]-[1,1,1]. All six exterior faces are present; color differences, if any, are texture/face differences rather than geometry differences.",#BF6722,191,103,34,1.000,down=#BF6722;up=#BF6722;north=#BF6722;south=#BF6722;west=#BF6722;east=#BF6722,,none,,1,4,yes,minecraft:block/red_sand,block;cube;cube_all,minecraft:block/red_sand,medium,
minecraft:red_sandstone,full_cube_same_faces,full_cube,self_supporting_geometry,"Full cube [0,0,0]-[1,1,1] with same visual treatment on all six exterior faces.","Coordinates are normalized block-local [x,y,z] in 0..1, with y vertical. Occupies the entire voxel [0,0,0]-[1,1,1]. All six exterior faces are present; color differences, if any, are texture/face differences rather than geometry differences.",#BB641F,187,100,31,1.000,down=#BB631F;up=#B66220;north=#BC6420;south=#BC6420;west=#BC6420;east=#BC6420,,none,stone,1,1,no,minecraft:block/red_sandstone,block;cube;cube_bottom_top,minecraft:block/red_sandstone;minecraft:block/red_sandstone_bottom;minecraft:block/red_sandstone_top,medium,
minecraft:red_sandstone_slab,slab,slab,self_supporting_geometry,Half-height or full-height rectangular prism selected by slab type.,"Coordinates are normalized block-local [x,y,z] in 0..1, with y vertical. type=bottom occupies [0,0,0]-[1,0.5,1]. type=top occupies [0,0.5,0]-[1,1,1]. type=double is a full cube [0,0,0]-[1,1,1]. Single-slab states are exactly half-height rectangular prisms.",#BA641F,186,100,31,1.000,,,none,stone;architectural_shape,3,3,no,minecraft:block/red_sandstone;minecraft:block/red_sandstone_slab;minecraft:block/red_sandstone_slab_top,block;cube;cube_bottom_top;slab;slab_top,minecraft:block/red_sandstone;minecraft:block/red_sandstone_bottom;minecraft:block/red_sandstone_top,medium,Average color is computed across the visible model variants referenced by this block.
minecraft:red_sandstone_stairs,stairs,stairs,self_supporting_geometry,"Step-shaped block: half-block base plus one or more quarter/half prisms; straight, inner-corner, and outer-corner variants.","Coordinates are normalized block-local [x,y,z] in 0..1, with y vertical. Stairs are a full 1x1x1 cube with step-shaped upper/lower half removed. For half=bottom, shape=straight occupies a full bottom half [0,0,0]-[1,0.5,1] plus one upper half-prism [0.5,0.5,0]-[1,1,1] in the canonical east-facing model, so the side profile is an L and the missing volume is a 0.5x0.5x1 prism; facing rotates that prism to north/east/south/west. half=top mirrors the geometry vertically, putting the full half at y=0.5..1 and the step/void in y=0..0.5. shape=inner_left/inner_right occupies the full lower (or upper, for half=top) half plus an L-shaped pair of 0.5x0.5x1 and 0.5x0.5x0.5 upper/lower prisms, leaving exactly one 0.5x0.5x0.5 corner void; left/right chooses the corner after the facing rotation. shape=outer_left/outer_right occupies the full half plus only one 0.5x0.5x0.5 corner prism in the opposite half, leaving the other three corner quarters empty; left/right chooses the retained corner after facing rotation.",#BA641F,186,100,31,1.000,,,none,stone;architectural_shape,3,40,yes,minecraft:block/red_sandstone_stairs;minecraft:block/red_sandstone_stairs_inner;minecraft:block/red_sandstone_stairs_outer,block;inner_stairs;outer_stairs;stairs,minecraft:block/red_sandstone;minecraft:block/red_sandstone_bottom;minecraft:block/red_sandstone_top,medium,Average color is computed across the visible model variants referenced by this block.
minecraft:red_sandstone_wall,coarse_wall,masonry_wall,self_supporting_geometry,Thick multipart wall: optional center post plus low/tall side arms.,"Coordinates are normalized block-local [x,y,z] in 0..1, with y vertical. Thick wall states are multipart masonry geometry. up=true adds a center post [0.25,0,0.25]-[0.75,1,0.75]. For each of north/east/south/west: value=none adds no arm; value=low adds a thick arm from the post to that face, approximately 0.375 wide, 0.5 long, and 0.875 high; value=tall uses the same footprint but rises to full height y=1. Direction values rotate the canonical north arm [0.3125,0,0]-[0.6875,0.875 or 1,0.5].",#BC6420,188,100,32,1.000,,,none,stone;architectural_shape,3,9,yes,minecraft:block/red_sandstone_wall_post;minecraft:block/red_sandstone_wall_side;minecraft:block/red_sandstone_wall_side_tall,template_wall_post;template_wall_side;template_wall_side_tall,minecraft:block/red_sandstone,medium,Average color is computed across the visible model variants referenced by this block.
minecraft:red_shulker_box,entity_block,entity_renderer,entity_or_block_entity_renderer,Special renderer/entity-style block; normal model geometry is not authoritative.,"Coordinates are normalized block-local [x,y,z] in 0..1, with y vertical. This block is rendered by an entity, block entity, or special renderer rather than by a normal solid block model. Treat its world geometry as renderer-defined; this CSV intentionally does not infer a precise color or cuboid mesh from the block model.",,,,,,,,none,,1,1,no,minecraft:block/red_shulker_box,,,high,Average color intentionally omitted because this is handled by entity/block-entity rendering.
minecraft:red_stained_glass,full_cube_same_faces,full_cube,self_supporting_geometry,"Full cube [0,0,0]-[1,1,1] with same visual treatment on all six exterior faces.","Coordinates are normalized block-local [x,y,z] in 0..1, with y vertical. Occupies the entire voxel [0,0,0]-[1,1,1]. All six exterior faces are present; color differences, if any, are texture/face differences rather than geometry differences.",#993333,153,51,51,0.460,down=#993333;up=#993333;north=#993333;south=#993333;west=#993333;east=#993333,,none,glass,1,1,no,minecraft:block/red_stained_glass,block;cube;cube_all,minecraft:block/red_stained_glass,medium,
minecraft:red_stained_glass_pane,thin_wall,thin_pane,self_supporting_geometry,"Narrow multipart connector: thin post, pane, bar, fence, or gate segments.","Coordinates are normalized block-local [x,y,z] in 0..1, with y vertical. Pane/bar geometry is a thin vertical connector system. A central post/cap sits near [0.4375,0,0.4375]-[0.5625,1,0.5625]. Each north/east/south/west=true side adds a thin vertical pane/bar from the center to that face; false omits that side. Single-connection states add end caps so the exposed edge has thickness.",#963232,150,50,50,0.575,,,none,glass;architectural_shape,5,9,yes,minecraft:block/red_stained_glass_pane_noside;minecraft:block/red_stained_glass_pane_noside_alt;minecraft:block/red_stained_glass_pane_post;minecraft:block/red_stained_glass_pane_side;minecraft:block/red_stained_glass_pane_side_alt,template_glass_pane_noside;template_glass_pane_noside_alt;template_glass_pane_post;template_glass_pane_side;template_glass_pane_side_alt,minecraft:block/red_stained_glass;minecraft:block/red_stained_glass_pane_top,medium,Average color is computed across the visible model variants referenced by this block.
minecraft:red_terracotta,full_cube_same_faces,full_cube,self_supporting_geometry,"Full cube [0,0,0]-[1,1,1] with same visual treatment on all six exterior faces.","Coordinates are normalized block-local [x,y,z] in 0..1, with y vertical. Occupies the entire voxel [0,0,0]-[1,1,1]. All six exterior faces are present; color differences, if any, are texture/face differences rather than geometry differences.",#8F3D2F,143,61,47,1.000,down=#8F3D2F;up=#8F3D2F;north=#8F3D2F;south=#8F3D2F;west=#8F3D2F;east=#8F3D2F,,none,ceramic,1,1,no,minecraft:block/red_terracotta,block;cube;cube_all,minecraft:block/red_terracotta,medium,
minecraft:red_tulip,irregular_dependent,cross_planes,dependent_on_support_or_counterpart,"Irregular crossed flat planes with transparent cutout texture, typically plant-like and support/substrate dependent.","Coordinates are normalized block-local [x,y,z] in 0..1, with y vertical. Cross-plane geometry: two near-zero-thickness quads cross diagonally through the block center, usually spanning most of y=0..1. The visible silhouette comes from transparent texture pixels, not from cuboid volume; placement normally depends on ground or substrate support.",#728926,114,137,38,1.000,,,none,,1,1,no,minecraft:block/red_tulip,cross,minecraft:block/red_tulip,medium,
minecraft:red_wall_banner,entity_block,entity_renderer,entity_or_block_entity_renderer,Special renderer/entity-style block; normal model geometry is not authoritative.,"Coordinates are normalized block-local [x,y,z] in 0..1, with y vertical. This block is rendered by an entity, block entity, or special renderer rather than by a normal solid block model. Treat its world geometry as renderer-defined; this CSV intentionally does not infer a precise color or cuboid mesh from the block model.",,,,,,,,none,,1,1,no,minecraft:block/banner,,,high,Average color intentionally omitted because this is handled by entity/block-entity rendering.
minecraft:red_wool,full_cube_same_faces,full_cube,self_supporting_geometry,"Full cube [0,0,0]-[1,1,1] with same visual treatment on all six exterior faces.","Coordinates are normalized block-local [x,y,z] in 0..1, with y vertical. Occupies the entire voxel [0,0,0]-[1,1,1]. All six exterior faces are present; color differences, if any, are texture/face differences rather than geometry differences.",#A12823,161,40,35,1.000,down=#A12823;up=#A12823;north=#A12823;south=#A12823;west=#A12823;east=#A12823,,none,fabric,1,1,no,minecraft:block/red_wool,block;cube;cube_all,minecraft:block/red_wool,medium,
minecraft:redstone_block,full_cube_same_faces,full_cube,self_supporting_geometry,"Full cube [0,0,0]-[1,1,1] with same visual treatment on all six exterior faces.","Coordinates are normalized block-local [x,y,z] in 0..1, with y vertical. Occupies the entire voxel [0,0,0]-[1,1,1]. All six exterior faces are present; color differences, if any, are texture/face differences rather than geometry differences.",#B51A07,181,26,7,1.000,down=#B51A07;up=#B51A07;north=#B51A07;south=#B51A07;west=#B51A07;east=#B51A07,,none,stone,1,1,no,minecraft:block/redstone_block,block;cube;cube_all,minecraft:block/redstone_block,medium,
minecraft:redstone_lamp,full_cube_same_faces,full_cube,self_supporting_geometry,"Full cube [0,0,0]-[1,1,1] with same visual treatment on all six exterior faces.","Coordinates are normalized block-local [x,y,z] in 0..1, with y vertical. Occupies the entire voxel [0,0,0]-[1,1,1]. All six exterior faces are present; color differences, if any, are texture/face differences rather than geometry differences.",#8E6540,142,101,64,1.000,down=#6B3E22;up=#6B3E22;north=#6B3E22;south=#6B3E22;west=#6B3E22;east=#6B3E22,,none,stone;light_source,2,2,no,minecraft:block/redstone_lamp;minecraft:block/redstone_lamp_on,block;cube;cube_all,minecraft:block/redstone_lamp;minecraft:block/redstone_lamp_on,medium,Average color is computed across the visible model variants referenced by this block.
minecraft:redstone_ore,full_cube_same_faces,full_cube,self_supporting_geometry,"Full cube [0,0,0]-[1,1,1] with same visual treatment on all six exterior faces.","Coordinates are normalized block-local [x,y,z] in 0..1, with y vertical. Occupies the entire voxel [0,0,0]-[1,1,1]. All six exterior faces are present; color differences, if any, are texture/face differences rather than geometry differences.",#937575,147,117,117,1.000,down=#937575;up=#937575;north=#937575;south=#937575;west=#937575;east=#937575,,none,stone;ore,1,1,no,minecraft:block/redstone_ore,block;cube;cube_all,minecraft:block/redstone_ore,medium,
minecraft:redstone_torch,irregular_dependent,torch_rod,dependent_on_support_or_counterpart,Irregular slim torch/rod geometry; floor or wall attachment depends on block state.,"Coordinates are normalized block-local [x,y,z] in 0..1, with y vertical. Torch-like rod geometry: floor variants use a slim vertical cuboid roughly [0.4375,0,0.4375]-[0.5625,0.625,0.5625]. Wall variants rotate/tilt this slim rod against the selected wall face, so the support face determines the attachment side.",#A65540,166,85,64,1.000,,,none,stone;light_source,2,2,no,minecraft:block/redstone_torch;minecraft:block/redstone_torch_off,template_redstone_torch;template_torch_unlit,minecraft:block/redstone_torch;minecraft:block/redstone_torch_off,medium,Average color is computed across the visible model variants referenced by this block.
minecraft:redstone_wall_torch,irregular_dependent,torch_rod,dependent_on_support_or_counterpart,Irregular slim torch/rod geometry; floor or wall attachment depends on block state.,"Coordinates are normalized block-local [x,y,z] in 0..1, with y vertical. Torch-like rod geometry: floor variants use a slim vertical cuboid roughly [0.4375,0,0.4375]-[0.5625,0.625,0.5625]. Wall variants rotate/tilt this slim rod against the selected wall face, so the support face determines the attachment side.",#A65540,166,85,64,1.000,,,none,stone;light_source,2,8,yes,minecraft:block/redstone_wall_torch;minecraft:block/redstone_wall_torch_off,template_redstone_torch_wall;template_torch_wall_unlit,minecraft:block/redstone_torch;minecraft:block/redstone_torch_off,medium,Average color is computed across the visible model variants referenced by this block.
minecraft:redstone_wire,irregular_dependent,irregular_model,dependent_on_support_or_counterpart,"Irregular non-cube geometry that is expected to depend on a support block, substrate, or paired state.","Coordinates are normalized block-local [x,y,z] in 0..1, with y vertical. Irregular model geometry resolved from block models. Representative normalized cuboids/planes: minecraft:block/redstone_dust_dot -> 2 elements: [0,0.0156,0]-[1,0.0156,1] + [0,0.0156,0]-[1,0.0156,1] | minecraft:block/redstone_dust_side0 -> 2 elements: [0,0.0156,0]-[1,0.0156,0.5] + [0,0.0156,0]-[1,0.0156,0.5] | minecraft:block/redstone_dust_side_alt0 -> 2 elements: [0,0.0156,0.5]-[1,0.0156,1] + [0,0.0156,0.5]-[1,0.0156,1]. Orientation or count states rotate, swap, or combine these cuboids without making the block a full cube.",#89B254,137,178,84,1.000,,,plains_grass_assumed,stone,6,9,yes,minecraft:block/redstone_dust_dot;minecraft:block/redstone_dust_side0;minecraft:block/redstone_dust_side1;minecraft:block/redstone_dust_side_alt0;minecraft:block/redstone_dust_side_alt1;minecraft:block/redstone_dust_up,redstone_dust_side;redstone_dust_side_alt,minecraft:block/redstone_dust_dot;minecraft:block/redstone_dust_line0;minecraft:block/redstone_dust_line1,medium,Tinted textures use the plains biome approximation for color averaging. Average color is computed across the visible model variants referenced by this block.
minecraft:reinforced_deepslate,full_cube_different_faces,full_cube,self_supporting_geometry,"Full cube [0,0,0]-[1,1,1] with face-dependent visual treatment.","Coordinates are normalized block-local [x,y,z] in 0..1, with y vertical. Occupies the entire voxel [0,0,0]-[1,1,1]. All six exterior faces are present; color differences, if any, are texture/face differences rather than geometry differences.",#6D7367,109,115,103,1.000,down=#575C55;up=#5B6057;north=#767D6E;south=#767D6E;west=#767D6E;east=#767D6E,down=#575C55;up=#5B6057,none,stone;neutral,1,1,no,minecraft:block/reinforced_deepslate,block;cube;cube_bottom_top,minecraft:block/reinforced_deepslate_bottom;minecraft:block/reinforced_deepslate_side;minecraft:block/reinforced_deepslate_top,medium,
minecraft:repeater,irregular_dependent,irregular_model,dependent_on_support_or_counterpart,"Irregular non-cube geometry that is expected to depend on a support block, substrate, or paired state.","Coordinates are normalized block-local [x,y,z] in 0..1, with y vertical. Irregular model geometry resolved from block models. Representative normalized cuboids/planes: minecraft:block/repeater_1tick -> 3 elements: [0,0,0]-[1,0.125,1] + [0.4375,0.125,0.375]-[0.5625,0.4375,0.5] + [0.4375,0.125,0.125]-[0.5625,0.4375,0.25] | minecraft:block/repeater_1tick_on -> 15 elements: [0,0,0]-[1,0.125,1] + [0.4375,0.125,0.375]-[0.5625,0.4375,0.5] + [0.4375,0.125,0.125]-[0.5625,0.4375,0.25] + [0.4063,0.0938,0.0938]-[0.5938,0.2813,0.2813] + [0.4063,0.4688,0.0938]-[0.5938,0.6563,0.2813] + [0.4063,0.2813,-0.0937]-[0.5938,0.4688,0.0938] plus 9 more cuboids/planes | minecraft:block/repeater_1tick_locked -> 3 elements: [0,0,0]-[1,0.125,1] + [0.125,0.125,0.375]-[0.875,0.25,0.5] + [0.4375,0.125,0.125]-[0.5625,0.4375,0.25]. Orientation or count states rotate, swap, or combine these cuboids without making the block a full cube.",#A59594,165,149,148,1.000,,,none,neutral,16,64,yes,minecraft:block/repeater_1tick;minecraft:block/repeater_1tick_locked;minecraft:block/repeater_1tick_on;minecraft:block/repeater_1tick_on_locked;minecraft:block/repeater_2tick;minecraft:block/repeater_2tick_locked;minecraft:block/repeater_2tick_on;minecraft:block/repeater_2tick_on_locked;minecraft:block/repeater_3tick;minecraft:block/repeater_3tick_locked;minecraft:block/repeater_3tick_on;minecraft:block/repeater_3tick_on_locked;minecraft:block/repeater_4tick;minecraft:block/repeater_4tick_locked;minecraft:block/repeater_4tick_on;minecraft:block/repeater_4tick_on_locked,,minecraft:block/bedrock;minecraft:block/redstone_torch;minecraft:block/redstone_torch_off;minecraft:block/repeater;minecraft:block/repeater_on;minecraft:block/smooth_stone,medium,Average color is computed across the visible model variants referenced by this block.
minecraft:repeating_command_block,full_cube_same_faces,full_cube,self_supporting_geometry,"Full cube [0,0,0]-[1,1,1] with same visual treatment on all six exterior faces.","Coordinates are normalized block-local [x,y,z] in 0..1, with y vertical. Occupies the entire voxel [0,0,0]-[1,1,1]. All six exterior faces are present; color differences, if any, are texture/face differences rather than geometry differences.",#8879B2,136,121,178,1.000,down=#887AB2;up=#887AB2;north=#8879B6;south=#887AAF;west=#887AB2;east=#887AB2,,none,,2,12,yes,minecraft:block/repeating_command_block;minecraft:block/repeating_command_block_conditional,block;cube_directional;template_command_block,minecraft:block/repeating_command_block_back;minecraft:block/repeating_command_block_conditional;minecraft:block/repeating_command_block_front;minecraft:block/repeating_command_block_side,medium,Average color is computed across the visible model variants referenced by this block.
minecraft:resin_block,full_cube_same_faces,full_cube,self_supporting_geometry,"Full cube [0,0,0]-[1,1,1] with same visual treatment on all six exterior faces.","Coordinates are normalized block-local [x,y,z] in 0..1, with y vertical. Occupies the entire voxel [0,0,0]-[1,1,1]. All six exterior faces are present; color differences, if any, are texture/face differences rather than geometry differences.",#DA681F,218,104,31,1.000,down=#DA681F;up=#DA681F;north=#DA681F;south=#DA681F;west=#DA681F;east=#DA681F,,none,,1,1,no,minecraft:block/resin_block,block;cube;cube_all,minecraft:block/resin_block,medium,
minecraft:resin_brick_slab,slab,slab,self_supporting_geometry,Half-height or full-height rectangular prism selected by slab type.,"Coordinates are normalized block-local [x,y,z] in 0..1, with y vertical. type=bottom occupies [0,0,0]-[1,0.5,1]. type=top occupies [0,0.5,0]-[1,1,1]. type=double is a full cube [0,0,0]-[1,1,1]. Single-slab states are exactly half-height rectangular prisms.",#D05F1D,208,95,29,1.000,,,none,brick;architectural_shape,3,3,no,minecraft:block/resin_brick_slab;minecraft:block/resin_brick_slab_top;minecraft:block/resin_bricks,block;cube;cube_all;slab;slab_top,minecraft:block/resin_bricks,medium,Average color is computed across the visible model variants referenced by this block.
minecraft:resin_brick_stairs,stairs,stairs,self_supporting_geometry,"Step-shaped block: half-block base plus one or more quarter/half prisms; straight, inner-corner, and outer-corner variants.","Coordinates are normalized block-local [x,y,z] in 0..1, with y vertical. Stairs are a full 1x1x1 cube with step-shaped upper/lower half removed. For half=bottom, shape=straight occupies a full bottom half [0,0,0]-[1,0.5,1] plus one upper half-prism [0.5,0.5,0]-[1,1,1] in the canonical east-facing model, so the side profile is an L and the missing volume is a 0.5x0.5x1 prism; facing rotates that prism to north/east/south/west. half=top mirrors the geometry vertically, putting the full half at y=0.5..1 and the step/void in y=0..0.5. shape=inner_left/inner_right occupies the full lower (or upper, for half=top) half plus an L-shaped pair of 0.5x0.5x1 and 0.5x0.5x0.5 upper/lower prisms, leaving exactly one 0.5x0.5x0.5 corner void; left/right chooses the corner after the facing rotation. shape=outer_left/outer_right occupies the full half plus only one 0.5x0.5x0.5 corner prism in the opposite half, leaving the other three corner quarters empty; left/right chooses the retained corner after facing rotation.",#D05F1D,208,95,29,1.000,,,none,brick;architectural_shape,3,40,yes,minecraft:block/resin_brick_stairs;minecraft:block/resin_brick_stairs_inner;minecraft:block/resin_brick_stairs_outer,block;inner_stairs;outer_stairs;stairs,minecraft:block/resin_bricks,medium,Average color is computed across the visible model variants referenced by this block.
minecraft:resin_brick_wall,coarse_wall,masonry_wall,self_supporting_geometry,Thick multipart wall: optional center post plus low/tall side arms.,"Coordinates are normalized block-local [x,y,z] in 0..1, with y vertical. Thick wall states are multipart masonry geometry. up=true adds a center post [0.25,0,0.25]-[0.75,1,0.75]. For each of north/east/south/west: value=none adds no arm; value=low adds a thick arm from the post to that face, approximately 0.375 wide, 0.5 long, and 0.875 high; value=tall uses the same footprint but rises to full height y=1. Direction values rotate the canonical north arm [0.3125,0,0]-[0.6875,0.875 or 1,0.5].",#D05F1D,208,95,29,1.000,,,none,brick;architectural_shape,3,9,yes,minecraft:block/resin_brick_wall_post;minecraft:block/resin_brick_wall_side;minecraft:block/resin_brick_wall_side_tall,template_wall_post;template_wall_side;template_wall_side_tall,minecraft:block/resin_bricks,medium,Average color is computed across the visible model variants referenced by this block.
minecraft:resin_bricks,full_cube_same_faces,full_cube,self_supporting_geometry,"Full cube [0,0,0]-[1,1,1] with same visual treatment on all six exterior faces.","Coordinates are normalized block-local [x,y,z] in 0..1, with y vertical. Occupies the entire voxel [0,0,0]-[1,1,1]. All six exterior faces are present; color differences, if any, are texture/face differences rather than geometry differences.",#D05F1D,208,95,29,1.000,down=#D05F1D;up=#D05F1D;north=#D05F1D;south=#D05F1D;west=#D05F1D;east=#D05F1D,,none,brick,1,1,no,minecraft:block/resin_bricks,block;cube;cube_all,minecraft:block/resin_bricks,medium,
minecraft:resin_clump,irregular_self_supporting,irregular_model,self_supporting_geometry,Irregular non-cube geometry that can be used as a standalone placed form.,"Coordinates are normalized block-local [x,y,z] in 0..1, with y vertical. Irregular model geometry resolved from block models. Representative normalized cuboids/planes: minecraft:block/resin_clump -> 1 element: [0,0,0.0063]-[1,1,0.0063]. Orientation or count states rotate, swap, or combine these cuboids without making the block a full cube.",#E17721,225,119,33,1.000,,,none,,1,12,yes,minecraft:block/resin_clump,,minecraft:block/resin_clump,medium,
minecraft:respawn_anchor,full_cube_different_faces,full_cube,self_supporting_geometry,"Full cube [0,0,0]-[1,1,1] with face-dependent visual treatment.","Coordinates are normalized block-local [x,y,z] in 0..1, with y vertical. Occupies the entire voxel [0,0,0]-[1,1,1]. All six exterior faces are present; color differences, if any, are texture/face differences rather than geometry differences.",#412A63,65,42,99,0.981,down=#32115C;up=#2F204B;north=#332153;south=#332153;west=#332153;east=#332153,down=#32115C;up=#2F204B,none,dark,5,5,no,minecraft:block/respawn_anchor_0;minecraft:block/respawn_anchor_1;minecraft:block/respawn_anchor_2;minecraft:block/respawn_anchor_3;minecraft:block/respawn_anchor_4,block;cube;cube_bottom_top,minecraft:block/respawn_anchor_bottom;minecraft:block/respawn_anchor_side0;minecraft:block/respawn_anchor_side1;minecraft:block/respawn_anchor_side2;minecraft:block/respawn_anchor_side3;minecraft:block/respawn_anchor_side4;minecraft:block/respawn_anchor_top;minecraft:block/respawn_anchor_top_off,medium,Average color is computed across the visible model variants referenced by this block.
minecraft:rooted_dirt,full_cube_same_faces,full_cube,self_supporting_geometry,"Full cube [0,0,0]-[1,1,1] with same visual treatment on all six exterior faces.","Coordinates are normalized block-local [x,y,z] in 0..1, with y vertical. Occupies the entire voxel [0,0,0]-[1,1,1]. All six exterior faces are present; color differences, if any, are texture/face differences rather than geometry differences.",#946B52,148,107,82,1.000,down=#946B52;up=#946B52;north=#946B52;south=#946B52;west=#946B52;east=#946B52,,none,,1,4,yes,minecraft:block/rooted_dirt,block;cube;cube_all,minecraft:block/rooted_dirt,medium,
minecraft:rose_bush,irregular_dependent,cross_planes,dependent_on_support_or_counterpart,"Irregular crossed flat planes with transparent cutout texture, typically plant-like and support/substrate dependent.","Coordinates are normalized block-local [x,y,z] in 0..1, with y vertical. Cross-plane geometry: two near-zero-thickness quads cross diagonally through the block center, usually spanning most of y=0..1. The visible silhouette comes from transparent texture pixels, not from cuboid volume; placement normally depends on ground or substrate support.",#8F5628,143,86,40,1.000,,,none,,2,2,no,minecraft:block/rose_bush_bottom;minecraft:block/rose_bush_top,cross,minecraft:block/rose_bush_bottom;minecraft:block/rose_bush_top,medium,Average color is computed across the visible model variants referenced by this block.
minecraft:sand,full_cube_same_faces,full_cube,self_supporting_geometry,"Full cube [0,0,0]-[1,1,1] with same visual treatment on all six exterior faces.","Coordinates are normalized block-local [x,y,z] in 0..1, with y vertical. Occupies the entire voxel [0,0,0]-[1,1,1]. All six exterior faces are present; color differences, if any, are texture/face differences rather than geometry differences.",#DBD0A4,219,208,164,1.000,down=#DBD0A4;up=#DBD0A4;north=#DBD0A4;south=#DBD0A4;west=#DBD0A4;east=#DBD0A4,,none,light,1,4,yes,minecraft:block/sand,block;cube;cube_all,minecraft:block/sand,medium,
minecraft:sandstone,full_cube_different_faces,full_cube,self_supporting_geometry,"Full cube [0,0,0]-[1,1,1] with face-dependent visual treatment.","Coordinates are normalized block-local [x,y,z] in 0..1, with y vertical. Occupies the entire voxel [0,0,0]-[1,1,1]. All six exterior faces are present; color differences, if any, are texture/face differences rather than geometry differences.",#DACEA0,218,206,160,1.000,down=#D8CB9C;up=#E0D6AB;north=#D9CC9E;south=#D9CC9E;west=#D9CC9E;east=#D9CC9E,up=#E0D6AB,none,stone;light,1,1,no,minecraft:block/sandstone,block;cube;cube_bottom_top,minecraft:block/sandstone;minecraft:block/sandstone_bottom;minecraft:block/sandstone_top,medium,
minecraft:sandstone_slab,slab,slab,self_supporting_geometry,Half-height or full-height rectangular prism selected by slab type.,"Coordinates are normalized block-local [x,y,z] in 0..1, with y vertical. type=bottom occupies [0,0,0]-[1,0.5,1]. type=top occupies [0,0.5,0]-[1,1,1]. type=double is a full cube [0,0,0]-[1,1,1]. Single-slab states are exactly half-height rectangular prisms.",#DACEA1,218,206,161,1.000,,,none,stone;architectural_shape;light,3,3,no,minecraft:block/sandstone;minecraft:block/sandstone_slab;minecraft:block/sandstone_slab_top,block;cube;cube_bottom_top;slab;slab_top,minecraft:block/sandstone;minecraft:block/sandstone_bottom;minecraft:block/sandstone_top,medium,Average color is computed across the visible model variants referenced by this block.
minecraft:sandstone_stairs,stairs,stairs,self_supporting_geometry,"Step-shaped block: half-block base plus one or more quarter/half prisms; straight, inner-corner, and outer-corner variants.","Coordinates are normalized block-local [x,y,z] in 0..1, with y vertical. Stairs are a full 1x1x1 cube with step-shaped upper/lower half removed. For half=bottom, shape=straight occupies a full bottom half [0,0,0]-[1,0.5,1] plus one upper half-prism [0.5,0.5,0]-[1,1,1] in the canonical east-facing model, so the side profile is an L and the missing volume is a 0.5x0.5x1 prism; facing rotates that prism to north/east/south/west. half=top mirrors the geometry vertically, putting the full half at y=0.5..1 and the step/void in y=0..0.5. shape=inner_left/inner_right occupies the full lower (or upper, for half=top) half plus an L-shaped pair of 0.5x0.5x1 and 0.5x0.5x0.5 upper/lower prisms, leaving exactly one 0.5x0.5x0.5 corner void; left/right chooses the corner after the facing rotation. shape=outer_left/outer_right occupies the full half plus only one 0.5x0.5x0.5 corner prism in the opposite half, leaving the other three corner quarters empty; left/right chooses the retained corner after facing rotation.",#DACFA1,218,207,161,1.000,,,none,stone;architectural_shape;light,3,40,yes,minecraft:block/sandstone_stairs;minecraft:block/sandstone_stairs_inner;minecraft:block/sandstone_stairs_outer,block;inner_stairs;outer_stairs;stairs,minecraft:block/sandstone;minecraft:block/sandstone_bottom;minecraft:block/sandstone_top,medium,Average color is computed across the visible model variants referenced by this block.
minecraft:sandstone_wall,coarse_wall,masonry_wall,self_supporting_geometry,Thick multipart wall: optional center post plus low/tall side arms.,"Coordinates are normalized block-local [x,y,z] in 0..1, with y vertical. Thick wall states are multipart masonry geometry. up=true adds a center post [0.25,0,0.25]-[0.75,1,0.75]. For each of north/east/south/west: value=none adds no arm; value=low adds a thick arm from the post to that face, approximately 0.375 wide, 0.5 long, and 0.875 high; value=tall uses the same footprint but rises to full height y=1. Direction values rotate the canonical north arm [0.3125,0,0]-[0.6875,0.875 or 1,0.5].",#D9CC9E,217,204,158,1.000,,,none,stone;architectural_shape;light,3,9,yes,minecraft:block/sandstone_wall_post;minecraft:block/sandstone_wall_side;minecraft:block/sandstone_wall_side_tall,template_wall_post;template_wall_side;template_wall_side_tall,minecraft:block/sandstone,medium,Average color is computed across the visible model variants referenced by this block.
minecraft:scaffolding,irregular_self_supporting,irregular_model,self_supporting_geometry,Irregular non-cube geometry that can be used as a standalone placed form.,"Coordinates are normalized block-local [x,y,z] in 0..1, with y vertical. Irregular model geometry resolved from block models. Representative normalized cuboids/planes: minecraft:block/scaffolding_stable -> 9 elements: [0,0.9994,0]-[1,1,1] + [0,0,0]-[0.125,1,0.125] + [0,0,0.875]-[0.125,1,1] + [0.875,0,0.875]-[1,1,1] + [0.875,0,0]-[1,1,0.125] + [0.125,0.875,0]-[0.875,1,0.125] plus 3 more cuboids/planes | minecraft:block/scaffolding_unstable -> 14 elements: [0,0.9994,0]-[1,1,1] + [0,0,0]-[0.125,1,0.125] + [0,0,0.875]-[0.125,1,1] + [0.875,0,0.875]-[1,1,1] + [0.875,0,0]-[1,1,0.125] + [0.125,0.875,0]-[0.875,1,0.125] plus 8 more cuboids/planes. Orientation or count states rotate, swap, or combine these cuboids without making the block a full cube.",#B89D4D,184,157,77,1.000,,,none,,2,2,no,minecraft:block/scaffolding_stable;minecraft:block/scaffolding_unstable,block,minecraft:block/scaffolding_bottom;minecraft:block/scaffolding_side;minecraft:block/scaffolding_top,medium,Average color is computed across the visible model variants referenced by this block.
minecraft:sculk,full_cube_same_faces,full_cube,self_supporting_geometry,"Full cube [0,0,0]-[1,1,1] with same visual treatment on all six exterior faces.","Coordinates are normalized block-local [x,y,z] in 0..1, with y vertical. Occupies the entire voxel [0,0,0]-[1,1,1]. All six exterior faces are present; color differences, if any, are texture/face differences rather than geometry differences.",#0E282E,14,40,46,1.000,down=#0E282E;up=#0E282E;north=#0E282E;south=#0E282E;west=#0E282E;east=#0E282E,,none,dark,2,4,yes,minecraft:block/sculk;minecraft:block/sculk_mirrored,block;cube;cube_all;cube_mirrored;cube_mirrored_all,minecraft:block/sculk,medium,Average color is computed across the visible model variants referenced by this block.
minecraft:sculk_catalyst,full_cube_different_faces,full_cube,self_supporting_geometry,"Full cube [0,0,0]-[1,1,1] with face-dependent visual treatment.","Coordinates are normalized block-local [x,y,z] in 0..1, with y vertical. Occupies the entire voxel [0,0,0]-[1,1,1]. All six exterior faces are present; color differences, if any, are texture/face differences rather than geometry differences.",#627168,98,113,104,1.000,down=#667773;up=#143036;north=#6B786C;south=#6B786C;west=#6B786C;east=#6B786C,down=#667773;up=#143036,none,neutral,2,2,no,minecraft:block/sculk_catalyst;minecraft:block/sculk_catalyst_bloom,block;cube;cube_bottom_top,minecraft:block/sculk_catalyst_bottom;minecraft:block/sculk_catalyst_side;minecraft:block/sculk_catalyst_side_bloom;minecraft:block/sculk_catalyst_top;minecraft:block/sculk_catalyst_top_bloom,medium,Average color is computed across the visible model variants referenced by this block.
minecraft:sculk_sensor,irregular_self_supporting,irregular_model,self_supporting_geometry,Irregular non-cube geometry that can be used as a standalone placed form.,"Coordinates are normalized block-local [x,y,z] in 0..1, with y vertical. Irregular model geometry resolved from block models. Representative normalized cuboids/planes: minecraft:block/sculk_sensor_active -> 5 elements: [0,0,0]-[1,0.5,1] + [-0.0625,0.5,0.1875]-[0.4375,1,0.1875] + [0.5625,0.5,0.1875]-[1.0625,1,0.1875] + [0.5625,0.5,0.8125]-[1.0625,1,0.8125] + [-0.0625,0.5,0.8125]-[0.4375,1,0.8125]. Orientation or count states rotate, swap, or combine these cuboids without making the block a full cube.",#104E55,16,78,85,1.000,,,none,,2,3,no,minecraft:block/sculk_sensor_active;minecraft:block/sculk_sensor_inactive,block;sculk_sensor,minecraft:block/sculk_sensor_bottom;minecraft:block/sculk_sensor_side;minecraft:block/sculk_sensor_tendril_active;minecraft:block/sculk_sensor_tendril_inactive;minecraft:block/sculk_sensor_top,medium,Average color is computed across the visible model variants referenced by this block.
minecraft:sculk_shrieker,irregular_self_supporting,irregular_model,self_supporting_geometry,Irregular non-cube geometry that can be used as a standalone placed form.,"Coordinates are normalized block-local [x,y,z] in 0..1, with y vertical. Irregular model geometry resolved from block models. Representative normalized cuboids/planes: minecraft:block/sculk_shrieker -> 7 elements: [0,0,0]-[1,0.5,1] + [0.0625,0.5,0.0625]-[0.9375,0.9375,0.9375] + [0.0625,0.9363,0.0625]-[0.9375,0.9363,0.9375] + [0.0625,0.5,0.9363]-[0.9375,0.9375,0.9363] + [0.0625,0.5,0.0638]-[0.9375,0.9375,0.0638] + [0.9363,0.5,0.0625]-[0.9363,0.9375,0.9375] plus 1 more cuboids/planes. Orientation or count states rotate, swap, or combine these cuboids without making the block a full cube.",#8A947E,138,148,126,1.000,,,none,,2,2,no,minecraft:block/sculk_shrieker;minecraft:block/sculk_shrieker_can_summon,block;template_sculk_shrieker,minecraft:block/sculk_shrieker_bottom;minecraft:block/sculk_shrieker_can_summon_inner_top;minecraft:block/sculk_shrieker_inner_top;minecraft:block/sculk_shrieker_side;minecraft:block/sculk_shrieker_top,medium,Average color is computed across the visible model variants referenced by this block.
minecraft:sculk_vein,irregular_dependent,irregular_model,dependent_on_support_or_counterpart,"Irregular non-cube geometry that is expected to depend on a support block, substrate, or paired state.","Coordinates are normalized block-local [x,y,z] in 0..1, with y vertical. Surface-growth geometry: one or more very thin face-mounted sheets. Directional boolean properties choose which block faces receive a sheet; each sheet has near-zero thickness and follows that face.",#0B3A43,11,58,67,1.000,,,none,dark,1,12,yes,minecraft:block/sculk_vein,,minecraft:block/sculk_vein,medium,
minecraft:sea_lantern,full_cube_same_faces,full_cube,self_supporting_geometry,"Full cube [0,0,0]-[1,1,1] with same visual treatment on all six exterior faces.","Coordinates are normalized block-local [x,y,z] in 0..1, with y vertical. Occupies the entire voxel [0,0,0]-[1,1,1]. All six exterior faces are present; color differences, if any, are texture/face differences rather than geometry differences.",#B8CDC4,184,205,196,1.000,down=#B8CDC4;up=#B8CDC4;north=#B8CDC4;south=#B8CDC4;west=#B8CDC4;east=#B8CDC4,,none,light_source,1,1,no,minecraft:block/sea_lantern,block;cube;cube_all,minecraft:block/sea_lantern,medium,
minecraft:sea_pickle,irregular_dependent,irregular_model,dependent_on_support_or_counterpart,"Irregular non-cube geometry that is expected to depend on a support block, substrate, or paired state.","Coordinates are normalized block-local [x,y,z] in 0..1, with y vertical. Cluster geometry: count-like states add multiple small rounded/cuboid objects on the floor footprint. More items increase visual density while leaving the block mostly empty.",#626B38,98,107,56,1.000,,,none,,8,32,yes,minecraft:block/dead_sea_pickle;minecraft:block/four_dead_sea_pickles;minecraft:block/four_sea_pickles;minecraft:block/sea_pickle;minecraft:block/three_dead_sea_pickles;minecraft:block/three_sea_pickles;minecraft:block/two_dead_sea_pickles;minecraft:block/two_sea_pickles,block,minecraft:block/sea_pickle,medium,Average color is computed across the visible model variants referenced by this block.
minecraft:seagrass,irregular_dependent,irregular_model,dependent_on_support_or_counterpart,"Irregular non-cube geometry that is expected to depend on a support block, substrate, or paired state.","Coordinates are normalized block-local [x,y,z] in 0..1, with y vertical. Irregular model geometry resolved from block models. Representative normalized cuboids/planes: minecraft:block/seagrass -> 4 elements: [0,0,0.25]-[1,1,0.25] + [0.75,0,0]-[0.75,1,1] + [0.25,0,0]-[0.25,1,1] + [0,0,0.75]-[1,1,0.75]. Orientation or count states rotate, swap, or combine these cuboids without making the block a full cube.",#368112,54,129,18,1.000,,,none,vegetation,1,1,no,minecraft:block/seagrass,block;template_seagrass,minecraft:block/seagrass,medium,
minecraft:short_dry_grass,irregular_dependent,cross_planes,dependent_on_support_or_counterpart,"Irregular crossed flat planes with transparent cutout texture, typically plant-like and support/substrate dependent.","Coordinates are normalized block-local [x,y,z] in 0..1, with y vertical. Cross-plane geometry: two near-zero-thickness quads cross diagonally through the block center, usually spanning most of y=0..1. The visible silhouette comes from transparent texture pixels, not from cuboid volume; placement normally depends on ground or substrate support.",#BCA272,188,162,114,1.000,,,none,vegetation,1,1,no,minecraft:block/short_dry_grass,cross,minecraft:block/short_dry_grass,medium,
minecraft:short_grass,irregular_dependent,cross_planes,dependent_on_support_or_counterpart,"Irregular crossed flat planes with transparent cutout texture, typically plant-like and support/substrate dependent.","Coordinates are normalized block-local [x,y,z] in 0..1, with y vertical. Cross-plane geometry: two near-zero-thickness quads cross diagonally through the block center, usually spanning most of y=0..1. The visible silhouette comes from transparent texture pixels, not from cuboid volume; placement normally depends on ground or substrate support.",#546D34,84,109,52,1.000,,,plains_grass,vegetation,1,1,no,minecraft:block/short_grass,tinted_cross,minecraft:block/short_grass,medium,Tinted textures use the plains biome approximation for color averaging.
minecraft:shroomlight,full_cube_same_faces,full_cube,self_supporting_geometry,"Full cube [0,0,0]-[1,1,1] with same visual treatment on all six exterior faces.","Coordinates are normalized block-local [x,y,z] in 0..1, with y vertical. Occupies the entire voxel [0,0,0]-[1,1,1]. All six exterior faces are present; color differences, if any, are texture/face differences rather than geometry differences.",#F29C5E,242,156,94,1.000,down=#F29C5E;up=#F29C5E;north=#F29C5E;south=#F29C5E;west=#F29C5E;east=#F29C5E,,none,light_source,1,1,no,minecraft:block/shroomlight,block;cube;cube_all,minecraft:block/shroomlight,medium,
minecraft:shulker_box,entity_block,entity_renderer,entity_or_block_entity_renderer,Special renderer/entity-style block; normal model geometry is not authoritative.,"Coordinates are normalized block-local [x,y,z] in 0..1, with y vertical. This block is rendered by an entity, block entity, or special renderer rather than by a normal solid block model. Treat its world geometry as renderer-defined; this CSV intentionally does not infer a precise color or cuboid mesh from the block model.",,,,,,,,none,,1,1,no,minecraft:block/shulker_box,,,high,Average color intentionally omitted because this is handled by entity/block-entity rendering.
minecraft:skeleton_skull,entity_block,entity_renderer,entity_or_block_entity_renderer,Special renderer/entity-style block; normal model geometry is not authoritative.,"Coordinates are normalized block-local [x,y,z] in 0..1, with y vertical. This block is rendered by an entity, block entity, or special renderer rather than by a normal solid block model. Treat its world geometry as renderer-defined; this CSV intentionally does not infer a precise color or cuboid mesh from the block model.",,,,,,,,none,,1,1,no,minecraft:block/skull,,,high,Average color intentionally omitted because this is handled by entity/block-entity rendering.
minecraft:skeleton_wall_skull,entity_block,entity_renderer,entity_or_block_entity_renderer,Special renderer/entity-style block; normal model geometry is not authoritative.,"Coordinates are normalized block-local [x,y,z] in 0..1, with y vertical. This block is rendered by an entity, block entity, or special renderer rather than by a normal solid block model. Treat its world geometry as renderer-defined; this CSV intentionally does not infer a precise color or cuboid mesh from the block model.",,,,,,,,none,,1,1,no,minecraft:block/skull,,,high,Average color intentionally omitted because this is handled by entity/block-entity rendering.
minecraft:slime_block,full_cube_same_faces,full_cube,self_supporting_geometry,"Full cube [0,0,0]-[1,1,1] with same visual treatment on all six exterior faces.","Coordinates are normalized block-local [x,y,z] in 0..1, with y vertical. Occupies the entire voxel [0,0,0]-[1,1,1]. All six exterior faces are present; color differences, if any, are texture/face differences rather than geometry differences.",#70C05D,112,192,93,0.706,down=#70C05D;up=#70C05D;north=#70C05D;south=#70C05D;west=#70C05D;east=#70C05D,,none,,1,1,no,minecraft:block/slime_block,block,minecraft:block/slime_block,medium,
minecraft:small_amethyst_bud,irregular_dependent,cross_planes,dependent_on_support_or_counterpart,"Irregular crossed flat planes with transparent cutout texture, typically plant-like and support/substrate dependent.","Coordinates are normalized block-local [x,y,z] in 0..1, with y vertical. Cross-plane geometry: two near-zero-thickness quads cross diagonally through the block center, usually spanning most of y=0..1. The visible silhouette comes from transparent texture pixels, not from cuboid volume; placement normally depends on ground or substrate support.",#8867C3,136,103,195,1.000,,,none,,1,6,yes,minecraft:block/small_amethyst_bud,cross,minecraft:block/small_amethyst_bud,medium,
minecraft:small_dripleaf,irregular_self_supporting,irregular_model,self_supporting_geometry,Irregular non-cube geometry that can be used as a standalone placed form.,"Coordinates are normalized block-local [x,y,z] in 0..1, with y vertical. Irregular model geometry resolved from block models. Representative normalized cuboids/planes: minecraft:block/small_dripleaf_bottom -> 2 elements: [0.2813,0,0.5]-[0.7188,1,0.5] + [0.2813,0,0.5]-[0.7188,1,0.5] | minecraft:block/small_dripleaf_top -> 8 elements: [0.5,0.1875,0.5]-[0.9375,0.1875,0.9375] + [0.0625,0.5013,0.0625]-[0.5,0.5013,0.5] + [0.0625,0.7513,0.5]-[0.5,0.7513,0.9375] + [0.5,0.125,0.5]-[0.9375,0.1875,0.9375] + [0.0625,0.4388,0.0625]-[0.5,0.5013,0.5] + [0.0625,0.6888,0.5]-[0.5,0.7513,0.9375] plus 2 more cuboids/planes. Orientation or count states rotate, swap, or combine these cuboids without making the block a full cube.",#637C2E,99,124,46,1.000,,,none,,2,8,yes,minecraft:block/small_dripleaf_bottom;minecraft:block/small_dripleaf_top,block,minecraft:block/small_dripleaf_side;minecraft:block/small_dripleaf_stem_bottom;minecraft:block/small_dripleaf_stem_top;minecraft:block/small_dripleaf_top,medium,Average color is computed across the visible model variants referenced by this block.
minecraft:smithing_table,full_cube_different_faces,full_cube,self_supporting_geometry,"Full cube [0,0,0]-[1,1,1] with face-dependent visual treatment.","Coordinates are normalized block-local [x,y,z] in 0..1, with y vertical. Occupies the entire voxel [0,0,0]-[1,1,1]. All six exterior faces are present; color differences, if any, are texture/face differences rather than geometry differences.",#3E2B30,62,43,48,1.000,down=#421C18;up=#3B3C49;north=#3F2A2D;south=#3F2A2D;west=#3E272A;east=#3E272A,down=#421C18;up=#3B3C49,none,dark,1,1,no,minecraft:block/smithing_table,block;cube,minecraft:block/smithing_table_bottom;minecraft:block/smithing_table_front;minecraft:block/smithing_table_side;minecraft:block/smithing_table_top,medium,
minecraft:smoker,full_cube_different_faces,full_cube,self_supporting_geometry,"Full cube [0,0,0]-[1,1,1] with face-dependent visual treatment.","Coordinates are normalized block-local [x,y,z] in 0..1, with y vertical. Occupies the entire voxel [0,0,0]-[1,1,1]. All six exterior faces are present; color differences, if any, are texture/face differences rather than geometry differences.",#6B625A,107,98,90,1.000,down=#6F6D6C;up=#5D5B5A;north=#635649;south=#6B6156;west=#6B6156;east=#6B6156,down=#6F6D6C;up=#5D5B5A;north=#635649,none,neutral,2,8,yes,minecraft:block/smoker;minecraft:block/smoker_on,block;cube;orientable_with_bottom,minecraft:block/smoker_bottom;minecraft:block/smoker_front;minecraft:block/smoker_front_on;minecraft:block/smoker_side;minecraft:block/smoker_top,medium,Average color is computed across the visible model variants referenced by this block.
minecraft:smooth_basalt,full_cube_same_faces,full_cube,self_supporting_geometry,"Full cube [0,0,0]-[1,1,1] with same visual treatment on all six exterior faces.","Coordinates are normalized block-local [x,y,z] in 0..1, with y vertical. Occupies the entire voxel [0,0,0]-[1,1,1]. All six exterior faces are present; color differences, if any, are texture/face differences rather than geometry differences.",#4B4B4F,75,75,79,1.000,down=#4B4B4F;up=#4B4B4F;north=#4B4B4F;south=#4B4B4F;west=#4B4B4F;east=#4B4B4F,,none,stone;neutral,1,1,no,minecraft:block/smooth_basalt,block;cube;cube_all,minecraft:block/smooth_basalt,medium,
minecraft:smooth_quartz,full_cube_same_faces,full_cube,self_supporting_geometry,"Full cube [0,0,0]-[1,1,1] with same visual treatment on all six exterior faces.","Coordinates are normalized block-local [x,y,z] in 0..1, with y vertical. Occupies the entire voxel [0,0,0]-[1,1,1]. All six exterior faces are present; color differences, if any, are texture/face differences rather than geometry differences.",#EDE6E0,237,230,224,1.000,down=#EDE6E0;up=#EDE6E0;north=#EDE6E0;south=#EDE6E0;west=#EDE6E0;east=#EDE6E0,,none,light;neutral,1,1,no,minecraft:block/smooth_quartz,block;cube;cube_all,minecraft:block/quartz_block_bottom,medium,
minecraft:smooth_quartz_slab,slab,slab,self_supporting_geometry,Half-height or full-height rectangular prism selected by slab type.,"Coordinates are normalized block-local [x,y,z] in 0..1, with y vertical. type=bottom occupies [0,0,0]-[1,0.5,1]. type=top occupies [0,0.5,0]-[1,1,1]. type=double is a full cube [0,0,0]-[1,1,1]. Single-slab states are exactly half-height rectangular prisms.",#EDE6E0,237,230,224,1.000,,,none,architectural_shape;light;neutral,3,3,no,minecraft:block/smooth_quartz;minecraft:block/smooth_quartz_slab;minecraft:block/smooth_quartz_slab_top,block;cube;cube_all;slab;slab_top,minecraft:block/quartz_block_bottom,medium,Average color is computed across the visible model variants referenced by this block.
minecraft:smooth_quartz_stairs,stairs,stairs,self_supporting_geometry,"Step-shaped block: half-block base plus one or more quarter/half prisms; straight, inner-corner, and outer-corner variants.","Coordinates are normalized block-local [x,y,z] in 0..1, with y vertical. Stairs are a full 1x1x1 cube with step-shaped upper/lower half removed. For half=bottom, shape=straight occupies a full bottom half [0,0,0]-[1,0.5,1] plus one upper half-prism [0.5,0.5,0]-[1,1,1] in the canonical east-facing model, so the side profile is an L and the missing volume is a 0.5x0.5x1 prism; facing rotates that prism to north/east/south/west. half=top mirrors the geometry vertically, putting the full half at y=0.5..1 and the step/void in y=0..0.5. shape=inner_left/inner_right occupies the full lower (or upper, for half=top) half plus an L-shaped pair of 0.5x0.5x1 and 0.5x0.5x0.5 upper/lower prisms, leaving exactly one 0.5x0.5x0.5 corner void; left/right chooses the corner after the facing rotation. shape=outer_left/outer_right occupies the full half plus only one 0.5x0.5x0.5 corner prism in the opposite half, leaving the other three corner quarters empty; left/right chooses the retained corner after facing rotation.",#EDE6E0,237,230,224,1.000,,,none,architectural_shape;light;neutral,3,40,yes,minecraft:block/smooth_quartz_stairs;minecraft:block/smooth_quartz_stairs_inner;minecraft:block/smooth_quartz_stairs_outer,block;inner_stairs;outer_stairs;stairs,minecraft:block/quartz_block_bottom,medium,Average color is computed across the visible model variants referenced by this block.
minecraft:smooth_red_sandstone,full_cube_same_faces,full_cube,self_supporting_geometry,"Full cube [0,0,0]-[1,1,1] with same visual treatment on all six exterior faces.","Coordinates are normalized block-local [x,y,z] in 0..1, with y vertical. Occupies the entire voxel [0,0,0]-[1,1,1]. All six exterior faces are present; color differences, if any, are texture/face differences rather than geometry differences.",#B66220,182,98,32,1.000,down=#B66220;up=#B66220;north=#B66220;south=#B66220;west=#B66220;east=#B66220,,none,stone,1,1,no,minecraft:block/smooth_red_sandstone,block;cube;cube_all,minecraft:block/red_sandstone_top,medium,
minecraft:smooth_red_sandstone_slab,slab,slab,self_supporting_geometry,Half-height or full-height rectangular prism selected by slab type.,"Coordinates are normalized block-local [x,y,z] in 0..1, with y vertical. type=bottom occupies [0,0,0]-[1,0.5,1]. type=top occupies [0,0.5,0]-[1,1,1]. type=double is a full cube [0,0,0]-[1,1,1]. Single-slab states are exactly half-height rectangular prisms.",#B66220,182,98,32,1.000,,,none,stone;architectural_shape,3,3,no,minecraft:block/smooth_red_sandstone;minecraft:block/smooth_red_sandstone_slab;minecraft:block/smooth_red_sandstone_slab_top,block;cube;cube_all;slab;slab_top,minecraft:block/red_sandstone_top,medium,Average color is computed across the visible model variants referenced by this block.
minecraft:smooth_red_sandstone_stairs,stairs,stairs,self_supporting_geometry,"Step-shaped block: half-block base plus one or more quarter/half prisms; straight, inner-corner, and outer-corner variants.","Coordinates are normalized block-local [x,y,z] in 0..1, with y vertical. Stairs are a full 1x1x1 cube with step-shaped upper/lower half removed. For half=bottom, shape=straight occupies a full bottom half [0,0,0]-[1,0.5,1] plus one upper half-prism [0.5,0.5,0]-[1,1,1] in the canonical east-facing model, so the side profile is an L and the missing volume is a 0.5x0.5x1 prism; facing rotates that prism to north/east/south/west. half=top mirrors the geometry vertically, putting the full half at y=0.5..1 and the step/void in y=0..0.5. shape=inner_left/inner_right occupies the full lower (or upper, for half=top) half plus an L-shaped pair of 0.5x0.5x1 and 0.5x0.5x0.5 upper/lower prisms, leaving exactly one 0.5x0.5x0.5 corner void; left/right chooses the corner after the facing rotation. shape=outer_left/outer_right occupies the full half plus only one 0.5x0.5x0.5 corner prism in the opposite half, leaving the other three corner quarters empty; left/right chooses the retained corner after facing rotation.",#B66220,182,98,32,1.000,,,none,stone;architectural_shape,3,40,yes,minecraft:block/smooth_red_sandstone_stairs;minecraft:block/smooth_red_sandstone_stairs_inner;minecraft:block/smooth_red_sandstone_stairs_outer,block;inner_stairs;outer_stairs;stairs,minecraft:block/red_sandstone_top,medium,Average color is computed across the visible model variants referenced by this block.
minecraft:smooth_sandstone,full_cube_same_faces,full_cube,self_supporting_geometry,"Full cube [0,0,0]-[1,1,1] with same visual treatment on all six exterior faces.","Coordinates are normalized block-local [x,y,z] in 0..1, with y vertical. Occupies the entire voxel [0,0,0]-[1,1,1]. All six exterior faces are present; color differences, if any, are texture/face differences rather than geometry differences.",#E0D6AB,224,214,171,1.000,down=#E0D6AB;up=#E0D6AB;north=#E0D6AB;south=#E0D6AB;west=#E0D6AB;east=#E0D6AB,,none,stone;light,1,1,no,minecraft:block/smooth_sandstone,block;cube;cube_all,minecraft:block/sandstone_top,medium,
minecraft:smooth_sandstone_slab,slab,slab,self_supporting_geometry,Half-height or full-height rectangular prism selected by slab type.,"Coordinates are normalized block-local [x,y,z] in 0..1, with y vertical. type=bottom occupies [0,0,0]-[1,0.5,1]. type=top occupies [0,0.5,0]-[1,1,1]. type=double is a full cube [0,0,0]-[1,1,1]. Single-slab states are exactly half-height rectangular prisms.",#E0D6AB,224,214,171,1.000,,,none,stone;architectural_shape;light,3,3,no,minecraft:block/smooth_sandstone;minecraft:block/smooth_sandstone_slab;minecraft:block/smooth_sandstone_slab_top,block;cube;cube_all;slab;slab_top,minecraft:block/sandstone_top,medium,Average color is computed across the visible model variants referenced by this block.
minecraft:smooth_sandstone_stairs,stairs,stairs,self_supporting_geometry,"Step-shaped block: half-block base plus one or more quarter/half prisms; straight, inner-corner, and outer-corner variants.","Coordinates are normalized block-local [x,y,z] in 0..1, with y vertical. Stairs are a full 1x1x1 cube with step-shaped upper/lower half removed. For half=bottom, shape=straight occupies a full bottom half [0,0,0]-[1,0.5,1] plus one upper half-prism [0.5,0.5,0]-[1,1,1] in the canonical east-facing model, so the side profile is an L and the missing volume is a 0.5x0.5x1 prism; facing rotates that prism to north/east/south/west. half=top mirrors the geometry vertically, putting the full half at y=0.5..1 and the step/void in y=0..0.5. shape=inner_left/inner_right occupies the full lower (or upper, for half=top) half plus an L-shaped pair of 0.5x0.5x1 and 0.5x0.5x0.5 upper/lower prisms, leaving exactly one 0.5x0.5x0.5 corner void; left/right chooses the corner after the facing rotation. shape=outer_left/outer_right occupies the full half plus only one 0.5x0.5x0.5 corner prism in the opposite half, leaving the other three corner quarters empty; left/right chooses the retained corner after facing rotation.",#E0D6AB,224,214,171,1.000,,,none,stone;architectural_shape;light,3,40,yes,minecraft:block/smooth_sandstone_stairs;minecraft:block/smooth_sandstone_stairs_inner;minecraft:block/smooth_sandstone_stairs_outer,block;inner_stairs;outer_stairs;stairs,minecraft:block/sandstone_top,medium,Average color is computed across the visible model variants referenced by this block.
minecraft:smooth_stone,full_cube_same_faces,full_cube,self_supporting_geometry,"Full cube [0,0,0]-[1,1,1] with same visual treatment on all six exterior faces.","Coordinates are normalized block-local [x,y,z] in 0..1, with y vertical. Occupies the entire voxel [0,0,0]-[1,1,1]. All six exterior faces are present; color differences, if any, are texture/face differences rather than geometry differences.",#A0A0A0,160,160,160,1.000,down=#A0A0A0;up=#A0A0A0;north=#A0A0A0;south=#A0A0A0;west=#A0A0A0;east=#A0A0A0,,none,stone;neutral,1,1,no,minecraft:block/smooth_stone,block;cube;cube_all,minecraft:block/smooth_stone,medium,
minecraft:smooth_stone_slab,slab,slab,self_supporting_geometry,Half-height or full-height rectangular prism selected by slab type.,"Coordinates are normalized block-local [x,y,z] in 0..1, with y vertical. type=bottom occupies [0,0,0]-[1,0.5,1]. type=top occupies [0,0.5,0]-[1,1,1]. type=double is a full cube [0,0,0]-[1,1,1]. Single-slab states are exactly half-height rectangular prisms.",#A5A5A5,165,165,165,1.000,,,none,stone;architectural_shape;neutral,3,3,no,minecraft:block/smooth_stone_slab;minecraft:block/smooth_stone_slab_double;minecraft:block/smooth_stone_slab_top,block;cube;cube_column;slab;slab_top,minecraft:block/smooth_stone;minecraft:block/smooth_stone_slab_side,medium,Average color is computed across the visible model variants referenced by this block.
minecraft:sniffer_egg,irregular_self_supporting,irregular_model,self_supporting_geometry,Irregular non-cube geometry that can be used as a standalone placed form.,"Coordinates are normalized block-local [x,y,z] in 0..1, with y vertical. Cluster geometry: count-like states add multiple small rounded/cuboid objects on the floor footprint. More items increase visual density while leaving the block mostly empty.",#685739,104,87,57,1.000,,,none,,3,3,no,minecraft:block/sniffer_egg_not_cracked;minecraft:block/sniffer_egg_slightly_cracked;minecraft:block/sniffer_egg_very_cracked,sniffer_egg,minecraft:block/sniffer_egg_not_cracked_bottom;minecraft:block/sniffer_egg_not_cracked_east;minecraft:block/sniffer_egg_not_cracked_north;minecraft:block/sniffer_egg_not_cracked_south;minecraft:block/sniffer_egg_not_cracked_top;minecraft:block/sniffer_egg_not_cracked_west;minecraft:block/sniffer_egg_slightly_cracked_bottom;minecraft:block/sniffer_egg_slightly_cracked_east;minecraft:block/sniffer_egg_slightly_cracked_north;minecraft:block/sniffer_egg_slightly_cracked_south;minecraft:block/sniffer_egg_slightly_cracked_top;minecraft:block/sniffer_egg_slightly_cracked_west;minecraft:block/sniffer_egg_very_cracked_bottom;minecraft:block/sniffer_egg_very_cracked_east;minecraft:block/sniffer_egg_very_cracked_north;minecraft:block/sniffer_egg_very_cracked_south;minecraft:block/sniffer_egg_very_cracked_top;minecraft:block/sniffer_egg_very_cracked_west,medium,Average color is computed across the visible model variants referenced by this block.
minecraft:snow,irregular_dependent,irregular_model,dependent_on_support_or_counterpart,"Irregular non-cube geometry that is expected to depend on a support block, substrate, or paired state.","Coordinates are normalized block-local [x,y,z] in 0..1, with y vertical. Irregular model geometry resolved from block models. Representative normalized cuboids/planes: minecraft:block/snow_height2 -> 1 element: [0,0,0]-[1,0.125,1] | minecraft:block/snow_height4 -> 1 element: [0,0,0]-[1,0.25,1] | minecraft:block/snow_height6 -> 1 element: [0,0,0]-[1,0.375,1]. Orientation or count states rotate, swap, or combine these cuboids without making the block a full cube.",#F9FEFE,249,254,254,1.000,,,none,light;neutral,8,8,no,minecraft:block/snow_block;minecraft:block/snow_height10;minecraft:block/snow_height12;minecraft:block/snow_height14;minecraft:block/snow_height2;minecraft:block/snow_height4;minecraft:block/snow_height6;minecraft:block/snow_height8,block;cube;cube_all;thin_block,minecraft:block/snow,medium,Average color is computed across the visible model variants referenced by this block.
minecraft:snow_block,full_cube_same_faces,full_cube,self_supporting_geometry,"Full cube [0,0,0]-[1,1,1] with same visual treatment on all six exterior faces.","Coordinates are normalized block-local [x,y,z] in 0..1, with y vertical. Occupies the entire voxel [0,0,0]-[1,1,1]. All six exterior faces are present; color differences, if any, are texture/face differences rather than geometry differences.",#F9FEFE,249,254,254,1.000,down=#F9FEFE;up=#F9FEFE;north=#F9FEFE;south=#F9FEFE;west=#F9FEFE;east=#F9FEFE,,none,light;neutral,1,1,no,minecraft:block/snow_block,block;cube;cube_all,minecraft:block/snow,medium,
minecraft:soul_campfire,irregular_dependent,irregular_model,dependent_on_support_or_counterpart,"Irregular non-cube geometry that is expected to depend on a support block, substrate, or paired state.","Coordinates are normalized block-local [x,y,z] in 0..1, with y vertical. Irregular model geometry resolved from block models. Representative normalized cuboids/planes: minecraft:block/campfire_off -> 5 elements: [0.0625,0,0]-[0.3125,0.25,1] + [0,0.1875,0.6875]-[1,0.4375,0.9375] + [0.6875,0,0]-[0.9375,0.25,1] + [0,0.1875,0.0625]-[1,0.4375,0.3125] + [0.3125,0,0]-[0.6875,0.0625,1] | minecraft:block/soul_campfire -> 7 elements: [0.0625,0,0]-[0.3125,0.25,1] + [0,0.1875,0.6875]-[1,0.4375,0.9375] + [0.6875,0,0]-[0.9375,0.25,1] + [0,0.1875,0.0625]-[1,0.4375,0.3125] + [0.3125,0,0]-[0.6875,0.0625,1] + [0.05,0.0625,0.5]-[0.95,1.0625,0.5] plus 1 more cuboids/planes. Orientation or count states rotate, swap, or combine these cuboids without making the block a full cube.",#778678,119,134,120,1.000,,,none,neutral,2,8,yes,minecraft:block/campfire_off;minecraft:block/soul_campfire,block;template_campfire,minecraft:block/campfire_log;minecraft:block/soul_campfire_fire;minecraft:block/soul_campfire_log_lit,medium,Average color is computed across the visible model variants referenced by this block.
minecraft:soul_fire,irregular_dependent,irregular_model,dependent_on_support_or_counterpart,"Irregular non-cube geometry that is expected to depend on a support block, substrate, or paired state.","Coordinates are normalized block-local [x,y,z] in 0..1, with y vertical. Irregular model geometry resolved from block models. Representative normalized cuboids/planes: minecraft:block/soul_fire_floor0 -> 4 elements: [0,0,0.55]-[1,1.4,0.55] + [0,0,0.45]-[1,1.4,0.45] + [0.55,0,0]-[0.55,1.4,1] + [0.45,0,0]-[0.45,1.4,1] | minecraft:block/soul_fire_side0 -> 1 element: [0,0,0.0006]-[1,1.4,0.0006]. Orientation or count states rotate, swap, or combine these cuboids without making the block a full cube.",#6FC7CB,111,199,203,1.000,,,none,,6,18,yes,minecraft:block/soul_fire_floor0;minecraft:block/soul_fire_floor1;minecraft:block/soul_fire_side0;minecraft:block/soul_fire_side1;minecraft:block/soul_fire_side_alt0;minecraft:block/soul_fire_side_alt1,template_fire_floor;template_fire_side;template_fire_side_alt,minecraft:block/soul_fire_0;minecraft:block/soul_fire_1,medium,Average color is computed across the visible model variants referenced by this block.
minecraft:soul_lantern,irregular_self_supporting,hanging_or_floor_lantern,self_supporting_geometry,Irregular non-cube geometry that can be used as a standalone placed form.,"Coordinates are normalized block-local [x,y,z] in 0..1, with y vertical. Lantern geometry is a compact cage-like light body with a small handle. hanging=false places it on the floor; hanging=true suspends it from the ceiling with the body lower in the voxel.",#58828C,88,130,140,1.000,,,none,light_source,2,2,no,minecraft:block/soul_lantern;minecraft:block/soul_lantern_hanging,block;template_hanging_lantern;template_lantern,minecraft:block/soul_lantern,medium,Average color is computed across the visible model variants referenced by this block.
minecraft:soul_sand,full_cube_same_faces,full_cube,self_supporting_geometry,"Full cube [0,0,0]-[1,1,1] with same visual treatment on all six exterior faces.","Coordinates are normalized block-local [x,y,z] in 0..1, with y vertical. Occupies the entire voxel [0,0,0]-[1,1,1]. All six exterior faces are present; color differences, if any, are texture/face differences rather than geometry differences.",#544135,84,65,53,1.000,down=#544135;up=#544135;north=#544135;south=#544135;west=#544135;east=#544135,,none,,1,1,no,minecraft:block/soul_sand,block;cube;cube_all,minecraft:block/soul_sand,medium,
minecraft:soul_soil,full_cube_same_faces,full_cube,self_supporting_geometry,"Full cube [0,0,0]-[1,1,1] with same visual treatment on all six exterior faces.","Coordinates are normalized block-local [x,y,z] in 0..1, with y vertical. Occupies the entire voxel [0,0,0]-[1,1,1]. All six exterior faces are present; color differences, if any, are texture/face differences rather than geometry differences.",#4E3B30,78,59,48,1.000,down=#4E3B30;up=#4E3B30;north=#4E3B30;south=#4E3B30;west=#4E3B30;east=#4E3B30,,none,,1,1,no,minecraft:block/soul_soil,block;cube;cube_all,minecraft:block/soul_soil,medium,
minecraft:soul_torch,irregular_dependent,torch_rod,dependent_on_support_or_counterpart,Irregular slim torch/rod geometry; floor or wall attachment depends on block state.,"Coordinates are normalized block-local [x,y,z] in 0..1, with y vertical. Torch-like rod geometry: floor variants use a slim vertical cuboid roughly [0.4375,0,0.4375]-[0.5625,0.625,0.5625]. Wall variants rotate/tilt this slim rod against the selected wall face, so the support face determines the attachment side.",#7D8B7F,125,139,127,1.000,,,none,light_source;neutral,1,1,no,minecraft:block/soul_torch,template_torch,minecraft:block/soul_torch,medium,
minecraft:soul_wall_torch,irregular_dependent,torch_rod,dependent_on_support_or_counterpart,Irregular slim torch/rod geometry; floor or wall attachment depends on block state.,"Coordinates are normalized block-local [x,y,z] in 0..1, with y vertical. Torch-like rod geometry: floor variants use a slim vertical cuboid roughly [0.4375,0,0.4375]-[0.5625,0.625,0.5625]. Wall variants rotate/tilt this slim rod against the selected wall face, so the support face determines the attachment side.",#7D8B7F,125,139,127,1.000,,,none,light_source;neutral,1,4,yes,minecraft:block/soul_wall_torch,template_torch_wall,minecraft:block/soul_torch,medium,
minecraft:spawner,full_cube_same_faces,full_cube,self_supporting_geometry,"Full cube [0,0,0]-[1,1,1] with same visual treatment on all six exterior faces.","Coordinates are normalized block-local [x,y,z] in 0..1, with y vertical. Occupies the entire voxel [0,0,0]-[1,1,1]. All six exterior faces are present; color differences, if any, are texture/face differences rather than geometry differences.",#283444,40,52,68,1.000,down=#283444;up=#283444;north=#283444;south=#283444;west=#283444;east=#283444,,none,dark,1,1,no,minecraft:block/spawner,block;cube;cube_all;cube_all_inner_faces,minecraft:block/spawner,medium,
minecraft:sponge,full_cube_same_faces,full_cube,self_supporting_geometry,"Full cube [0,0,0]-[1,1,1] with same visual treatment on all six exterior faces.","Coordinates are normalized block-local [x,y,z] in 0..1, with y vertical. Occupies the entire voxel [0,0,0]-[1,1,1]. All six exterior faces are present; color differences, if any, are texture/face differences rather than geometry differences.",#C5C24B,197,194,75,1.000,down=#C5C24B;up=#C5C24B;north=#C5C24B;south=#C5C24B;west=#C5C24B;east=#C5C24B,,none,,1,1,no,minecraft:block/sponge,block;cube;cube_all,minecraft:block/sponge,medium,
minecraft:spore_blossom,irregular_self_supporting,irregular_model,self_supporting_geometry,Irregular non-cube geometry that can be used as a standalone placed form.,"Coordinates are normalized block-local [x,y,z] in 0..1, with y vertical. Irregular model geometry resolved from block models. Representative normalized cuboids/planes: minecraft:block/spore_blossom -> 5 elements: [0.0625,0.9938,0.0625]-[0.9375,0.9938,0.9375] + [0.5,0.9813,0]-[1.5,0.9813,1] + [-0.5,0.9813,0]-[0.5,0.9813,1] + [0,0.9813,0.5]-[1,0.9813,1.5] + [0,0.9813,-0.5]-[1,0.9813,0.5]. Orientation or count states rotate, swap, or combine these cuboids without making the block a full cube.",#C96E99,201,110,153,1.000,,,none,ore,1,1,no,minecraft:block/spore_blossom,block,minecraft:block/spore_blossom;minecraft:block/spore_blossom_base,medium,
minecraft:spruce_button,irregular_dependent,irregular_model,dependent_on_support_or_counterpart,"Irregular non-cube geometry that is expected to depend on a support block, substrate, or paired state.","Coordinates are normalized block-local [x,y,z] in 0..1, with y vertical. Button geometry is a small face-mounted cuboid. face/facing chooses the support face and orientation; powered=true uses a thinner pressed protrusion, while powered=false protrudes farther from the support surface.",#735531,115,85,49,1.000,,,none,,2,24,yes,minecraft:block/spruce_button;minecraft:block/spruce_button_pressed,button;button_pressed,minecraft:block/spruce_planks,medium,Average color is computed across the visible model variants referenced by this block.
minecraft:spruce_door,irregular_dependent,hinged_panel,dependent_on_support_or_counterpart,"Irregular thin hinged panel; open/closed, half, hinge, or facing changes by state.","Coordinates are normalized block-local [x,y,z] in 0..1, with y vertical. Door-like geometry is a thin vertical panel about 0.1875 blocks thick and one block tall per half. half=lower/upper selects the lower or upper block of the two-block door. facing chooses the panel orientation, hinge selects the pivot side, and open=true rotates the panel around that hinge.",#6F5536,111,85,54,1.000,,,none,,8,32,yes,minecraft:block/spruce_door_bottom_left;minecraft:block/spruce_door_bottom_left_open;minecraft:block/spruce_door_bottom_right;minecraft:block/spruce_door_bottom_right_open;minecraft:block/spruce_door_top_left;minecraft:block/spruce_door_top_left_open;minecraft:block/spruce_door_top_right;minecraft:block/spruce_door_top_right_open,door_bottom_left;door_bottom_left_open;door_bottom_right;door_bottom_right_open;door_top_left;door_top_left_open;door_top_right;door_top_right_open,minecraft:block/spruce_door_bottom;minecraft:block/spruce_door_top,medium,Average color is computed across the visible model variants referenced by this block.
minecraft:spruce_fence,thin_wall,fence,self_supporting_geometry,"Narrow multipart connector: thin post, pane, bar, fence, or gate segments.","Coordinates are normalized block-local [x,y,z] in 0..1, with y vertical. Fence geometry is multipart. The center post is [0.375,0,0.375]-[0.625,1,0.625]. Each north/east/south/west=true connector adds two narrow horizontal rails from the post toward that face: lower rail around y=0.375..0.5625 and upper rail around y=0.75..0.9375, with a 0.125-thick cross-section. false leaves that side open.",#735531,115,85,49,1.000,,,none,architectural_shape,2,5,yes,minecraft:block/spruce_fence_post;minecraft:block/spruce_fence_side,fence_post;fence_side,minecraft:block/spruce_planks,medium,Average color is computed across the visible model variants referenced by this block.
minecraft:spruce_fence_gate,thin_wall,fence_gate,self_supporting_geometry,"Narrow multipart connector: thin post, pane, bar, fence, or gate segments.","Coordinates are normalized block-local [x,y,z] in 0..1, with y vertical. Fence gate geometry is a pair of narrow side posts plus two hinged gate leaves. open=false places the leaves across the center line as a thin barrier; open=true swings the leaves back against the side posts. facing rotates the gate axis. in_wall=true lowers the posts and rails to align with coarse wall height, using the same narrow footprints but shifted downward.",#735531,115,85,49,1.000,,,none,architectural_shape,4,16,yes,minecraft:block/spruce_fence_gate;minecraft:block/spruce_fence_gate_open;minecraft:block/spruce_fence_gate_wall;minecraft:block/spruce_fence_gate_wall_open,block;template_fence_gate;template_fence_gate_open;template_fence_gate_wall;template_fence_gate_wall_open,minecraft:block/spruce_planks,medium,Average color is computed across the visible model variants referenced by this block.
minecraft:spruce_hanging_sign,entity_block,entity_renderer,entity_or_block_entity_renderer,Special renderer/entity-style block; normal model geometry is not authoritative.,"Coordinates are normalized block-local [x,y,z] in 0..1, with y vertical. This block is rendered by an entity, block entity, or special renderer rather than by a normal solid block model. Treat its world geometry as renderer-defined; this CSV intentionally does not infer a precise color or cuboid mesh from the block model.",,,,,,,,none,,1,1,no,minecraft:block/spruce_hanging_sign,,,high,Average color intentionally omitted because this is handled by entity/block-entity rendering.
minecraft:spruce_leaves,full_cube_same_faces,full_cube,self_supporting_geometry,"Full cube [0,0,0]-[1,1,1] with same visual treatment on all six exterior faces.","Coordinates are normalized block-local [x,y,z] in 0..1, with y vertical. Occupies the entire voxel [0,0,0]-[1,1,1]. All six exterior faces are present; color differences, if any, are texture/face differences rather than geometry differences.",#3D5818,61,88,24,1.000,down=#3D5818;up=#3D5818;north=#3D5818;south=#3D5818;west=#3D5818;east=#3D5818,,plains_foliage,vegetation,1,1,no,minecraft:block/spruce_leaves,block;leaves,minecraft:block/spruce_leaves,medium,Tinted textures use the plains biome approximation for color averaging.
minecraft:spruce_log,full_cube_different_faces,full_cube,self_supporting_geometry,"Full cube [0,0,0]-[1,1,1] with face-dependent visual treatment.","Coordinates are normalized block-local [x,y,z] in 0..1, with y vertical. Occupies the entire voxel [0,0,0]-[1,1,1]. All six exterior faces are present; color differences, if any, are texture/face differences rather than geometry differences.",#513A20,81,58,32,1.000,down=#6F5230;up=#6F5230;north=#3C2712;south=#3C2712;west=#3C2712;east=#3C2712,down=#6F5230;up=#6F5230,none,wood,2,3,yes,minecraft:block/spruce_log;minecraft:block/spruce_log_horizontal,block;cube;cube_column;cube_column_horizontal,minecraft:block/spruce_log;minecraft:block/spruce_log_top,medium,Average color is computed across the visible model variants referenced by this block.
minecraft:spruce_planks,full_cube_same_faces,full_cube,self_supporting_geometry,"Full cube [0,0,0]-[1,1,1] with same visual treatment on all six exterior faces.","Coordinates are normalized block-local [x,y,z] in 0..1, with y vertical. Occupies the entire voxel [0,0,0]-[1,1,1]. All six exterior faces are present; color differences, if any, are texture/face differences rather than geometry differences.",#745632,116,86,50,1.000,down=#745632;up=#745632;north=#745632;south=#745632;west=#745632;east=#745632,,none,wood,1,1,no,minecraft:block/spruce_planks,block;cube;cube_all,minecraft:block/spruce_planks,medium,
minecraft:spruce_pressure_plate,irregular_dependent,irregular_model,dependent_on_support_or_counterpart,"Irregular non-cube geometry that is expected to depend on a support block, substrate, or paired state.","Coordinates are normalized block-local [x,y,z] in 0..1, with y vertical. Pressure plate geometry is a low rectangular floor plate occupying most of the x/z footprint. powered=false is slightly raised; powered=true lowers it closer to the supporting block.",#735531,115,85,49,1.000,,,none,,2,2,no,minecraft:block/spruce_pressure_plate;minecraft:block/spruce_pressure_plate_down,block;pressure_plate_down;pressure_plate_up;thin_block,minecraft:block/spruce_planks,medium,Average color is computed across the visible model variants referenced by this block.
minecraft:spruce_sapling,irregular_dependent,cross_planes,dependent_on_support_or_counterpart,"Irregular crossed flat planes with transparent cutout texture, typically plant-like and support/substrate dependent.","Coordinates are normalized block-local [x,y,z] in 0..1, with y vertical. Cross-plane geometry: two near-zero-thickness quads cross diagonally through the block center, usually spanning most of y=0..1. The visible silhouette comes from transparent texture pixels, not from cuboid volume; placement normally depends on ground or substrate support.",#2F4129,47,65,41,1.000,,,none,,1,1,no,minecraft:block/spruce_sapling,cross,minecraft:block/spruce_sapling,medium,
minecraft:spruce_shelf,irregular_self_supporting,irregular_model,self_supporting_geometry,Irregular non-cube geometry that can be used as a standalone placed form.,"Coordinates are normalized block-local [x,y,z] in 0..1, with y vertical. Irregular model geometry resolved from block models. Representative normalized cuboids/planes: minecraft:block/spruce_shelf -> 3 elements: [0,0,0.8125]-[1,1,1] + [0,0,0.6875]-[1,0.25,0.8125] + [0,0.75,0.6875]-[1,1,0.8125] | minecraft:block/spruce_shelf_unpowered -> 1 element: [0,0.25,0.8125]-[1,0.75,0.8125]. Orientation or count states rotate, swap, or combine these cuboids without making the block a full cube.",#68532F,104,83,47,1.000,,,none,,6,24,yes,minecraft:block/spruce_shelf;minecraft:block/spruce_shelf_center;minecraft:block/spruce_shelf_left;minecraft:block/spruce_shelf_right;minecraft:block/spruce_shelf_unconnected;minecraft:block/spruce_shelf_unpowered,block;template_shelf_body;template_shelf_center;template_shelf_left;template_shelf_right;template_shelf_unconnected;template_shelf_unpowered,minecraft:block/spruce_shelf,medium,Average color is computed across the visible model variants referenced by this block.
minecraft:spruce_sign,entity_block,entity_renderer,entity_or_block_entity_renderer,Special renderer/entity-style block; normal model geometry is not authoritative.,"Coordinates are normalized block-local [x,y,z] in 0..1, with y vertical. This block is rendered by an entity, block entity, or special renderer rather than by a normal solid block model. Treat its world geometry as renderer-defined; this CSV intentionally does not infer a precise color or cuboid mesh from the block model.",,,,,,,,none,,1,1,no,minecraft:block/spruce_sign,,,high,Average color intentionally omitted because this is handled by entity/block-entity rendering.
minecraft:spruce_slab,slab,slab,self_supporting_geometry,Half-height or full-height rectangular prism selected by slab type.,"Coordinates are normalized block-local [x,y,z] in 0..1, with y vertical. type=bottom occupies [0,0,0]-[1,0.5,1]. type=top occupies [0,0.5,0]-[1,1,1]. type=double is a full cube [0,0,0]-[1,1,1]. Single-slab states are exactly half-height rectangular prisms.",#745632,116,86,50,1.000,,,none,architectural_shape,3,3,no,minecraft:block/spruce_planks;minecraft:block/spruce_slab;minecraft:block/spruce_slab_top,block;cube;cube_all;slab;slab_top,minecraft:block/spruce_planks,medium,Average color is computed across the visible model variants referenced by this block.
minecraft:spruce_stairs,stairs,stairs,self_supporting_geometry,"Step-shaped block: half-block base plus one or more quarter/half prisms; straight, inner-corner, and outer-corner variants.","Coordinates are normalized block-local [x,y,z] in 0..1, with y vertical. Stairs are a full 1x1x1 cube with step-shaped upper/lower half removed. For half=bottom, shape=straight occupies a full bottom half [0,0,0]-[1,0.5,1] plus one upper half-prism [0.5,0.5,0]-[1,1,1] in the canonical east-facing model, so the side profile is an L and the missing volume is a 0.5x0.5x1 prism; facing rotates that prism to north/east/south/west. half=top mirrors the geometry vertically, putting the full half at y=0.5..1 and the step/void in y=0..0.5. shape=inner_left/inner_right occupies the full lower (or upper, for half=top) half plus an L-shaped pair of 0.5x0.5x1 and 0.5x0.5x0.5 upper/lower prisms, leaving exactly one 0.5x0.5x0.5 corner void; left/right chooses the corner after the facing rotation. shape=outer_left/outer_right occupies the full half plus only one 0.5x0.5x0.5 corner prism in the opposite half, leaving the other three corner quarters empty; left/right chooses the retained corner after facing rotation.",#745631,116,86,49,1.000,,,none,architectural_shape,3,40,yes,minecraft:block/spruce_stairs;minecraft:block/spruce_stairs_inner;minecraft:block/spruce_stairs_outer,block;inner_stairs;outer_stairs;stairs,minecraft:block/spruce_planks,medium,Average color is computed across the visible model variants referenced by this block.
minecraft:spruce_trapdoor,irregular_dependent,hinged_panel,dependent_on_support_or_counterpart,"Irregular thin hinged panel; open/closed, half, hinge, or facing changes by state.","Coordinates are normalized block-local [x,y,z] in 0..1, with y vertical. Trapdoor geometry is a thin 1x1 panel about 0.1875 blocks thick. half=bottom places the closed panel at y=0..0.1875; half=top places it at y=0.8125..1. open=true rotates the same panel upright against the side chosen by facing.",#6A5031,106,80,49,1.000,,,none,,3,16,yes,minecraft:block/spruce_trapdoor_bottom;minecraft:block/spruce_trapdoor_open;minecraft:block/spruce_trapdoor_top,block;template_orientable_trapdoor_bottom;template_orientable_trapdoor_open;template_orientable_trapdoor_top;thin_block,minecraft:block/spruce_trapdoor,medium,Average color is computed across the visible model variants referenced by this block.
minecraft:spruce_wall_hanging_sign,entity_block,entity_renderer,entity_or_block_entity_renderer,Special renderer/entity-style block; normal model geometry is not authoritative.,"Coordinates are normalized block-local [x,y,z] in 0..1, with y vertical. This block is rendered by an entity, block entity, or special renderer rather than by a normal solid block model. Treat its world geometry as renderer-defined; this CSV intentionally does not infer a precise color or cuboid mesh from the block model.",,,,,,,,none,,1,1,no,minecraft:block/spruce_hanging_sign,,,high,Average color intentionally omitted because this is handled by entity/block-entity rendering.
minecraft:spruce_wall_sign,entity_block,entity_renderer,entity_or_block_entity_renderer,Special renderer/entity-style block; normal model geometry is not authoritative.,"Coordinates are normalized block-local [x,y,z] in 0..1, with y vertical. This block is rendered by an entity, block entity, or special renderer rather than by a normal solid block model. Treat its world geometry as renderer-defined; this CSV intentionally does not infer a precise color or cuboid mesh from the block model.",,,,,,,,none,,1,1,no,minecraft:block/spruce_sign,,,high,Average color intentionally omitted because this is handled by entity/block-entity rendering.
minecraft:spruce_wood,full_cube_same_faces,full_cube,self_supporting_geometry,"Full cube [0,0,0]-[1,1,1] with same visual treatment on all six exterior faces.","Coordinates are normalized block-local [x,y,z] in 0..1, with y vertical. Occupies the entire voxel [0,0,0]-[1,1,1]. All six exterior faces are present; color differences, if any, are texture/face differences rather than geometry differences.",#3C2712,60,39,18,1.000,down=#3C2712;up=#3C2712;north=#3C2712;south=#3C2712;west=#3C2712;east=#3C2712,,none,wood;dark,1,3,yes,minecraft:block/spruce_wood,block;cube;cube_column,minecraft:block/spruce_log,medium,
minecraft:sticky_piston,irregular_self_supporting,irregular_model,self_supporting_geometry,Irregular non-cube geometry that can be used as a standalone placed form.,"Coordinates are normalized block-local [x,y,z] in 0..1, with y vertical. Irregular model geometry resolved from block models. Representative normalized cuboids/planes: minecraft:block/sticky_piston -> 1 element: [0,0,0]-[1,1,1] | minecraft:block/piston_base -> 1 element: [0,0,0.25]-[1,1,1]. Orientation or count states rotate, swap, or combine these cuboids without making the block a full cube.",#6E6E66,110,110,102,1.000,,,none,neutral,2,12,yes,minecraft:block/piston_base;minecraft:block/sticky_piston,piston_extended;template_piston,minecraft:block/piston_bottom;minecraft:block/piston_inner;minecraft:block/piston_side;minecraft:block/piston_top_sticky,medium,Average color is computed across the visible model variants referenced by this block.
minecraft:stone,full_cube_same_faces,full_cube,self_supporting_geometry,"Full cube [0,0,0]-[1,1,1] with same visual treatment on all six exterior faces.","Coordinates are normalized block-local [x,y,z] in 0..1, with y vertical. Occupies the entire voxel [0,0,0]-[1,1,1]. All six exterior faces are present; color differences, if any, are texture/face differences rather than geometry differences.",#7E7E7E,126,126,126,1.000,down=#7E7E7E;up=#7E7E7E;north=#7E7E7E;south=#7E7E7E;west=#7E7E7E;east=#7E7E7E,,none,stone;neutral,2,4,yes,minecraft:block/stone;minecraft:block/stone_mirrored,block;cube;cube_all;cube_mirrored;cube_mirrored_all,minecraft:block/stone,medium,Average color is computed across the visible model variants referenced by this block.
minecraft:stone_brick_slab,slab,slab,self_supporting_geometry,Half-height or full-height rectangular prism selected by slab type.,"Coordinates are normalized block-local [x,y,z] in 0..1, with y vertical. type=bottom occupies [0,0,0]-[1,0.5,1]. type=top occupies [0,0.5,0]-[1,1,1]. type=double is a full cube [0,0,0]-[1,1,1]. Single-slab states are exactly half-height rectangular prisms.",#7C7B7C,124,123,124,1.000,,,none,stone;brick;architectural_shape;neutral,3,3,no,minecraft:block/stone_brick_slab;minecraft:block/stone_brick_slab_top;minecraft:block/stone_bricks,block;cube;cube_all;slab;slab_top,minecraft:block/stone_bricks,medium,Average color is computed across the visible model variants referenced by this block.
minecraft:stone_brick_stairs,stairs,stairs,self_supporting_geometry,"Step-shaped block: half-block base plus one or more quarter/half prisms; straight, inner-corner, and outer-corner variants.","Coordinates are normalized block-local [x,y,z] in 0..1, with y vertical. Stairs are a full 1x1x1 cube with step-shaped upper/lower half removed. For half=bottom, shape=straight occupies a full bottom half [0,0,0]-[1,0.5,1] plus one upper half-prism [0.5,0.5,0]-[1,1,1] in the canonical east-facing model, so the side profile is an L and the missing volume is a 0.5x0.5x1 prism; facing rotates that prism to north/east/south/west. half=top mirrors the geometry vertically, putting the full half at y=0.5..1 and the step/void in y=0..0.5. shape=inner_left/inner_right occupies the full lower (or upper, for half=top) half plus an L-shaped pair of 0.5x0.5x1 and 0.5x0.5x0.5 upper/lower prisms, leaving exactly one 0.5x0.5x0.5 corner void; left/right chooses the corner after the facing rotation. shape=outer_left/outer_right occupies the full half plus only one 0.5x0.5x0.5 corner prism in the opposite half, leaving the other three corner quarters empty; left/right chooses the retained corner after facing rotation.",#7C7B7C,124,123,124,1.000,,,none,stone;brick;architectural_shape;neutral,3,40,yes,minecraft:block/stone_brick_stairs;minecraft:block/stone_brick_stairs_inner;minecraft:block/stone_brick_stairs_outer,block;inner_stairs;outer_stairs;stairs,minecraft:block/stone_bricks,medium,Average color is computed across the visible model variants referenced by this block.
minecraft:stone_brick_wall,coarse_wall,masonry_wall,self_supporting_geometry,Thick multipart wall: optional center post plus low/tall side arms.,"Coordinates are normalized block-local [x,y,z] in 0..1, with y vertical. Thick wall states are multipart masonry geometry. up=true adds a center post [0.25,0,0.25]-[0.75,1,0.75]. For each of north/east/south/west: value=none adds no arm; value=low adds a thick arm from the post to that face, approximately 0.375 wide, 0.5 long, and 0.875 high; value=tall uses the same footprint but rises to full height y=1. Direction values rotate the canonical north arm [0.3125,0,0]-[0.6875,0.875 or 1,0.5].",#7C7B7C,124,123,124,1.000,,,none,stone;brick;architectural_shape;neutral,3,9,yes,minecraft:block/stone_brick_wall_post;minecraft:block/stone_brick_wall_side;minecraft:block/stone_brick_wall_side_tall,template_wall_post;template_wall_side;template_wall_side_tall,minecraft:block/stone_bricks,medium,Average color is computed across the visible model variants referenced by this block.
minecraft:stone_bricks,full_cube_same_faces,full_cube,self_supporting_geometry,"Full cube [0,0,0]-[1,1,1] with same visual treatment on all six exterior faces.","Coordinates are normalized block-local [x,y,z] in 0..1, with y vertical. Occupies the entire voxel [0,0,0]-[1,1,1]. All six exterior faces are present; color differences, if any, are texture/face differences rather than geometry differences.",#7C7B7C,124,123,124,1.000,down=#7C7B7C;up=#7C7B7C;north=#7C7B7C;south=#7C7B7C;west=#7C7B7C;east=#7C7B7C,,none,stone;brick;neutral,1,1,no,minecraft:block/stone_bricks,block;cube;cube_all,minecraft:block/stone_bricks,medium,
minecraft:stone_button,irregular_dependent,irregular_model,dependent_on_support_or_counterpart,"Irregular non-cube geometry that is expected to depend on a support block, substrate, or paired state.","Coordinates are normalized block-local [x,y,z] in 0..1, with y vertical. Button geometry is a small face-mounted cuboid. face/facing chooses the support face and orientation; powered=true uses a thinner pressed protrusion, while powered=false protrudes farther from the support surface.",#818181,129,129,129,1.000,,,none,stone;neutral,2,24,yes,minecraft:block/stone_button;minecraft:block/stone_button_pressed,button;button_pressed,minecraft:block/stone,medium,Average color is computed across the visible model variants referenced by this block.
minecraft:stone_pressure_plate,irregular_dependent,irregular_model,dependent_on_support_or_counterpart,"Irregular non-cube geometry that is expected to depend on a support block, substrate, or paired state.","Coordinates are normalized block-local [x,y,z] in 0..1, with y vertical. Pressure plate geometry is a low rectangular floor plate occupying most of the x/z footprint. powered=false is slightly raised; powered=true lowers it closer to the supporting block.",#7E7E7E,126,126,126,1.000,,,none,stone;neutral,2,2,no,minecraft:block/stone_pressure_plate;minecraft:block/stone_pressure_plate_down,block;pressure_plate_down;pressure_plate_up;thin_block,minecraft:block/stone,medium,Average color is computed across the visible model variants referenced by this block.
minecraft:stone_slab,slab,slab,self_supporting_geometry,Half-height or full-height rectangular prism selected by slab type.,"Coordinates are normalized block-local [x,y,z] in 0..1, with y vertical. type=bottom occupies [0,0,0]-[1,0.5,1]. type=top occupies [0,0.5,0]-[1,1,1]. type=double is a full cube [0,0,0]-[1,1,1]. Single-slab states are exactly half-height rectangular prisms.",#7E7E7E,126,126,126,1.000,,,none,stone;architectural_shape;neutral,3,3,no,minecraft:block/stone;minecraft:block/stone_slab;minecraft:block/stone_slab_top,block;cube;cube_all;slab;slab_top,minecraft:block/stone,medium,Average color is computed across the visible model variants referenced by this block.
minecraft:stone_stairs,stairs,stairs,self_supporting_geometry,"Step-shaped block: half-block base plus one or more quarter/half prisms; straight, inner-corner, and outer-corner variants.","Coordinates are normalized block-local [x,y,z] in 0..1, with y vertical. Stairs are a full 1x1x1 cube with step-shaped upper/lower half removed. For half=bottom, shape=straight occupies a full bottom half [0,0,0]-[1,0.5,1] plus one upper half-prism [0.5,0.5,0]-[1,1,1] in the canonical east-facing model, so the side profile is an L and the missing volume is a 0.5x0.5x1 prism; facing rotates that prism to north/east/south/west. half=top mirrors the geometry vertically, putting the full half at y=0.5..1 and the step/void in y=0..0.5. shape=inner_left/inner_right occupies the full lower (or upper, for half=top) half plus an L-shaped pair of 0.5x0.5x1 and 0.5x0.5x0.5 upper/lower prisms, leaving exactly one 0.5x0.5x0.5 corner void; left/right chooses the corner after the facing rotation. shape=outer_left/outer_right occupies the full half plus only one 0.5x0.5x0.5 corner prism in the opposite half, leaving the other three corner quarters empty; left/right chooses the retained corner after facing rotation.",#7E7E7E,126,126,126,1.000,,,none,stone;architectural_shape;neutral,3,40,yes,minecraft:block/stone_stairs;minecraft:block/stone_stairs_inner;minecraft:block/stone_stairs_outer,block;inner_stairs;outer_stairs;stairs,minecraft:block/stone,medium,Average color is computed across the visible model variants referenced by this block.
minecraft:stonecutter,irregular_self_supporting,irregular_model,self_supporting_geometry,Irregular non-cube geometry that can be used as a standalone placed form.,"Coordinates are normalized block-local [x,y,z] in 0..1, with y vertical. Irregular model geometry resolved from block models. Representative normalized cuboids/planes: minecraft:block/stonecutter -> 2 elements: [0,0,0]-[1,0.5625,1] + [0.0625,0.5625,0.5]-[0.9375,1,0.5]. Orientation or count states rotate, swap, or combine these cuboids without making the block a full cube.",#767866,118,120,102,1.000,,,plains_grass_assumed,stone,1,4,yes,minecraft:block/stonecutter,block,minecraft:block/stonecutter_bottom;minecraft:block/stonecutter_saw;minecraft:block/stonecutter_side;minecraft:block/stonecutter_top,medium,Tinted textures use the plains biome approximation for color averaging.
minecraft:stripped_acacia_log,full_cube_different_faces,full_cube,self_supporting_geometry,"Full cube [0,0,0]-[1,1,1] with face-dependent visual treatment.","Coordinates are normalized block-local [x,y,z] in 0..1, with y vertical. Occupies the entire voxel [0,0,0]-[1,1,1]. All six exterior faces are present; color differences, if any, are texture/face differences rather than geometry differences.",#AC5C39,172,92,57,1.000,down=#A75B34;up=#A75B34;north=#AF5D3C;south=#AF5D3C;west=#AF5D3C;east=#AF5D3C,down=#A75B34;up=#A75B34,none,wood,2,3,yes,minecraft:block/stripped_acacia_log;minecraft:block/stripped_acacia_log_horizontal,block;cube;cube_column;cube_column_horizontal,minecraft:block/stripped_acacia_log;minecraft:block/stripped_acacia_log_top,medium,Average color is computed across the visible model variants referenced by this block.
minecraft:stripped_acacia_wood,full_cube_same_faces,full_cube,self_supporting_geometry,"Full cube [0,0,0]-[1,1,1] with same visual treatment on all six exterior faces.","Coordinates are normalized block-local [x,y,z] in 0..1, with y vertical. Occupies the entire voxel [0,0,0]-[1,1,1]. All six exterior faces are present; color differences, if any, are texture/face differences rather than geometry differences.",#AF5D3C,175,93,60,1.000,down=#AF5D3C;up=#AF5D3C;north=#AF5D3C;south=#AF5D3C;west=#AF5D3C;east=#AF5D3C,,none,wood,1,3,yes,minecraft:block/stripped_acacia_wood,block;cube;cube_column,minecraft:block/stripped_acacia_log,medium,
minecraft:stripped_bamboo_block,full_cube_different_faces,full_cube,self_supporting_geometry,"Full cube [0,0,0]-[1,1,1] with face-dependent visual treatment.","Coordinates are normalized block-local [x,y,z] in 0..1, with y vertical. Occupies the entire voxel [0,0,0]-[1,1,1]. All six exterior faces are present; color differences, if any, are texture/face differences rather than geometry differences.",#C0AC51,192,172,81,1.000,down=#C4AF52;up=#C4AF52;north=#C4AF52;south=#C4AF52;west=#B8A44D;east=#B8A44D,west=#B8A44D;east=#B8A44D,none,wood,3,3,no,minecraft:block/stripped_bamboo_block_x;minecraft:block/stripped_bamboo_block_y;minecraft:block/stripped_bamboo_block_z,block;cube_column_uv_locked_x;cube_column_uv_locked_y;cube_column_uv_locked_z,minecraft:block/stripped_bamboo_block;minecraft:block/stripped_bamboo_block_top,medium,Average color is computed across the visible model variants referenced by this block.
minecraft:stripped_birch_log,full_cube_same_faces,full_cube,self_supporting_geometry,"Full cube [0,0,0]-[1,1,1] with same visual treatment on all six exterior faces.","Coordinates are normalized block-local [x,y,z] in 0..1, with y vertical. Occupies the entire voxel [0,0,0]-[1,1,1]. All six exterior faces are present; color differences, if any, are texture/face differences rather than geometry differences.",#C4AF76,196,175,118,1.000,down=#C0AD76;up=#C0AD76;north=#C5B077;south=#C5B077;west=#C5B077;east=#C5B077,,none,wood,2,3,yes,minecraft:block/stripped_birch_log;minecraft:block/stripped_birch_log_horizontal,block;cube;cube_column;cube_column_horizontal,minecraft:block/stripped_birch_log;minecraft:block/stripped_birch_log_top,medium,Average color is computed across the visible model variants referenced by this block.
minecraft:stripped_birch_wood,full_cube_same_faces,full_cube,self_supporting_geometry,"Full cube [0,0,0]-[1,1,1] with same visual treatment on all six exterior faces.","Coordinates are normalized block-local [x,y,z] in 0..1, with y vertical. Occupies the entire voxel [0,0,0]-[1,1,1]. All six exterior faces are present; color differences, if any, are texture/face differences rather than geometry differences.",#C5B077,197,176,119,1.000,down=#C5B077;up=#C5B077;north=#C5B077;south=#C5B077;west=#C5B077;east=#C5B077,,none,wood,1,3,yes,minecraft:block/stripped_birch_wood,block;cube;cube_column,minecraft:block/stripped_birch_log,medium,
minecraft:stripped_cherry_log,full_cube_different_faces,full_cube,self_supporting_geometry,"Full cube [0,0,0]-[1,1,1] with face-dependent visual treatment.","Coordinates are normalized block-local [x,y,z] in 0..1, with y vertical. Occupies the entire voxel [0,0,0]-[1,1,1]. All six exterior faces are present; color differences, if any, are texture/face differences rather than geometry differences.",#D99999,217,153,153,1.000,down=#D79195;up=#D79195;north=#D79195;south=#D79195;west=#DDA7A0;east=#DDA7A0,west=#DDA7A0;east=#DDA7A0,none,wood,3,3,no,minecraft:block/stripped_cherry_log_x;minecraft:block/stripped_cherry_log_y;minecraft:block/stripped_cherry_log_z,block;cube_column_uv_locked_x;cube_column_uv_locked_y;cube_column_uv_locked_z,minecraft:block/stripped_cherry_log;minecraft:block/stripped_cherry_log_top,medium,Average color is computed across the visible model variants referenced by this block.
minecraft:stripped_cherry_wood,full_cube_same_faces,full_cube,self_supporting_geometry,"Full cube [0,0,0]-[1,1,1] with same visual treatment on all six exterior faces.","Coordinates are normalized block-local [x,y,z] in 0..1, with y vertical. Occupies the entire voxel [0,0,0]-[1,1,1]. All six exterior faces are present; color differences, if any, are texture/face differences rather than geometry differences.",#D79195,215,145,149,1.000,down=#D79195;up=#D79195;north=#D79195;south=#D79195;west=#D79195;east=#D79195,,none,wood,1,3,yes,minecraft:block/stripped_cherry_wood,block;cube;cube_column,minecraft:block/stripped_cherry_log,medium,
minecraft:stripped_crimson_hyphae,full_cube_same_faces,full_cube,self_supporting_geometry,"Full cube [0,0,0]-[1,1,1] with same visual treatment on all six exterior faces.","Coordinates are normalized block-local [x,y,z] in 0..1, with y vertical. Occupies the entire voxel [0,0,0]-[1,1,1]. All six exterior faces are present; color differences, if any, are texture/face differences rather than geometry differences.",#8A3A5A,138,58,90,1.000,down=#8A3A5A;up=#8A3A5A;north=#8A3A5A;south=#8A3A5A;west=#8A3A5A;east=#8A3A5A,,none,wood,1,3,yes,minecraft:block/stripped_crimson_hyphae,block;cube;cube_column,minecraft:block/stripped_crimson_stem,medium,
minecraft:stripped_crimson_stem,full_cube_different_faces,full_cube,self_supporting_geometry,"Full cube [0,0,0]-[1,1,1] with face-dependent visual treatment.","Coordinates are normalized block-local [x,y,z] in 0..1, with y vertical. Occupies the entire voxel [0,0,0]-[1,1,1]. All six exterior faces are present; color differences, if any, are texture/face differences rather than geometry differences.",#853958,133,57,88,1.000,down=#7B3953;up=#7B3953;north=#8A3A5A;south=#8A3A5A;west=#8A3A5A;east=#8A3A5A,down=#7B3953;up=#7B3953,none,wood,1,3,yes,minecraft:block/stripped_crimson_stem,block;cube;cube_column,minecraft:block/stripped_crimson_stem;minecraft:block/stripped_crimson_stem_top,medium,
minecraft:stripped_dark_oak_log,full_cube_different_faces,full_cube,self_supporting_geometry,"Full cube [0,0,0]-[1,1,1] with face-dependent visual treatment.","Coordinates are normalized block-local [x,y,z] in 0..1, with y vertical. Occupies the entire voxel [0,0,0]-[1,1,1]. All six exterior faces are present; color differences, if any, are texture/face differences rather than geometry differences.",#473520,71,53,32,1.000,down=#432D17;up=#432D17;north=#493924;south=#493924;west=#493924;east=#493924,down=#432D17;up=#432D17,none,wood,2,3,yes,minecraft:block/stripped_dark_oak_log;minecraft:block/stripped_dark_oak_log_horizontal,block;cube;cube_column;cube_column_horizontal,minecraft:block/stripped_dark_oak_log;minecraft:block/stripped_dark_oak_log_top,medium,Average color is computed across the visible model variants referenced by this block.
minecraft:stripped_dark_oak_wood,full_cube_same_faces,full_cube,self_supporting_geometry,"Full cube [0,0,0]-[1,1,1] with same visual treatment on all six exterior faces.","Coordinates are normalized block-local [x,y,z] in 0..1, with y vertical. Occupies the entire voxel [0,0,0]-[1,1,1]. All six exterior faces are present; color differences, if any, are texture/face differences rather than geometry differences.",#493924,73,57,36,1.000,down=#493924;up=#493924;north=#493924;south=#493924;west=#493924;east=#493924,,none,wood,1,3,yes,minecraft:block/stripped_dark_oak_wood,block;cube;cube_column,minecraft:block/stripped_dark_oak_log,medium,
minecraft:stripped_jungle_log,full_cube_different_faces,full_cube,self_supporting_geometry,"Full cube [0,0,0]-[1,1,1] with face-dependent visual treatment.","Coordinates are normalized block-local [x,y,z] in 0..1, with y vertical. Occupies the entire voxel [0,0,0]-[1,1,1]. All six exterior faces are present; color differences, if any, are texture/face differences rather than geometry differences.",#AA8255,170,130,85,1.000,down=#A67C53;up=#A67C53;north=#AC8555;south=#AC8555;west=#AC8555;east=#AC8555,down=#A67C53;up=#A67C53,none,wood,2,3,yes,minecraft:block/stripped_jungle_log;minecraft:block/stripped_jungle_log_horizontal,block;cube;cube_column;cube_column_horizontal,minecraft:block/stripped_jungle_log;minecraft:block/stripped_jungle_log_top,medium,Average color is computed across the visible model variants referenced by this block.
minecraft:stripped_jungle_wood,full_cube_same_faces,full_cube,self_supporting_geometry,"Full cube [0,0,0]-[1,1,1] with same visual treatment on all six exterior faces.","Coordinates are normalized block-local [x,y,z] in 0..1, with y vertical. Occupies the entire voxel [0,0,0]-[1,1,1]. All six exterior faces are present; color differences, if any, are texture/face differences rather than geometry differences.",#AC8555,172,133,85,1.000,down=#AC8555;up=#AC8555;north=#AC8555;south=#AC8555;west=#AC8555;east=#AC8555,,none,wood,1,3,yes,minecraft:block/stripped_jungle_wood,block;cube;cube_column,minecraft:block/stripped_jungle_log,medium,
minecraft:stripped_mangrove_log,full_cube_different_faces,full_cube,self_supporting_geometry,"Full cube [0,0,0]-[1,1,1] with face-dependent visual treatment.","Coordinates are normalized block-local [x,y,z] in 0..1, with y vertical. Occupies the entire voxel [0,0,0]-[1,1,1]. All six exterior faces are present; color differences, if any, are texture/face differences rather than geometry differences.",#74342F,116,52,47,1.000,down=#6D2D2C;up=#6D2D2C;north=#783730;south=#783730;west=#783730;east=#783730,down=#6D2D2C;up=#6D2D2C,none,wood,2,3,yes,minecraft:block/stripped_mangrove_log;minecraft:block/stripped_mangrove_log_horizontal,block;cube;cube_column;cube_column_horizontal,minecraft:block/stripped_mangrove_log;minecraft:block/stripped_mangrove_log_top,medium,Average color is computed across the visible model variants referenced by this block.
minecraft:stripped_mangrove_wood,full_cube_same_faces,full_cube,self_supporting_geometry,"Full cube [0,0,0]-[1,1,1] with same visual treatment on all six exterior faces.","Coordinates are normalized block-local [x,y,z] in 0..1, with y vertical. Occupies the entire voxel [0,0,0]-[1,1,1]. All six exterior faces are present; color differences, if any, are texture/face differences rather than geometry differences.",#783730,120,55,48,1.000,down=#783730;up=#783730;north=#783730;south=#783730;west=#783730;east=#783730,,none,wood,1,3,yes,minecraft:block/stripped_mangrove_wood,block;cube;cube_column,minecraft:block/stripped_mangrove_log,medium,
minecraft:stripped_oak_log,full_cube_different_faces,full_cube,self_supporting_geometry,"Full cube [0,0,0]-[1,1,1] with face-dependent visual treatment.","Coordinates are normalized block-local [x,y,z] in 0..1, with y vertical. Occupies the entire voxel [0,0,0]-[1,1,1]. All six exterior faces are present; color differences, if any, are texture/face differences rather than geometry differences.",#AD8C54,173,140,84,1.000,down=#A2834F;up=#A2834F;north=#B29157;south=#B29157;west=#B29157;east=#B29157,down=#A2834F;up=#A2834F,none,wood,2,3,yes,minecraft:block/stripped_oak_log;minecraft:block/stripped_oak_log_horizontal,block;cube;cube_column;cube_column_horizontal,minecraft:block/stripped_oak_log;minecraft:block/stripped_oak_log_top,medium,Average color is computed across the visible model variants referenced by this block.
minecraft:stripped_oak_wood,full_cube_same_faces,full_cube,self_supporting_geometry,"Full cube [0,0,0]-[1,1,1] with same visual treatment on all six exterior faces.","Coordinates are normalized block-local [x,y,z] in 0..1, with y vertical. Occupies the entire voxel [0,0,0]-[1,1,1]. All six exterior faces are present; color differences, if any, are texture/face differences rather than geometry differences.",#B29157,178,145,87,1.000,down=#B29157;up=#B29157;north=#B29157;south=#B29157;west=#B29157;east=#B29157,,none,wood,1,3,yes,minecraft:block/stripped_oak_wood,block;cube;cube_column,minecraft:block/stripped_oak_log,medium,
minecraft:stripped_pale_oak_log,full_cube_different_faces,full_cube,self_supporting_geometry,"Full cube [0,0,0]-[1,1,1] with face-dependent visual treatment.","Coordinates are normalized block-local [x,y,z] in 0..1, with y vertical. Occupies the entire voxel [0,0,0]-[1,1,1]. All six exterior faces are present; color differences, if any, are texture/face differences rather than geometry differences.",#F3EBEA,243,235,234,1.000,down=#ECE4E2;up=#ECE4E2;north=#F6EEED;south=#F6EEED;west=#F6EEED;east=#F6EEED,down=#ECE4E2;up=#ECE4E2,none,wood;light;neutral,2,3,yes,minecraft:block/stripped_pale_oak_log;minecraft:block/stripped_pale_oak_log_horizontal,block;cube;cube_column;cube_column_horizontal,minecraft:block/stripped_pale_oak_log;minecraft:block/stripped_pale_oak_log_top,medium,Average color is computed across the visible model variants referenced by this block.
minecraft:stripped_pale_oak_wood,full_cube_same_faces,full_cube,self_supporting_geometry,"Full cube [0,0,0]-[1,1,1] with same visual treatment on all six exterior faces.","Coordinates are normalized block-local [x,y,z] in 0..1, with y vertical. Occupies the entire voxel [0,0,0]-[1,1,1]. All six exterior faces are present; color differences, if any, are texture/face differences rather than geometry differences.",#F6EEED,246,238,237,1.000,down=#F6EEED;up=#F6EEED;north=#F6EEED;south=#F6EEED;west=#F6EEED;east=#F6EEED,,none,wood;light;neutral,1,3,yes,minecraft:block/stripped_pale_oak_wood,block;cube;cube_column,minecraft:block/stripped_pale_oak_log,medium,
minecraft:stripped_spruce_log,full_cube_different_faces,full_cube,self_supporting_geometry,"Full cube [0,0,0]-[1,1,1] with face-dependent visual treatment.","Coordinates are normalized block-local [x,y,z] in 0..1, with y vertical. Occupies the entire voxel [0,0,0]-[1,1,1]. All six exterior faces are present; color differences, if any, are texture/face differences rather than geometry differences.",#725833,114,88,51,1.000,down=#6D5230;up=#6D5230;north=#745A35;south=#745A35;west=#745A35;east=#745A35,down=#6D5230;up=#6D5230,none,wood,2,3,yes,minecraft:block/stripped_spruce_log;minecraft:block/stripped_spruce_log_horizontal,block;cube;cube_column;cube_column_horizontal,minecraft:block/stripped_spruce_log;minecraft:block/stripped_spruce_log_top,medium,Average color is computed across the visible model variants referenced by this block.
minecraft:stripped_spruce_wood,full_cube_same_faces,full_cube,self_supporting_geometry,"Full cube [0,0,0]-[1,1,1] with same visual treatment on all six exterior faces.","Coordinates are normalized block-local [x,y,z] in 0..1, with y vertical. Occupies the entire voxel [0,0,0]-[1,1,1]. All six exterior faces are present; color differences, if any, are texture/face differences rather than geometry differences.",#745A35,116,90,53,1.000,down=#745A35;up=#745A35;north=#745A35;south=#745A35;west=#745A35;east=#745A35,,none,wood,1,3,yes,minecraft:block/stripped_spruce_wood,block;cube;cube_column,minecraft:block/stripped_spruce_log,medium,
minecraft:stripped_warped_hyphae,full_cube_same_faces,full_cube,self_supporting_geometry,"Full cube [0,0,0]-[1,1,1] with same visual treatment on all six exterior faces.","Coordinates are normalized block-local [x,y,z] in 0..1, with y vertical. Occupies the entire voxel [0,0,0]-[1,1,1]. All six exterior faces are present; color differences, if any, are texture/face differences rather than geometry differences.",#3A9794,58,151,148,1.000,down=#3A9794;up=#3A9794;north=#3A9794;south=#3A9794;west=#3A9794;east=#3A9794,,none,wood,1,3,yes,minecraft:block/stripped_warped_hyphae,block;cube;cube_column,minecraft:block/stripped_warped_stem,medium,
minecraft:stripped_warped_stem,full_cube_different_faces,full_cube,self_supporting_geometry,"Full cube [0,0,0]-[1,1,1] with face-dependent visual treatment.","Coordinates are normalized block-local [x,y,z] in 0..1, with y vertical. Occupies the entire voxel [0,0,0]-[1,1,1]. All six exterior faces are present; color differences, if any, are texture/face differences rather than geometry differences.",#38918E,56,145,142,1.000,down=#35837F;up=#35837F;north=#3A9794;south=#3A9794;west=#3A9794;east=#3A9794,down=#35837F;up=#35837F,none,wood,1,3,yes,minecraft:block/stripped_warped_stem,block;cube;cube_column,minecraft:block/stripped_warped_stem;minecraft:block/stripped_warped_stem_top,medium,
minecraft:structure_block,full_cube_same_faces,full_cube,self_supporting_geometry,"Full cube [0,0,0]-[1,1,1] with same visual treatment on all six exterior faces.","Coordinates are normalized block-local [x,y,z] in 0..1, with y vertical. Occupies the entire voxel [0,0,0]-[1,1,1]. All six exterior faces are present; color differences, if any, are texture/face differences rather than geometry differences.",#6A586B,106,88,107,1.000,down=#625262;up=#625262;north=#625262;south=#625262;west=#625262;east=#625262,,none,,4,4,no,minecraft:block/structure_block_corner;minecraft:block/structure_block_data;minecraft:block/structure_block_load;minecraft:block/structure_block_save,block;cube;cube_all,minecraft:block/structure_block_corner;minecraft:block/structure_block_data;minecraft:block/structure_block_load;minecraft:block/structure_block_save,medium,Average color is computed across the visible model variants referenced by this block.
minecraft:structure_void,technical_or_nonvisual,technical_nonvisual,nonvisual_or_engine_special,Invisible or technical block with no material-palette geometry.,"Coordinates are normalized block-local [x,y,z] in 0..1, with y vertical. Technical or nonvisual block. It has no useful visible placed geometry for material selection; collision/render behavior is engine-defined or intentionally invisible.",,,,,,,,none,,1,1,no,minecraft:block/structure_void,,,high,"Average color intentionally omitted because the block is invisible, technical, or non-material."
minecraft:sugar_cane,irregular_dependent,cross_planes,dependent_on_support_or_counterpart,"Irregular crossed flat planes with transparent cutout texture, typically plant-like and support/substrate dependent.","Coordinates are normalized block-local [x,y,z] in 0..1, with y vertical. Cross-plane geometry: two near-zero-thickness quads cross diagonally through the block center, usually spanning most of y=0..1. The visible silhouette comes from transparent texture pixels, not from cuboid volume; placement normally depends on ground or substrate support.",#569126,86,145,38,1.000,,,plains_grass,,1,1,no,minecraft:block/sugar_cane,tinted_cross,minecraft:block/sugar_cane,medium,Tinted textures use the plains biome approximation for color averaging.
minecraft:sunflower,irregular_dependent,cross_planes,dependent_on_support_or_counterpart,"Irregular crossed flat planes with transparent cutout texture, typically plant-like and support/substrate dependent.","Coordinates are normalized block-local [x,y,z] in 0..1, with y vertical. Cross-plane geometry: two near-zero-thickness quads cross diagonally through the block center, usually spanning most of y=0..1. The visible silhouette comes from transparent texture pixels, not from cuboid volume; placement normally depends on ground or substrate support.",#6D9127,109,145,39,1.000,,,none,vegetation,2,2,no,minecraft:block/sunflower_bottom;minecraft:block/sunflower_top,cross,minecraft:block/sunflower_back;minecraft:block/sunflower_bottom;minecraft:block/sunflower_front;minecraft:block/sunflower_top,medium,Average color is computed across the visible model variants referenced by this block.
minecraft:suspicious_gravel,full_cube_same_faces,full_cube,self_supporting_geometry,"Full cube [0,0,0]-[1,1,1] with same visual treatment on all six exterior faces.","Coordinates are normalized block-local [x,y,z] in 0..1, with y vertical. Occupies the entire voxel [0,0,0]-[1,1,1]. All six exterior faces are present; color differences, if any, are texture/face differences rather than geometry differences.",#817D7C,129,125,124,1.000,down=#837F7E;up=#837F7E;north=#837F7E;south=#837F7E;west=#837F7E;east=#837F7E,,none,neutral,4,4,no,minecraft:block/suspicious_gravel_0;minecraft:block/suspicious_gravel_1;minecraft:block/suspicious_gravel_2;minecraft:block/suspicious_gravel_3,block;cube;cube_all,minecraft:block/suspicious_gravel_0;minecraft:block/suspicious_gravel_1;minecraft:block/suspicious_gravel_2;minecraft:block/suspicious_gravel_3,medium,Average color is computed across the visible model variants referenced by this block.
minecraft:suspicious_sand,full_cube_same_faces,full_cube,self_supporting_geometry,"Full cube [0,0,0]-[1,1,1] with same visual treatment on all six exterior faces.","Coordinates are normalized block-local [x,y,z] in 0..1, with y vertical. Occupies the entire voxel [0,0,0]-[1,1,1]. All six exterior faces are present; color differences, if any, are texture/face differences rather than geometry differences.",#D7C99B,215,201,155,1.000,down=#DACDA1;up=#DACDA1;north=#DACDA1;south=#DACDA1;west=#DACDA1;east=#DACDA1,,none,light,4,4,no,minecraft:block/suspicious_sand_0;minecraft:block/suspicious_sand_1;minecraft:block/suspicious_sand_2;minecraft:block/suspicious_sand_3,block;cube;cube_all,minecraft:block/suspicious_sand_0;minecraft:block/suspicious_sand_1;minecraft:block/suspicious_sand_2;minecraft:block/suspicious_sand_3,medium,Average color is computed across the visible model variants referenced by this block.
minecraft:sweet_berry_bush,irregular_dependent,cross_planes,dependent_on_support_or_counterpart,"Irregular crossed flat planes with transparent cutout texture, typically plant-like and support/substrate dependent.","Coordinates are normalized block-local [x,y,z] in 0..1, with y vertical. Cross-plane geometry: two near-zero-thickness quads cross diagonally through the block center, usually spanning most of y=0..1. The visible silhouette comes from transparent texture pixels, not from cuboid volume; placement normally depends on ground or substrate support.",#425D3B,66,93,59,1.000,,,none,,4,4,no,minecraft:block/sweet_berry_bush_stage0;minecraft:block/sweet_berry_bush_stage1;minecraft:block/sweet_berry_bush_stage2;minecraft:block/sweet_berry_bush_stage3,cross,minecraft:block/sweet_berry_bush_stage0;minecraft:block/sweet_berry_bush_stage1;minecraft:block/sweet_berry_bush_stage2;minecraft:block/sweet_berry_bush_stage3,medium,Average color is computed across the visible model variants referenced by this block.
minecraft:tall_dry_grass,irregular_dependent,cross_planes,dependent_on_support_or_counterpart,"Irregular crossed flat planes with transparent cutout texture, typically plant-like and support/substrate dependent.","Coordinates are normalized block-local [x,y,z] in 0..1, with y vertical. Cross-plane geometry: two near-zero-thickness quads cross diagonally through the block center, usually spanning most of y=0..1. The visible silhouette comes from transparent texture pixels, not from cuboid volume; placement normally depends on ground or substrate support.",#C6AF80,198,175,128,1.000,,,none,vegetation,1,1,no,minecraft:block/tall_dry_grass,cross,minecraft:block/tall_dry_grass,medium,
minecraft:tall_grass,irregular_dependent,cross_planes,dependent_on_support_or_counterpart,"Irregular crossed flat planes with transparent cutout texture, typically plant-like and support/substrate dependent.","Coordinates are normalized block-local [x,y,z] in 0..1, with y vertical. Cross-plane geometry: two near-zero-thickness quads cross diagonally through the block center, usually spanning most of y=0..1. The visible silhouette comes from transparent texture pixels, not from cuboid volume; placement normally depends on ground or substrate support.",#516932,81,105,50,1.000,,,plains_grass,vegetation,2,2,no,minecraft:block/tall_grass_bottom;minecraft:block/tall_grass_top,tinted_cross,minecraft:block/tall_grass_bottom;minecraft:block/tall_grass_top,medium,Tinted textures use the plains biome approximation for color averaging. Average color is computed across the visible model variants referenced by this block.
minecraft:tall_seagrass,irregular_dependent,irregular_model,dependent_on_support_or_counterpart,"Irregular non-cube geometry that is expected to depend on a support block, substrate, or paired state.","Coordinates are normalized block-local [x,y,z] in 0..1, with y vertical. Irregular model geometry resolved from block models. Representative normalized cuboids/planes: minecraft:block/tall_seagrass_bottom -> 4 elements: [0,0,0.25]-[1,1,0.25] + [0.75,0,0]-[0.75,1,1] + [0.25,0,0]-[0.25,1,1] + [0,0,0.75]-[1,1,0.75]. Orientation or count states rotate, swap, or combine these cuboids without making the block a full cube.",#378214,55,130,20,1.000,,,none,vegetation,2,2,no,minecraft:block/tall_seagrass_bottom;minecraft:block/tall_seagrass_top,block;template_seagrass,minecraft:block/tall_seagrass_bottom;minecraft:block/tall_seagrass_top,medium,Average color is computed across the visible model variants referenced by this block.
minecraft:target,full_cube_different_faces,full_cube,self_supporting_geometry,"Full cube [0,0,0]-[1,1,1] with face-dependent visual treatment.","Coordinates are normalized block-local [x,y,z] in 0..1, with y vertical. Occupies the entire voxel [0,0,0]-[1,1,1]. All six exterior faces are present; color differences, if any, are texture/face differences rather than geometry differences.",#E6C5B9,230,197,185,1.000,down=#E4C0B1;up=#E4C0B1;north=#E7C7BE;south=#E7C7BE;west=#E7C7BE;east=#E7C7BE,down=#E4C0B1;up=#E4C0B1,none,light,1,1,no,minecraft:block/target,block;cube;cube_column,minecraft:block/target_side;minecraft:block/target_top,medium,
minecraft:terracotta,full_cube_same_faces,full_cube,self_supporting_geometry,"Full cube [0,0,0]-[1,1,1] with same visual treatment on all six exterior faces.","Coordinates are normalized block-local [x,y,z] in 0..1, with y vertical. Occupies the entire voxel [0,0,0]-[1,1,1]. All six exterior faces are present; color differences, if any, are texture/face differences rather than geometry differences.",#985E44,152,94,68,1.000,down=#985E44;up=#985E44;north=#985E44;south=#985E44;west=#985E44;east=#985E44,,none,ceramic,1,1,no,minecraft:block/terracotta,block;cube;cube_all,minecraft:block/terracotta,medium,
minecraft:test_block,full_cube_same_faces,full_cube,self_supporting_geometry,"Full cube [0,0,0]-[1,1,1] with same visual treatment on all six exterior faces.","Coordinates are normalized block-local [x,y,z] in 0..1, with y vertical. Occupies the entire voxel [0,0,0]-[1,1,1]. All six exterior faces are present; color differences, if any, are texture/face differences rather than geometry differences.",#A2ACAC,162,172,172,1.000,down=#90C386;up=#90C386;north=#90C386;south=#90C386;west=#90C386;east=#90C386,,none,neutral,4,4,no,minecraft:block/test_block_accept;minecraft:block/test_block_fail;minecraft:block/test_block_log;minecraft:block/test_block_start,block;cube;cube_all,minecraft:block/test_block_accept;minecraft:block/test_block_fail;minecraft:block/test_block_log;minecraft:block/test_block_start,medium,Average color is computed across the visible model variants referenced by this block.
minecraft:test_instance_block,full_cube_same_faces,full_cube,self_supporting_geometry,"Full cube [0,0,0]-[1,1,1] with same visual treatment on all six exterior faces.","Coordinates are normalized block-local [x,y,z] in 0..1, with y vertical. Occupies the entire voxel [0,0,0]-[1,1,1]. All six exterior faces are present; color differences, if any, are texture/face differences rather than geometry differences.",#908C8B,144,140,139,1.000,down=#908C8B;up=#908C8B;north=#908C8B;south=#908C8B;west=#908C8B;east=#908C8B,,none,neutral,1,1,no,minecraft:block/test_instance_block,block;cube;cube_all,minecraft:block/test_instance_block,medium,
minecraft:tinted_glass,full_cube_same_faces,full_cube,self_supporting_geometry,"Full cube [0,0,0]-[1,1,1] with same visual treatment on all six exterior faces.","Coordinates are normalized block-local [x,y,z] in 0..1, with y vertical. Occupies the entire voxel [0,0,0]-[1,1,1]. All six exterior faces are present; color differences, if any, are texture/face differences rather than geometry differences.",#2D2830,45,40,48,0.514,down=#2D2830;up=#2D2830;north=#2D2830;south=#2D2830;west=#2D2830;east=#2D2830,,none,glass;dark;neutral,1,1,no,minecraft:block/tinted_glass,block;cube;cube_all,minecraft:block/tinted_glass,medium,
minecraft:tnt,full_cube_different_faces,full_cube,self_supporting_geometry,"Full cube [0,0,0]-[1,1,1] with face-dependent visual treatment.","Coordinates are normalized block-local [x,y,z] in 0..1, with y vertical. Occupies the entire voxel [0,0,0]-[1,1,1]. All six exterior faces are present; color differences, if any, are texture/face differences rather than geometry differences.",#B76F6D,183,111,109,1.000,down=#AA534E;up=#A24D48;north=#BE7B7A;south=#BE7B7A;west=#BE7B7A;east=#BE7B7A,down=#AA534E;up=#A24D48,none,,1,1,no,minecraft:block/tnt,block;cube;cube_bottom_top,minecraft:block/tnt_bottom;minecraft:block/tnt_side;minecraft:block/tnt_top,medium,
minecraft:torch,irregular_dependent,torch_rod,dependent_on_support_or_counterpart,Irregular slim torch/rod geometry; floor or wall attachment depends on block state.,"Coordinates are normalized block-local [x,y,z] in 0..1, with y vertical. Torch-like rod geometry: floor variants use a slim vertical cuboid roughly [0.4375,0,0.4375]-[0.5625,0.625,0.5625]. Wall variants rotate/tilt this slim rod against the selected wall face, so the support face determines the attachment side.",#A2895B,162,137,91,1.000,,,none,light_source,1,1,no,minecraft:block/torch,template_torch,minecraft:block/torch,medium,
minecraft:torchflower,irregular_dependent,cross_planes,dependent_on_support_or_counterpart,"Irregular crossed flat planes with transparent cutout texture, typically plant-like and support/substrate dependent.","Coordinates are normalized block-local [x,y,z] in 0..1, with y vertical. Cross-plane geometry: two near-zero-thickness quads cross diagonally through the block center, usually spanning most of y=0..1. The visible silhouette comes from transparent texture pixels, not from cuboid volume; placement normally depends on ground or substrate support.",#887354,136,115,84,1.000,,,none,vegetation;light_source,1,1,no,minecraft:block/torchflower,cross,minecraft:block/torchflower,medium,
minecraft:torchflower_crop,irregular_dependent,cross_planes,dependent_on_support_or_counterpart,"Irregular crossed flat planes with transparent cutout texture, typically plant-like and support/substrate dependent.","Coordinates are normalized block-local [x,y,z] in 0..1, with y vertical. Cross-plane geometry: two near-zero-thickness quads cross diagonally through the block center, usually spanning most of y=0..1. The visible silhouette comes from transparent texture pixels, not from cuboid volume; placement normally depends on ground or substrate support.",#466F4B,70,111,75,1.000,,,none,vegetation;light_source,2,2,no,minecraft:block/torchflower_crop_stage0;minecraft:block/torchflower_crop_stage1,cross,minecraft:block/torchflower_crop_stage0;minecraft:block/torchflower_crop_stage1,medium,Average color is computed across the visible model variants referenced by this block.
minecraft:trapped_chest,entity_block,entity_renderer,entity_or_block_entity_renderer,Special renderer/entity-style block; normal model geometry is not authoritative.,"Coordinates are normalized block-local [x,y,z] in 0..1, with y vertical. This block is rendered by an entity, block entity, or special renderer rather than by a normal solid block model. Treat its world geometry as renderer-defined; this CSV intentionally does not infer a precise color or cuboid mesh from the block model.",,,,,,,,none,,1,1,no,minecraft:block/trapped_chest,,,high,Average color intentionally omitted because this is handled by entity/block-entity rendering.
minecraft:trial_spawner,full_cube_different_faces,full_cube,self_supporting_geometry,"Full cube [0,0,0]-[1,1,1] with face-dependent visual treatment.","Coordinates are normalized block-local [x,y,z] in 0..1, with y vertical. Occupies the entire voxel [0,0,0]-[1,1,1]. All six exterior faces are present; color differences, if any, are texture/face differences rather than geometry differences.",#3E4A58,62,74,88,1.000,down=#2C4051;up=#545863;north=#4F4A53;south=#4F4A53;west=#4F4A53;east=#4F4A53,down=#2C4051;up=#545863,none,,6,12,no,minecraft:block/trial_spawner;minecraft:block/trial_spawner_active;minecraft:block/trial_spawner_active_ominous;minecraft:block/trial_spawner_ejecting_reward;minecraft:block/trial_spawner_ejecting_reward_ominous;minecraft:block/trial_spawner_inactive_ominous,block;cube;cube_bottom_top;cube_bottom_top_inner_faces,minecraft:block/trial_spawner_bottom;minecraft:block/trial_spawner_side_active;minecraft:block/trial_spawner_side_active_ominous;minecraft:block/trial_spawner_side_inactive;minecraft:block/trial_spawner_side_inactive_ominous;minecraft:block/trial_spawner_top_active;minecraft:block/trial_spawner_top_active_ominous;minecraft:block/trial_spawner_top_ejecting_reward;minecraft:block/trial_spawner_top_ejecting_reward_ominous;minecraft:block/trial_spawner_top_inactive;minecraft:block/trial_spawner_top_inactive_ominous,medium,Average color is computed across the visible model variants referenced by this block.
minecraft:tripwire,irregular_dependent,irregular_model,dependent_on_support_or_counterpart,"Irregular non-cube geometry that is expected to depend on a support block, substrate, or paired state.","Coordinates are normalized block-local [x,y,z] in 0..1, with y vertical. Irregular model geometry resolved from block models. Representative normalized cuboids/planes: minecraft:block/tripwire_ns -> 4 elements: [0.4844,0.0938,0]-[0.5156,0.0938,0.25] + [0.4844,0.0938,0.25]-[0.5156,0.0938,0.5] + [0.4844,0.0938,0.5]-[0.5156,0.0938,0.75] + [0.4844,0.0938,0.75]-[0.5156,0.0938,1] | minecraft:block/tripwire_n -> 3 elements: [0.4844,0.0938,0]-[0.5156,0.0938,0.25] + [0.4844,0.0938,0.25]-[0.5156,0.0938,0.5] + [0.4844,0.0938,0.5]-[0.5156,0.0938,0.75] | minecraft:block/tripwire_ne -> 4 elements: [0.4844,0.0938,0]-[0.5156,0.0938,0.25] + [0.4844,0.0938,0.25]-[0.5156,0.0938,0.5] + [0.5,0.0938,0.4844]-[0.75,0.0938,0.5156] + [0.75,0.0938,0.4844]-[1,0.0938,0.5156]. Orientation or count states rotate, swap, or combine these cuboids without making the block a full cube.",#808080,128,128,128,0.420,,,none,neutral,10,32,yes,minecraft:block/tripwire_attached_n;minecraft:block/tripwire_attached_ne;minecraft:block/tripwire_attached_ns;minecraft:block/tripwire_attached_nse;minecraft:block/tripwire_attached_nsew;minecraft:block/tripwire_n;minecraft:block/tripwire_ne;minecraft:block/tripwire_ns;minecraft:block/tripwire_nse;minecraft:block/tripwire_nsew,,minecraft:block/tripwire,medium,Average color is computed across the visible model variants referenced by this block.
minecraft:tripwire_hook,irregular_dependent,irregular_model,dependent_on_support_or_counterpart,"Irregular non-cube geometry that is expected to depend on a support block, substrate, or paired state.","Coordinates are normalized block-local [x,y,z] in 0..1, with y vertical. Irregular model geometry resolved from block models. Representative normalized cuboids/planes: minecraft:block/tripwire_hook -> 7 elements: [0.3875,0.2375,0.4938]-[0.6125,0.2875,0.7188] + [0.4625,0.2375,0.6438]-[0.5375,0.2875,0.6438] + [0.4625,0.2375,0.5688]-[0.5375,0.2875,0.5688] + [0.4625,0.2375,0.5688]-[0.4625,0.2875,0.6438] + [0.5375,0.2375,0.5688]-[0.5375,0.2875,0.6438] + [0.4625,0.325,0.625]-[0.55,0.425,0.875] plus 1 more cuboids/planes | minecraft:block/tripwire_hook_on -> 7 elements: [0.3875,0.2625,0.4188]-[0.6125,0.3125,0.6438] + [0.4625,0.2625,0.5688]-[0.5375,0.3125,0.5688] + [0.4625,0.2625,0.4938]-[0.5375,0.3125,0.4938] + [0.4625,0.2625,0.4938]-[0.4625,0.3125,0.5688] + [0.5375,0.2625,0.4938]-[0.5375,0.3125,0.5688] + [0.4625,0.325,0.625]-[0.55,0.425,0.875] plus 1 more cuboids/planes | minecraft:block/tripwire_hook_attached -> 8 elements: [0.4844,0.0938,0]-[0.5156,0.0938,0.4188] + [0.3875,0.2625,0.4188]-[0.6125,0.3125,0.6438] + [0.4625,0.2625,0.5688]-[0.5375,0.3125,0.5688] + [0.4625,0.2625,0.4938]-[0.5375,0.3125,0.4938] + [0.4625,0.2625,0.4938]-[0.4625,0.3125,0.5688] + [0.5375,0.2625,0.4938]-[0.5375,0.3125,0.5688] plus 2 more cuboids/planes. Orientation or count states rotate, swap, or combine these cuboids without making the block a full cube.",#9C8460,156,132,96,0.998,,,none,,4,16,yes,minecraft:block/tripwire_hook;minecraft:block/tripwire_hook_attached;minecraft:block/tripwire_hook_attached_on;minecraft:block/tripwire_hook_on,,minecraft:block/oak_planks;minecraft:block/tripwire;minecraft:block/tripwire_hook,medium,Average color is computed across the visible model variants referenced by this block.
minecraft:tube_coral,irregular_dependent,cross_planes,dependent_on_support_or_counterpart,"Irregular crossed flat planes with transparent cutout texture, typically plant-like and support/substrate dependent.","Coordinates are normalized block-local [x,y,z] in 0..1, with y vertical. Cross-plane geometry: two near-zero-thickness quads cross diagonally through the block center, usually spanning most of y=0..1. The visible silhouette comes from transparent texture pixels, not from cuboid volume; placement normally depends on ground or substrate support.",#3257CA,50,87,202,1.000,,,none,,1,1,no,minecraft:block/tube_coral,cross,minecraft:block/tube_coral,medium,
minecraft:tube_coral_block,full_cube_same_faces,full_cube,self_supporting_geometry,"Full cube [0,0,0]-[1,1,1] with same visual treatment on all six exterior faces.","Coordinates are normalized block-local [x,y,z] in 0..1, with y vertical. Occupies the entire voxel [0,0,0]-[1,1,1]. All six exterior faces are present; color differences, if any, are texture/face differences rather than geometry differences.",#335AD1,51,90,209,1.000,down=#335AD1;up=#335AD1;north=#335AD1;south=#335AD1;west=#335AD1;east=#335AD1,,none,,1,1,no,minecraft:block/tube_coral_block,block;cube;cube_all,minecraft:block/tube_coral_block,medium,
minecraft:tube_coral_fan,irregular_dependent,irregular_model,dependent_on_support_or_counterpart,"Irregular non-cube geometry that is expected to depend on a support block, substrate, or paired state.","Coordinates are normalized block-local [x,y,z] in 0..1, with y vertical. Coral/fan geometry uses thin organic planes or small branch-like cuboids. Floor fan variants stand on the block top; wall fan variants mount as a thin sheet on the chosen wall face.",#355FD3,53,95,211,1.000,,,none,,1,1,no,minecraft:block/tube_coral_fan,coral_fan,minecraft:block/tube_coral_fan,medium,
minecraft:tube_coral_wall_fan,irregular_dependent,irregular_model,dependent_on_support_or_counterpart,"Irregular non-cube geometry that is expected to depend on a support block, substrate, or paired state.","Coordinates are normalized block-local [x,y,z] in 0..1, with y vertical. Coral/fan geometry uses thin organic planes or small branch-like cuboids. Floor fan variants stand on the block top; wall fan variants mount as a thin sheet on the chosen wall face.",#355FD3,53,95,211,1.000,,,none,,1,4,yes,minecraft:block/tube_coral_wall_fan,coral_wall_fan,minecraft:block/tube_coral_fan,medium,
minecraft:tuff,full_cube_same_faces,full_cube,self_supporting_geometry,"Full cube [0,0,0]-[1,1,1] with same visual treatment on all six exterior faces.","Coordinates are normalized block-local [x,y,z] in 0..1, with y vertical. Occupies the entire voxel [0,0,0]-[1,1,1]. All six exterior faces are present; color differences, if any, are texture/face differences rather than geometry differences.",#6F6F69,111,111,105,1.000,down=#6F6F69;up=#6F6F69;north=#6F6F69;south=#6F6F69;west=#6F6F69;east=#6F6F69,,none,stone;neutral,1,1,no,minecraft:block/tuff,block;cube;cube_all,minecraft:block/tuff,medium,
minecraft:tuff_brick_slab,slab,slab,self_supporting_geometry,Half-height or full-height rectangular prism selected by slab type.,"Coordinates are normalized block-local [x,y,z] in 0..1, with y vertical. type=bottom occupies [0,0,0]-[1,0.5,1]. type=top occupies [0,0.5,0]-[1,1,1]. type=double is a full cube [0,0,0]-[1,1,1]. Single-slab states are exactly half-height rectangular prisms.",#656962,101,105,98,1.000,,,none,stone;brick;architectural_shape;neutral,3,3,no,minecraft:block/tuff_brick_slab;minecraft:block/tuff_brick_slab_top;minecraft:block/tuff_bricks,block;cube;cube_all;slab;slab_top,minecraft:block/tuff_bricks,medium,Average color is computed across the visible model variants referenced by this block.
minecraft:tuff_brick_stairs,stairs,stairs,self_supporting_geometry,"Step-shaped block: half-block base plus one or more quarter/half prisms; straight, inner-corner, and outer-corner variants.","Coordinates are normalized block-local [x,y,z] in 0..1, with y vertical. Stairs are a full 1x1x1 cube with step-shaped upper/lower half removed. For half=bottom, shape=straight occupies a full bottom half [0,0,0]-[1,0.5,1] plus one upper half-prism [0.5,0.5,0]-[1,1,1] in the canonical east-facing model, so the side profile is an L and the missing volume is a 0.5x0.5x1 prism; facing rotates that prism to north/east/south/west. half=top mirrors the geometry vertically, putting the full half at y=0.5..1 and the step/void in y=0..0.5. shape=inner_left/inner_right occupies the full lower (or upper, for half=top) half plus an L-shaped pair of 0.5x0.5x1 and 0.5x0.5x0.5 upper/lower prisms, leaving exactly one 0.5x0.5x0.5 corner void; left/right chooses the corner after the facing rotation. shape=outer_left/outer_right occupies the full half plus only one 0.5x0.5x0.5 corner prism in the opposite half, leaving the other three corner quarters empty; left/right chooses the retained corner after facing rotation.",#656962,101,105,98,1.000,,,none,stone;brick;architectural_shape;neutral,3,40,yes,minecraft:block/tuff_brick_stairs;minecraft:block/tuff_brick_stairs_inner;minecraft:block/tuff_brick_stairs_outer,block;inner_stairs;outer_stairs;stairs,minecraft:block/tuff_bricks,medium,Average color is computed across the visible model variants referenced by this block.
minecraft:tuff_brick_wall,coarse_wall,masonry_wall,self_supporting_geometry,Thick multipart wall: optional center post plus low/tall side arms.,"Coordinates are normalized block-local [x,y,z] in 0..1, with y vertical. Thick wall states are multipart masonry geometry. up=true adds a center post [0.25,0,0.25]-[0.75,1,0.75]. For each of north/east/south/west: value=none adds no arm; value=low adds a thick arm from the post to that face, approximately 0.375 wide, 0.5 long, and 0.875 high; value=tall uses the same footprint but rises to full height y=1. Direction values rotate the canonical north arm [0.3125,0,0]-[0.6875,0.875 or 1,0.5].",#656962,101,105,98,1.000,,,none,stone;brick;architectural_shape;neutral,3,9,yes,minecraft:block/tuff_brick_wall_post;minecraft:block/tuff_brick_wall_side;minecraft:block/tuff_brick_wall_side_tall,template_wall_post;template_wall_side;template_wall_side_tall,minecraft:block/tuff_bricks,medium,Average color is computed across the visible model variants referenced by this block.
minecraft:tuff_bricks,full_cube_same_faces,full_cube,self_supporting_geometry,"Full cube [0,0,0]-[1,1,1] with same visual treatment on all six exterior faces.","Coordinates are normalized block-local [x,y,z] in 0..1, with y vertical. Occupies the entire voxel [0,0,0]-[1,1,1]. All six exterior faces are present; color differences, if any, are texture/face differences rather than geometry differences.",#656962,101,105,98,1.000,down=#656962;up=#656962;north=#656962;south=#656962;west=#656962;east=#656962,,none,stone;brick;neutral,1,1,no,minecraft:block/tuff_bricks,block;cube;cube_all,minecraft:block/tuff_bricks,medium,
minecraft:tuff_slab,slab,slab,self_supporting_geometry,Half-height or full-height rectangular prism selected by slab type.,"Coordinates are normalized block-local [x,y,z] in 0..1, with y vertical. type=bottom occupies [0,0,0]-[1,0.5,1]. type=top occupies [0,0.5,0]-[1,1,1]. type=double is a full cube [0,0,0]-[1,1,1]. Single-slab states are exactly half-height rectangular prisms.",#6F6F69,111,111,105,1.000,,,none,stone;architectural_shape;neutral,3,3,no,minecraft:block/tuff;minecraft:block/tuff_slab;minecraft:block/tuff_slab_top,block;cube;cube_all;slab;slab_top,minecraft:block/tuff,medium,Average color is computed across the visible model variants referenced by this block.
minecraft:tuff_stairs,stairs,stairs,self_supporting_geometry,"Step-shaped block: half-block base plus one or more quarter/half prisms; straight, inner-corner, and outer-corner variants.","Coordinates are normalized block-local [x,y,z] in 0..1, with y vertical. Stairs are a full 1x1x1 cube with step-shaped upper/lower half removed. For half=bottom, shape=straight occupies a full bottom half [0,0,0]-[1,0.5,1] plus one upper half-prism [0.5,0.5,0]-[1,1,1] in the canonical east-facing model, so the side profile is an L and the missing volume is a 0.5x0.5x1 prism; facing rotates that prism to north/east/south/west. half=top mirrors the geometry vertically, putting the full half at y=0.5..1 and the step/void in y=0..0.5. shape=inner_left/inner_right occupies the full lower (or upper, for half=top) half plus an L-shaped pair of 0.5x0.5x1 and 0.5x0.5x0.5 upper/lower prisms, leaving exactly one 0.5x0.5x0.5 corner void; left/right chooses the corner after the facing rotation. shape=outer_left/outer_right occupies the full half plus only one 0.5x0.5x0.5 corner prism in the opposite half, leaving the other three corner quarters empty; left/right chooses the retained corner after facing rotation.",#6E6F69,110,111,105,1.000,,,none,stone;architectural_shape;neutral,3,40,yes,minecraft:block/tuff_stairs;minecraft:block/tuff_stairs_inner;minecraft:block/tuff_stairs_outer,block;inner_stairs;outer_stairs;stairs,minecraft:block/tuff,medium,Average color is computed across the visible model variants referenced by this block.
minecraft:tuff_wall,coarse_wall,masonry_wall,self_supporting_geometry,Thick multipart wall: optional center post plus low/tall side arms.,"Coordinates are normalized block-local [x,y,z] in 0..1, with y vertical. Thick wall states are multipart masonry geometry. up=true adds a center post [0.25,0,0.25]-[0.75,1,0.75]. For each of north/east/south/west: value=none adds no arm; value=low adds a thick arm from the post to that face, approximately 0.375 wide, 0.5 long, and 0.875 high; value=tall uses the same footprint but rises to full height y=1. Direction values rotate the canonical north arm [0.3125,0,0]-[0.6875,0.875 or 1,0.5].",#6F6F69,111,111,105,1.000,,,none,stone;architectural_shape;neutral,3,9,yes,minecraft:block/tuff_wall_post;minecraft:block/tuff_wall_side;minecraft:block/tuff_wall_side_tall,template_wall_post;template_wall_side;template_wall_side_tall,minecraft:block/tuff,medium,Average color is computed across the visible model variants referenced by this block.
minecraft:turtle_egg,irregular_dependent,irregular_model,dependent_on_support_or_counterpart,"Irregular non-cube geometry that is expected to depend on a support block, substrate, or paired state.","Coordinates are normalized block-local [x,y,z] in 0..1, with y vertical. Cluster geometry: count-like states add multiple small rounded/cuboid objects on the floor footprint. More items increase visual density while leaving the block mostly empty.",#E1DBB9,225,219,185,1.000,,,none,light,12,48,yes,minecraft:block/four_slightly_cracked_turtle_eggs;minecraft:block/four_turtle_eggs;minecraft:block/four_very_cracked_turtle_eggs;minecraft:block/slightly_cracked_turtle_egg;minecraft:block/three_slightly_cracked_turtle_eggs;minecraft:block/three_turtle_eggs;minecraft:block/three_very_cracked_turtle_eggs;minecraft:block/turtle_egg;minecraft:block/two_slightly_cracked_turtle_eggs;minecraft:block/two_turtle_eggs;minecraft:block/two_very_cracked_turtle_eggs;minecraft:block/very_cracked_turtle_egg,block;template_four_turtle_eggs;template_three_turtle_eggs;template_turtle_egg;template_two_turtle_eggs,minecraft:block/turtle_egg;minecraft:block/turtle_egg_slightly_cracked;minecraft:block/turtle_egg_very_cracked,medium,Average color is computed across the visible model variants referenced by this block.
minecraft:twisting_vines,irregular_dependent,cross_planes,dependent_on_support_or_counterpart,"Irregular crossed flat planes with transparent cutout texture, typically plant-like and support/substrate dependent.","Coordinates are normalized block-local [x,y,z] in 0..1, with y vertical. Cross-plane geometry: two near-zero-thickness quads cross diagonally through the block center, usually spanning most of y=0..1. The visible silhouette comes from transparent texture pixels, not from cuboid volume; placement normally depends on ground or substrate support.",#14937E,20,147,126,1.000,,,none,vegetation,1,1,no,minecraft:block/twisting_vines,cross,minecraft:block/twisting_vines,medium,
minecraft:twisting_vines_plant,irregular_dependent,cross_planes,dependent_on_support_or_counterpart,"Irregular crossed flat planes with transparent cutout texture, typically plant-like and support/substrate dependent.","Coordinates are normalized block-local [x,y,z] in 0..1, with y vertical. Cross-plane geometry: two near-zero-thickness quads cross diagonally through the block center, usually spanning most of y=0..1. The visible silhouette comes from transparent texture pixels, not from cuboid volume; placement normally depends on ground or substrate support.",#148C7C,20,140,124,1.000,,,none,vegetation,1,1,no,minecraft:block/twisting_vines_plant,cross,minecraft:block/twisting_vines_plant,medium,
minecraft:vault,full_cube_different_faces,full_cube,self_supporting_geometry,"Full cube [0,0,0]-[1,1,1] with face-dependent visual treatment.","Coordinates are normalized block-local [x,y,z] in 0..1, with y vertical. Occupies the entire voxel [0,0,0]-[1,1,1]. All six exterior faces are present; color differences, if any, are texture/face differences rather than geometry differences.",#464B4D,70,75,77,1.000,down=#2D2D39;up=#404E56;north=#5A4A4A;south=#5C4D49;west=#5C4D49;east=#5C4D49,down=#2D2D39;up=#404E56,none,neutral,8,32,yes,minecraft:block/vault;minecraft:block/vault_active;minecraft:block/vault_active_ominous;minecraft:block/vault_ejecting_reward;minecraft:block/vault_ejecting_reward_ominous;minecraft:block/vault_ominous;minecraft:block/vault_unlocking;minecraft:block/vault_unlocking_ominous,block;template_vault,minecraft:block/vault_bottom;minecraft:block/vault_bottom_ominous;minecraft:block/vault_front_ejecting;minecraft:block/vault_front_ejecting_ominous;minecraft:block/vault_front_off;minecraft:block/vault_front_off_ominous;minecraft:block/vault_front_on;minecraft:block/vault_front_on_ominous;minecraft:block/vault_side_off;minecraft:block/vault_side_off_ominous;minecraft:block/vault_side_on;minecraft:block/vault_side_on_ominous;minecraft:block/vault_top;minecraft:block/vault_top_ejecting;minecraft:block/vault_top_ejecting_ominous;minecraft:block/vault_top_ominous,medium,Average color is computed across the visible model variants referenced by this block.
minecraft:verdant_froglight,full_cube_different_faces,full_cube,self_supporting_geometry,"Full cube [0,0,0]-[1,1,1] with face-dependent visual treatment.","Coordinates are normalized block-local [x,y,z] in 0..1, with y vertical. Occupies the entire voxel [0,0,0]-[1,1,1]. All six exterior faces are present; color differences, if any, are texture/face differences rather than geometry differences.",#DDEFDB,221,239,219,1.000,down=#E7F5E6;up=#E7F5E6;north=#D7ECD5;south=#D7ECD5;west=#D7ECD5;east=#D7ECD5,down=#E7F5E6;up=#E7F5E6,none,light_source;light,2,3,yes,minecraft:block/verdant_froglight;minecraft:block/verdant_froglight_horizontal,block;cube;cube_column;cube_column_horizontal,minecraft:block/verdant_froglight_side;minecraft:block/verdant_froglight_top,medium,Average color is computed across the visible model variants referenced by this block.
minecraft:vine,irregular_dependent,irregular_model,dependent_on_support_or_counterpart,"Irregular non-cube geometry that is expected to depend on a support block, substrate, or paired state.","Coordinates are normalized block-local [x,y,z] in 0..1, with y vertical. Surface-growth geometry: one or more very thin face-mounted sheets. Directional boolean properties choose which block faces receive a sheet; each sheet has near-zero thickness and follows that face.",#385116,56,81,22,1.000,,,plains_foliage,vegetation,1,10,yes,minecraft:block/vine,,minecraft:block/vine,medium,Tinted textures use the plains biome approximation for color averaging.
minecraft:void_air,technical_or_nonvisual,technical_nonvisual,nonvisual_or_engine_special,Invisible or technical block with no material-palette geometry.,"Coordinates are normalized block-local [x,y,z] in 0..1, with y vertical. Technical or nonvisual block. It has no useful visible placed geometry for material selection; collision/render behavior is engine-defined or intentionally invisible.",,,,,,,,none,,1,1,no,minecraft:block/air,,,high,"Average color intentionally omitted because the block is invisible, technical, or non-material."
minecraft:wall_torch,irregular_dependent,torch_rod,dependent_on_support_or_counterpart,Irregular slim torch/rod geometry; floor or wall attachment depends on block state.,"Coordinates are normalized block-local [x,y,z] in 0..1, with y vertical. Torch-like rod geometry: floor variants use a slim vertical cuboid roughly [0.4375,0,0.4375]-[0.5625,0.625,0.5625]. Wall variants rotate/tilt this slim rod against the selected wall face, so the support face determines the attachment side.",#A2895B,162,137,91,1.000,,,none,light_source,1,4,yes,minecraft:block/wall_torch,template_torch_wall,minecraft:block/torch,medium,
minecraft:warped_button,irregular_dependent,irregular_model,dependent_on_support_or_counterpart,"Irregular non-cube geometry that is expected to depend on a support block, substrate, or paired state.","Coordinates are normalized block-local [x,y,z] in 0..1, with y vertical. Button geometry is a small face-mounted cuboid. face/facing chooses the support face and orientation; powered=true uses a thinner pressed protrusion, while powered=false protrudes farther from the support surface.",#2C6C67,44,108,103,1.000,,,none,,2,24,yes,minecraft:block/warped_button;minecraft:block/warped_button_pressed,button;button_pressed,minecraft:block/warped_planks,medium,Average color is computed across the visible model variants referenced by this block.
minecraft:warped_door,irregular_dependent,hinged_panel,dependent_on_support_or_counterpart,"Irregular thin hinged panel; open/closed, half, hinge, or facing changes by state.","Coordinates are normalized block-local [x,y,z] in 0..1, with y vertical. Door-like geometry is a thin vertical panel about 0.1875 blocks thick and one block tall per half. half=lower/upper selects the lower or upper block of the two-block door. facing chooses the panel orientation, hinge selects the pivot side, and open=true rotates the panel around that hinge.",#2E827C,46,130,124,1.000,,,none,,8,32,yes,minecraft:block/warped_door_bottom_left;minecraft:block/warped_door_bottom_left_open;minecraft:block/warped_door_bottom_right;minecraft:block/warped_door_bottom_right_open;minecraft:block/warped_door_top_left;minecraft:block/warped_door_top_left_open;minecraft:block/warped_door_top_right;minecraft:block/warped_door_top_right_open,door_bottom_left;door_bottom_left_open;door_bottom_right;door_bottom_right_open;door_top_left;door_top_left_open;door_top_right;door_top_right_open,minecraft:block/warped_door_bottom;minecraft:block/warped_door_top,medium,Average color is computed across the visible model variants referenced by this block.
minecraft:warped_fence,thin_wall,fence,self_supporting_geometry,"Narrow multipart connector: thin post, pane, bar, fence, or gate segments.","Coordinates are normalized block-local [x,y,z] in 0..1, with y vertical. Fence geometry is multipart. The center post is [0.375,0,0.375]-[0.625,1,0.625]. Each north/east/south/west=true connector adds two narrow horizontal rails from the post toward that face: lower rail around y=0.375..0.5625 and upper rail around y=0.75..0.9375, with a 0.125-thick cross-section. false leaves that side open.",#2D6C68,45,108,104,1.000,,,none,architectural_shape,2,5,yes,minecraft:block/warped_fence_post;minecraft:block/warped_fence_side,fence_post;fence_side,minecraft:block/warped_planks,medium,Average color is computed across the visible model variants referenced by this block.
minecraft:warped_fence_gate,thin_wall,fence_gate,self_supporting_geometry,"Narrow multipart connector: thin post, pane, bar, fence, or gate segments.","Coordinates are normalized block-local [x,y,z] in 0..1, with y vertical. Fence gate geometry is a pair of narrow side posts plus two hinged gate leaves. open=false places the leaves across the center line as a thin barrier; open=true swings the leaves back against the side posts. facing rotates the gate axis. in_wall=true lowers the posts and rails to align with coarse wall height, using the same narrow footprints but shifted downward.",#2E6C67,46,108,103,1.000,,,none,architectural_shape,4,16,yes,minecraft:block/warped_fence_gate;minecraft:block/warped_fence_gate_open;minecraft:block/warped_fence_gate_wall;minecraft:block/warped_fence_gate_wall_open,block;template_fence_gate;template_fence_gate_open;template_fence_gate_wall;template_fence_gate_wall_open,minecraft:block/warped_planks,medium,Average color is computed across the visible model variants referenced by this block.
minecraft:warped_fungus,irregular_dependent,cross_planes,dependent_on_support_or_counterpart,"Irregular crossed flat planes with transparent cutout texture, typically plant-like and support/substrate dependent.","Coordinates are normalized block-local [x,y,z] in 0..1, with y vertical. Cross-plane geometry: two near-zero-thickness quads cross diagonally through the block center, usually spanning most of y=0..1. The visible silhouette comes from transparent texture pixels, not from cuboid volume; placement normally depends on ground or substrate support.",#777965,119,121,101,1.000,,,none,,1,1,no,minecraft:block/warped_fungus,cross,minecraft:block/warped_fungus,medium,
minecraft:warped_hanging_sign,entity_block,entity_renderer,entity_or_block_entity_renderer,Special renderer/entity-style block; normal model geometry is not authoritative.,"Coordinates are normalized block-local [x,y,z] in 0..1, with y vertical. This block is rendered by an entity, block entity, or special renderer rather than by a normal solid block model. Treat its world geometry as renderer-defined; this CSV intentionally does not infer a precise color or cuboid mesh from the block model.",,,,,,,,none,,1,1,no,minecraft:block/warped_hanging_sign,,,high,Average color intentionally omitted because this is handled by entity/block-entity rendering.
minecraft:warped_hyphae,full_cube_same_faces,full_cube,self_supporting_geometry,"Full cube [0,0,0]-[1,1,1] with same visual treatment on all six exterior faces.","Coordinates are normalized block-local [x,y,z] in 0..1, with y vertical. Occupies the entire voxel [0,0,0]-[1,1,1]. All six exterior faces are present; color differences, if any, are texture/face differences rather than geometry differences.",#3F4451,63,68,81,1.000,down=#3F4451;up=#3F4451;north=#3F4451;south=#3F4451;west=#3F4451;east=#3F4451,,none,wood;neutral,1,3,yes,minecraft:block/warped_hyphae,block;cube;cube_column,minecraft:block/warped_stem,medium,
minecraft:warped_nylium,full_cube_different_faces,full_cube,self_supporting_geometry,"Full cube [0,0,0]-[1,1,1] with face-dependent visual treatment.","Coordinates are normalized block-local [x,y,z] in 0..1, with y vertical. Occupies the entire voxel [0,0,0]-[1,1,1]. All six exterior faces are present; color differences, if any, are texture/face differences rather than geometry differences.",#51514A,81,81,74,1.000,down=#632929;up=#347568;north=#514C47;south=#514C47;west=#514C47;east=#514C47,down=#632929;up=#347568,none,neutral,1,1,no,minecraft:block/warped_nylium,block;cube;cube_bottom_top,minecraft:block/netherrack;minecraft:block/warped_nylium;minecraft:block/warped_nylium_side,medium,
minecraft:warped_planks,full_cube_same_faces,full_cube,self_supporting_geometry,"Full cube [0,0,0]-[1,1,1] with same visual treatment on all six exterior faces.","Coordinates are normalized block-local [x,y,z] in 0..1, with y vertical. Occupies the entire voxel [0,0,0]-[1,1,1]. All six exterior faces are present; color differences, if any, are texture/face differences rather than geometry differences.",#2D6D68,45,109,104,1.000,down=#2D6D68;up=#2D6D68;north=#2D6D68;south=#2D6D68;west=#2D6D68;east=#2D6D68,,none,wood,1,1,no,minecraft:block/warped_planks,block;cube;cube_all,minecraft:block/warped_planks,medium,
minecraft:warped_pressure_plate,irregular_dependent,irregular_model,dependent_on_support_or_counterpart,"Irregular non-cube geometry that is expected to depend on a support block, substrate, or paired state.","Coordinates are normalized block-local [x,y,z] in 0..1, with y vertical. Pressure plate geometry is a low rectangular floor plate occupying most of the x/z footprint. powered=false is slightly raised; powered=true lowers it closer to the supporting block.",#2C6B66,44,107,102,1.000,,,none,,2,2,no,minecraft:block/warped_pressure_plate;minecraft:block/warped_pressure_plate_down,block;pressure_plate_down;pressure_plate_up;thin_block,minecraft:block/warped_planks,medium,Average color is computed across the visible model variants referenced by this block.
minecraft:warped_roots,irregular_dependent,cross_planes,dependent_on_support_or_counterpart,"Irregular crossed flat planes with transparent cutout texture, typically plant-like and support/substrate dependent.","Coordinates are normalized block-local [x,y,z] in 0..1, with y vertical. Cross-plane geometry: two near-zero-thickness quads cross diagonally through the block center, usually spanning most of y=0..1. The visible silhouette comes from transparent texture pixels, not from cuboid volume; placement normally depends on ground or substrate support.",#148E7E,20,142,126,1.000,,,none,vegetation,1,1,no,minecraft:block/warped_roots,cross,minecraft:block/warped_roots,medium,
minecraft:warped_shelf,irregular_self_supporting,irregular_model,self_supporting_geometry,Irregular non-cube geometry that can be used as a standalone placed form.,"Coordinates are normalized block-local [x,y,z] in 0..1, with y vertical. Irregular model geometry resolved from block models. Representative normalized cuboids/planes: minecraft:block/warped_shelf -> 3 elements: [0,0,0.8125]-[1,1,1] + [0,0,0.6875]-[1,0.25,0.8125] + [0,0.75,0.6875]-[1,1,0.8125] | minecraft:block/warped_shelf_unpowered -> 1 element: [0,0.25,0.8125]-[1,0.75,0.8125]. Orientation or count states rotate, swap, or combine these cuboids without making the block a full cube.",#328B83,50,139,131,1.000,,,none,,6,24,yes,minecraft:block/warped_shelf;minecraft:block/warped_shelf_center;minecraft:block/warped_shelf_left;minecraft:block/warped_shelf_right;minecraft:block/warped_shelf_unconnected;minecraft:block/warped_shelf_unpowered,block;template_shelf_body;template_shelf_center;template_shelf_left;template_shelf_right;template_shelf_unconnected;template_shelf_unpowered,minecraft:block/warped_shelf,medium,Average color is computed across the visible model variants referenced by this block.
minecraft:warped_sign,entity_block,entity_renderer,entity_or_block_entity_renderer,Special renderer/entity-style block; normal model geometry is not authoritative.,"Coordinates are normalized block-local [x,y,z] in 0..1, with y vertical. This block is rendered by an entity, block entity, or special renderer rather than by a normal solid block model. Treat its world geometry as renderer-defined; this CSV intentionally does not infer a precise color or cuboid mesh from the block model.",,,,,,,,none,,1,1,no,minecraft:block/warped_sign,,,high,Average color intentionally omitted because this is handled by entity/block-entity rendering.
minecraft:warped_slab,slab,slab,self_supporting_geometry,Half-height or full-height rectangular prism selected by slab type.,"Coordinates are normalized block-local [x,y,z] in 0..1, with y vertical. type=bottom occupies [0,0,0]-[1,0.5,1]. type=top occupies [0,0.5,0]-[1,1,1]. type=double is a full cube [0,0,0]-[1,1,1]. Single-slab states are exactly half-height rectangular prisms.",#2D6D68,45,109,104,1.000,,,none,architectural_shape,3,3,no,minecraft:block/warped_planks;minecraft:block/warped_slab;minecraft:block/warped_slab_top,block;cube;cube_all;slab;slab_top,minecraft:block/warped_planks,medium,Average color is computed across the visible model variants referenced by this block.
minecraft:warped_stairs,stairs,stairs,self_supporting_geometry,"Step-shaped block: half-block base plus one or more quarter/half prisms; straight, inner-corner, and outer-corner variants.","Coordinates are normalized block-local [x,y,z] in 0..1, with y vertical. Stairs are a full 1x1x1 cube with step-shaped upper/lower half removed. For half=bottom, shape=straight occupies a full bottom half [0,0,0]-[1,0.5,1] plus one upper half-prism [0.5,0.5,0]-[1,1,1] in the canonical east-facing model, so the side profile is an L and the missing volume is a 0.5x0.5x1 prism; facing rotates that prism to north/east/south/west. half=top mirrors the geometry vertically, putting the full half at y=0.5..1 and the step/void in y=0..0.5. shape=inner_left/inner_right occupies the full lower (or upper, for half=top) half plus an L-shaped pair of 0.5x0.5x1 and 0.5x0.5x0.5 upper/lower prisms, leaving exactly one 0.5x0.5x0.5 corner void; left/right chooses the corner after the facing rotation. shape=outer_left/outer_right occupies the full half plus only one 0.5x0.5x0.5 corner prism in the opposite half, leaving the other three corner quarters empty; left/right chooses the retained corner after facing rotation.",#2D6D68,45,109,104,1.000,,,none,architectural_shape,3,40,yes,minecraft:block/warped_stairs;minecraft:block/warped_stairs_inner;minecraft:block/warped_stairs_outer,block;inner_stairs;outer_stairs;stairs,minecraft:block/warped_planks,medium,Average color is computed across the visible model variants referenced by this block.
minecraft:warped_stem,full_cube_different_faces,full_cube,self_supporting_geometry,"Full cube [0,0,0]-[1,1,1] with face-dependent visual treatment.","Coordinates are normalized block-local [x,y,z] in 0..1, with y vertical. Occupies the entire voxel [0,0,0]-[1,1,1]. All six exterior faces are present; color differences, if any, are texture/face differences rather than geometry differences.",#3D585E,61,88,94,1.000,down=#377573;up=#377573;north=#3F4451;south=#3F4451;west=#3F4451;east=#3F4451,down=#377573;up=#377573,none,wood,1,3,yes,minecraft:block/warped_stem,block;cube;cube_column,minecraft:block/warped_stem;minecraft:block/warped_stem_top,medium,
minecraft:warped_trapdoor,irregular_dependent,hinged_panel,dependent_on_support_or_counterpart,"Irregular thin hinged panel; open/closed, half, hinge, or facing changes by state.","Coordinates are normalized block-local [x,y,z] in 0..1, with y vertical. Trapdoor geometry is a thin 1x1 panel about 0.1875 blocks thick. half=bottom places the closed panel at y=0..0.1875; half=top places it at y=0.8125..1. open=true rotates the same panel upright against the side chosen by facing.",#307972,48,121,114,1.000,,,none,,3,16,yes,minecraft:block/warped_trapdoor_bottom;minecraft:block/warped_trapdoor_open;minecraft:block/warped_trapdoor_top,block;template_orientable_trapdoor_bottom;template_orientable_trapdoor_open;template_orientable_trapdoor_top;thin_block,minecraft:block/warped_trapdoor,medium,Average color is computed across the visible model variants referenced by this block.
minecraft:warped_wall_hanging_sign,entity_block,entity_renderer,entity_or_block_entity_renderer,Special renderer/entity-style block; normal model geometry is not authoritative.,"Coordinates are normalized block-local [x,y,z] in 0..1, with y vertical. This block is rendered by an entity, block entity, or special renderer rather than by a normal solid block model. Treat its world geometry as renderer-defined; this CSV intentionally does not infer a precise color or cuboid mesh from the block model.",,,,,,,,none,,1,1,no,minecraft:block/warped_hanging_sign,,,high,Average color intentionally omitted because this is handled by entity/block-entity rendering.
minecraft:warped_wall_sign,entity_block,entity_renderer,entity_or_block_entity_renderer,Special renderer/entity-style block; normal model geometry is not authoritative.,"Coordinates are normalized block-local [x,y,z] in 0..1, with y vertical. This block is rendered by an entity, block entity, or special renderer rather than by a normal solid block model. Treat its world geometry as renderer-defined; this CSV intentionally does not infer a precise color or cuboid mesh from the block model.",,,,,,,,none,,1,1,no,minecraft:block/warped_sign,,,high,Average color intentionally omitted because this is handled by entity/block-entity rendering.
minecraft:warped_wart_block,full_cube_same_faces,full_cube,self_supporting_geometry,"Full cube [0,0,0]-[1,1,1] with same visual treatment on all six exterior faces.","Coordinates are normalized block-local [x,y,z] in 0..1, with y vertical. Occupies the entire voxel [0,0,0]-[1,1,1]. All six exterior faces are present; color differences, if any, are texture/face differences rather than geometry differences.",#177A7A,23,122,122,1.000,down=#177A7A;up=#177A7A;north=#177A7A;south=#177A7A;west=#177A7A;east=#177A7A,,none,,1,1,no,minecraft:block/warped_wart_block,block;cube;cube_all,minecraft:block/warped_wart_block,medium,
minecraft:water,irregular_self_supporting,fluid,fluid_special,Fluid/special renderer block; color is derived from still particle texture and plains tint when applicable.,"Coordinates are normalized block-local [x,y,z] in 0..1, with y vertical. Fluid/special geometry is not a fixed cuboid mesh in the block model. It occupies the cell as a fluid volume whose visible height and side surfaces are determined by fluid level and neighbors; color is sampled from the still particle texture with plains tint when applicable.",#2C529F,44,82,159,0.706,,,plains_water,,1,1,no,minecraft:block/water,,minecraft:block/water_still,medium,Tinted textures use the plains biome approximation for color averaging.
minecraft:water_cauldron,irregular_self_supporting,fluid,fluid_special,Fluid/special renderer block; color is derived from still particle texture and plains tint when applicable.,"Coordinates are normalized block-local [x,y,z] in 0..1, with y vertical. Fluid/special geometry is not a fixed cuboid mesh in the block model. It occupies the cell as a fluid volume whose visible height and side surfaces are determined by fluid level and neighbors; color is sampled from the still particle texture with plains tint when applicable.",#47474E,71,71,78,0.983,,,plains_water,neutral,3,3,no,minecraft:block/water_cauldron_full;minecraft:block/water_cauldron_level1;minecraft:block/water_cauldron_level2,template_cauldron_full;template_cauldron_level1;template_cauldron_level2,minecraft:block/cauldron_bottom;minecraft:block/cauldron_inner;minecraft:block/cauldron_side;minecraft:block/cauldron_top;minecraft:block/water_still,medium,Tinted textures use the plains biome approximation for color averaging. Average color is computed across the visible model variants referenced by this block.
minecraft:waxed_chiseled_copper,full_cube_same_faces,full_cube,self_supporting_geometry,"Full cube [0,0,0]-[1,1,1] with same visual treatment on all six exterior faces.","Coordinates are normalized block-local [x,y,z] in 0..1, with y vertical. Occupies the entire voxel [0,0,0]-[1,1,1]. All six exterior faces are present; color differences, if any, are texture/face differences rather than geometry differences.",#BA674D,186,103,77,1.000,down=#BA674D;up=#BA674D;north=#BA674D;south=#BA674D;west=#BA674D;east=#BA674D,,none,copper,1,1,no,minecraft:block/chiseled_copper,block;cube;cube_all,minecraft:block/chiseled_copper,medium,
minecraft:waxed_copper_bars,thin_wall,thin_bars,self_supporting_geometry,"Narrow multipart connector: thin post, pane, bar, fence, or gate segments.","Coordinates are normalized block-local [x,y,z] in 0..1, with y vertical. Pane/bar geometry is a thin vertical connector system. A central post/cap sits near [0.4375,0,0.4375]-[0.5625,1,0.5625]. Each north/east/south/west=true side adds a thin vertical pane/bar from the center to that face; false omits that side. Single-connection states add end caps so the exposed edge has thickness.",#9B5138,155,81,56,1.000,,,none,copper;architectural_shape,6,10,yes,minecraft:block/copper_bars_cap;minecraft:block/copper_bars_cap_alt;minecraft:block/copper_bars_post;minecraft:block/copper_bars_post_ends;minecraft:block/copper_bars_side;minecraft:block/copper_bars_side_alt,template_bars_cap;template_bars_cap_alt;template_bars_post;template_bars_post_ends;template_bars_side;template_bars_side_alt,minecraft:block/copper_bars,medium,Average color is computed across the visible model variants referenced by this block.
minecraft:waxed_copper_block,full_cube_same_faces,full_cube,self_supporting_geometry,"Full cube [0,0,0]-[1,1,1] with same visual treatment on all six exterior faces.","Coordinates are normalized block-local [x,y,z] in 0..1, with y vertical. Occupies the entire voxel [0,0,0]-[1,1,1]. All six exterior faces are present; color differences, if any, are texture/face differences rather than geometry differences.",#C26D52,194,109,82,1.000,down=#C26D52;up=#C26D52;north=#C26D52;south=#C26D52;west=#C26D52;east=#C26D52,,none,copper,1,1,no,minecraft:block/copper_block,block;cube;cube_all,minecraft:block/copper_block,medium,
minecraft:waxed_copper_bulb,full_cube_same_faces,full_cube,self_supporting_geometry,"Full cube [0,0,0]-[1,1,1] with same visual treatment on all six exterior faces.","Coordinates are normalized block-local [x,y,z] in 0..1, with y vertical. Occupies the entire voxel [0,0,0]-[1,1,1]. All six exterior faces are present; color differences, if any, are texture/face differences rather than geometry differences.",#C28561,194,133,97,1.000,down=#A45C41;up=#A45C41;north=#A45C41;south=#A45C41;west=#A45C41;east=#A45C41,,none,copper,4,4,no,minecraft:block/copper_bulb;minecraft:block/copper_bulb_lit;minecraft:block/copper_bulb_lit_powered;minecraft:block/copper_bulb_powered,block;cube;cube_all,minecraft:block/copper_bulb;minecraft:block/copper_bulb_lit;minecraft:block/copper_bulb_lit_powered;minecraft:block/copper_bulb_powered,medium,Average color is computed across the visible model variants referenced by this block.
minecraft:waxed_copper_chain,irregular_self_supporting,chain_column,self_supporting_geometry,Irregular narrow chain column assembled from small linked cuboids.,"Coordinates are normalized block-local [x,y,z] in 0..1, with y vertical. Chain geometry is a narrow linked column made from small crossed cuboids. axis=x/y/z rotates the link column along that axis, leaving most of the voxel empty.",#995138,153,81,56,1.000,,,none,copper,1,3,yes,minecraft:block/copper_chain,block;template_chain,minecraft:block/copper_chain,medium,
minecraft:waxed_copper_chest,irregular_self_supporting,irregular_model,self_supporting_geometry,Irregular non-cube geometry that can be used as a standalone placed form.,"Coordinates are normalized block-local [x,y,z] in 0..1, with y vertical. Irregular non-cube geometry; exact visible shape is defined by the resolved block model and state-selected model variants.",#C26D52,194,109,82,1.000,,,none,copper,1,1,no,minecraft:block/copper_chest,,minecraft:block/copper_block,medium,
minecraft:waxed_copper_door,irregular_dependent,hinged_panel,dependent_on_support_or_counterpart,"Irregular thin hinged panel; open/closed, half, hinge, or facing changes by state.","Coordinates are normalized block-local [x,y,z] in 0..1, with y vertical. Door-like geometry is a thin vertical panel about 0.1875 blocks thick and one block tall per half. half=lower/upper selects the lower or upper block of the two-block door. facing chooses the panel orientation, hinge selects the pivot side, and open=true rotates the panel around that hinge.",#BF6D52,191,109,82,1.000,,,none,copper,8,32,yes,minecraft:block/copper_door_bottom_left;minecraft:block/copper_door_bottom_left_open;minecraft:block/copper_door_bottom_right;minecraft:block/copper_door_bottom_right_open;minecraft:block/copper_door_top_left;minecraft:block/copper_door_top_left_open;minecraft:block/copper_door_top_right;minecraft:block/copper_door_top_right_open,door_bottom_left;door_bottom_left_open;door_bottom_right;door_bottom_right_open;door_top_left;door_top_left_open;door_top_right;door_top_right_open,minecraft:block/copper_door_bottom;minecraft:block/copper_door_top,medium,Average color is computed across the visible model variants referenced by this block.
minecraft:waxed_copper_golem_statue,irregular_self_supporting,irregular_model,self_supporting_geometry,Irregular non-cube geometry that can be used as a standalone placed form.,"Coordinates are normalized block-local [x,y,z] in 0..1, with y vertical. Irregular non-cube geometry; exact visible shape is defined by the resolved block model and state-selected model variants.",#C26D52,194,109,82,1.000,,,none,copper,1,1,no,minecraft:block/copper_golem_statue,,minecraft:block/copper_block,medium,
minecraft:waxed_copper_grate,full_cube_same_faces,full_cube,self_supporting_geometry,"Full cube [0,0,0]-[1,1,1] with same visual treatment on all six exterior faces.","Coordinates are normalized block-local [x,y,z] in 0..1, with y vertical. Occupies the entire voxel [0,0,0]-[1,1,1]. All six exterior faces are present; color differences, if any, are texture/face differences rather than geometry differences.",#C26D51,194,109,81,1.000,down=#C26D51;up=#C26D51;north=#C26D51;south=#C26D51;west=#C26D51;east=#C26D51,,none,copper,1,1,no,minecraft:block/copper_grate,block;cube;cube_all,minecraft:block/copper_grate,medium,
minecraft:waxed_copper_lantern,irregular_self_supporting,hanging_or_floor_lantern,self_supporting_geometry,Irregular non-cube geometry that can be used as a standalone placed form.,"Coordinates are normalized block-local [x,y,z] in 0..1, with y vertical. Lantern geometry is a compact cage-like light body with a small handle. hanging=false places it on the floor; hanging=true suspends it from the ceiling with the body lower in the voxel.",#A3825E,163,130,94,1.000,,,none,copper;light_source,2,2,no,minecraft:block/copper_lantern;minecraft:block/copper_lantern_hanging,block;template_hanging_lantern;template_lantern,minecraft:block/copper_lantern,medium,Average color is computed across the visible model variants referenced by this block.
minecraft:waxed_copper_trapdoor,irregular_dependent,hinged_panel,dependent_on_support_or_counterpart,"Irregular thin hinged panel; open/closed, half, hinge, or facing changes by state.","Coordinates are normalized block-local [x,y,z] in 0..1, with y vertical. Trapdoor geometry is a thin 1x1 panel about 0.1875 blocks thick. half=bottom places the closed panel at y=0..0.1875; half=top places it at y=0.8125..1. open=true rotates the same panel upright against the side chosen by facing.",#BF6B51,191,107,81,1.000,,,none,copper,3,16,yes,minecraft:block/copper_trapdoor_bottom;minecraft:block/copper_trapdoor_open;minecraft:block/copper_trapdoor_top,block;template_trapdoor_bottom;template_trapdoor_open;template_trapdoor_top;thin_block,minecraft:block/copper_trapdoor,medium,Average color is computed across the visible model variants referenced by this block.
minecraft:waxed_cut_copper,full_cube_same_faces,full_cube,self_supporting_geometry,"Full cube [0,0,0]-[1,1,1] with same visual treatment on all six exterior faces.","Coordinates are normalized block-local [x,y,z] in 0..1, with y vertical. Occupies the entire voxel [0,0,0]-[1,1,1]. All six exterior faces are present; color differences, if any, are texture/face differences rather than geometry differences.",#C16D53,193,109,83,1.000,down=#C16D53;up=#C16D53;north=#C16D53;south=#C16D53;west=#C16D53;east=#C16D53,,none,copper,1,1,no,minecraft:block/cut_copper,block;cube;cube_all,minecraft:block/cut_copper,medium,
minecraft:waxed_cut_copper_slab,slab,slab,self_supporting_geometry,Half-height or full-height rectangular prism selected by slab type.,"Coordinates are normalized block-local [x,y,z] in 0..1, with y vertical. type=bottom occupies [0,0,0]-[1,0.5,1]. type=top occupies [0,0.5,0]-[1,1,1]. type=double is a full cube [0,0,0]-[1,1,1]. Single-slab states are exactly half-height rectangular prisms.",#C16D53,193,109,83,1.000,,,none,copper;architectural_shape,3,3,no,minecraft:block/cut_copper;minecraft:block/cut_copper_slab;minecraft:block/cut_copper_slab_top,block;cube;cube_all;slab;slab_top,minecraft:block/cut_copper,medium,Average color is computed across the visible model variants referenced by this block.
minecraft:waxed_cut_copper_stairs,stairs,stairs,self_supporting_geometry,"Step-shaped block: half-block base plus one or more quarter/half prisms; straight, inner-corner, and outer-corner variants.","Coordinates are normalized block-local [x,y,z] in 0..1, with y vertical. Stairs are a full 1x1x1 cube with step-shaped upper/lower half removed. For half=bottom, shape=straight occupies a full bottom half [0,0,0]-[1,0.5,1] plus one upper half-prism [0.5,0.5,0]-[1,1,1] in the canonical east-facing model, so the side profile is an L and the missing volume is a 0.5x0.5x1 prism; facing rotates that prism to north/east/south/west. half=top mirrors the geometry vertically, putting the full half at y=0.5..1 and the step/void in y=0..0.5. shape=inner_left/inner_right occupies the full lower (or upper, for half=top) half plus an L-shaped pair of 0.5x0.5x1 and 0.5x0.5x0.5 upper/lower prisms, leaving exactly one 0.5x0.5x0.5 corner void; left/right chooses the corner after the facing rotation. shape=outer_left/outer_right occupies the full half plus only one 0.5x0.5x0.5 corner prism in the opposite half, leaving the other three corner quarters empty; left/right chooses the retained corner after facing rotation.",#C16D53,193,109,83,1.000,,,none,copper;architectural_shape,3,40,yes,minecraft:block/cut_copper_stairs;minecraft:block/cut_copper_stairs_inner;minecraft:block/cut_copper_stairs_outer,block;inner_stairs;outer_stairs;stairs,minecraft:block/cut_copper,medium,Average color is computed across the visible model variants referenced by this block.
minecraft:waxed_exposed_chiseled_copper,full_cube_same_faces,full_cube,self_supporting_geometry,"Full cube [0,0,0]-[1,1,1] with same visual treatment on all six exterior faces.","Coordinates are normalized block-local [x,y,z] in 0..1, with y vertical. Occupies the entire voxel [0,0,0]-[1,1,1]. All six exterior faces are present; color differences, if any, are texture/face differences rather than geometry differences.",#9E7866,158,120,102,1.000,down=#9E7866;up=#9E7866;north=#9E7866;south=#9E7866;west=#9E7866;east=#9E7866,,none,copper,1,1,no,minecraft:block/exposed_chiseled_copper,block;cube;cube_all,minecraft:block/exposed_chiseled_copper,medium,
minecraft:waxed_exposed_copper,full_cube_same_faces,full_cube,self_supporting_geometry,"Full cube [0,0,0]-[1,1,1] with same visual treatment on all six exterior faces.","Coordinates are normalized block-local [x,y,z] in 0..1, with y vertical. Occupies the entire voxel [0,0,0]-[1,1,1]. All six exterior faces are present; color differences, if any, are texture/face differences rather than geometry differences.",#A37E69,163,126,105,1.000,down=#A37E69;up=#A37E69;north=#A37E69;south=#A37E69;west=#A37E69;east=#A37E69,,none,copper,1,1,no,minecraft:block/exposed_copper,block;cube;cube_all,minecraft:block/exposed_copper,medium,
minecraft:waxed_exposed_copper_bars,thin_wall,thin_bars,self_supporting_geometry,"Narrow multipart connector: thin post, pane, bar, fence, or gate segments.","Coordinates are normalized block-local [x,y,z] in 0..1, with y vertical. Pane/bar geometry is a thin vertical connector system. A central post/cap sits near [0.4375,0,0.4375]-[0.5625,1,0.5625]. Each north/east/south/west=true side adds a thin vertical pane/bar from the center to that face; false omits that side. Single-connection states add end caps so the exposed edge has thickness.",#856A59,133,106,89,1.000,,,none,copper;architectural_shape,6,10,yes,minecraft:block/exposed_copper_bars_cap;minecraft:block/exposed_copper_bars_cap_alt;minecraft:block/exposed_copper_bars_post;minecraft:block/exposed_copper_bars_post_ends;minecraft:block/exposed_copper_bars_side;minecraft:block/exposed_copper_bars_side_alt,template_bars_cap;template_bars_cap_alt;template_bars_post;template_bars_post_ends;template_bars_side;template_bars_side_alt,minecraft:block/exposed_copper_bars,medium,Average color is computed across the visible model variants referenced by this block.
minecraft:waxed_exposed_copper_bulb,full_cube_same_faces,full_cube,self_supporting_geometry,"Full cube [0,0,0]-[1,1,1] with same visual treatment on all six exterior faces.","Coordinates are normalized block-local [x,y,z] in 0..1, with y vertical. Occupies the entire voxel [0,0,0]-[1,1,1]. All six exterior faces are present; color differences, if any, are texture/face differences rather than geometry differences.",#AF8465,175,132,101,1.000,down=#8E6E5D;up=#8E6E5D;north=#8E6E5D;south=#8E6E5D;west=#8E6E5D;east=#8E6E5D,,none,copper,4,4,no,minecraft:block/exposed_copper_bulb;minecraft:block/exposed_copper_bulb_lit;minecraft:block/exposed_copper_bulb_lit_powered;minecraft:block/exposed_copper_bulb_powered,block;cube;cube_all,minecraft:block/exposed_copper_bulb;minecraft:block/exposed_copper_bulb_lit;minecraft:block/exposed_copper_bulb_lit_powered;minecraft:block/exposed_copper_bulb_powered,medium,Average color is computed across the visible model variants referenced by this block.
minecraft:waxed_exposed_copper_chain,irregular_self_supporting,chain_column,self_supporting_geometry,Irregular narrow chain column assembled from small linked cuboids.,"Coordinates are normalized block-local [x,y,z] in 0..1, with y vertical. Chain geometry is a narrow linked column made from small crossed cuboids. axis=x/y/z rotates the link column along that axis, leaving most of the voxel empty.",#816754,129,103,84,1.000,,,none,copper,1,3,yes,minecraft:block/exposed_copper_chain,block;template_chain,minecraft:block/exposed_copper_chain,medium,
minecraft:waxed_exposed_copper_chest,irregular_self_supporting,irregular_model,self_supporting_geometry,Irregular non-cube geometry that can be used as a standalone placed form.,"Coordinates are normalized block-local [x,y,z] in 0..1, with y vertical. Irregular non-cube geometry; exact visible shape is defined by the resolved block model and state-selected model variants.",#A37E69,163,126,105,1.000,,,none,copper,1,1,no,minecraft:block/exposed_copper_chest,,minecraft:block/exposed_copper,medium,
minecraft:waxed_exposed_copper_door,irregular_dependent,hinged_panel,dependent_on_support_or_counterpart,"Irregular thin hinged panel; open/closed, half, hinge, or facing changes by state.","Coordinates are normalized block-local [x,y,z] in 0..1, with y vertical. Door-like geometry is a thin vertical panel about 0.1875 blocks thick and one block tall per half. half=lower/upper selects the lower or upper block of the two-block door. facing chooses the panel orientation, hinge selects the pivot side, and open=true rotates the panel around that hinge.",#A47A6A,164,122,106,1.000,,,none,copper,8,32,yes,minecraft:block/exposed_copper_door_bottom_left;minecraft:block/exposed_copper_door_bottom_left_open;minecraft:block/exposed_copper_door_bottom_right;minecraft:block/exposed_copper_door_bottom_right_open;minecraft:block/exposed_copper_door_top_left;minecraft:block/exposed_copper_door_top_left_open;minecraft:block/exposed_copper_door_top_right;minecraft:block/exposed_copper_door_top_right_open,door_bottom_left;door_bottom_left_open;door_bottom_right;door_bottom_right_open;door_top_left;door_top_left_open;door_top_right;door_top_right_open,minecraft:block/exposed_copper_door_bottom;minecraft:block/exposed_copper_door_top,medium,Average color is computed across the visible model variants referenced by this block.
minecraft:waxed_exposed_copper_golem_statue,irregular_self_supporting,irregular_model,self_supporting_geometry,Irregular non-cube geometry that can be used as a standalone placed form.,"Coordinates are normalized block-local [x,y,z] in 0..1, with y vertical. Irregular non-cube geometry; exact visible shape is defined by the resolved block model and state-selected model variants.",#A37E69,163,126,105,1.000,,,none,copper,1,1,no,minecraft:block/exposed_copper_golem_statue,,minecraft:block/exposed_copper,medium,
minecraft:waxed_exposed_copper_grate,full_cube_same_faces,full_cube,self_supporting_geometry,"Full cube [0,0,0]-[1,1,1] with same visual treatment on all six exterior faces.","Coordinates are normalized block-local [x,y,z] in 0..1, with y vertical. Occupies the entire voxel [0,0,0]-[1,1,1]. All six exterior faces are present; color differences, if any, are texture/face differences rather than geometry differences.",#A47F6A,164,127,106,1.000,down=#A47F6A;up=#A47F6A;north=#A47F6A;south=#A47F6A;west=#A47F6A;east=#A47F6A,,none,copper,1,1,no,minecraft:block/exposed_copper_grate,block;cube;cube_all,minecraft:block/exposed_copper_grate,medium,
minecraft:waxed_exposed_copper_lantern,irregular_self_supporting,hanging_or_floor_lantern,self_supporting_geometry,Irregular non-cube geometry that can be used as a standalone placed form.,"Coordinates are normalized block-local [x,y,z] in 0..1, with y vertical. Lantern geometry is a compact cage-like light body with a small handle. hanging=false places it on the floor; hanging=true suspends it from the ceiling with the body lower in the voxel.",#9B9172,155,145,114,1.000,,,none,copper;light_source,2,2,no,minecraft:block/exposed_copper_lantern;minecraft:block/exposed_copper_lantern_hanging,block;template_hanging_lantern;template_lantern,minecraft:block/exposed_copper_lantern,medium,Average color is computed across the visible model variants referenced by this block.
minecraft:waxed_exposed_copper_trapdoor,irregular_dependent,hinged_panel,dependent_on_support_or_counterpart,"Irregular thin hinged panel; open/closed, half, hinge, or facing changes by state.","Coordinates are normalized block-local [x,y,z] in 0..1, with y vertical. Trapdoor geometry is a thin 1x1 panel about 0.1875 blocks thick. half=bottom places the closed panel at y=0..0.1875; half=top places it at y=0.8125..1. open=true rotates the same panel upright against the side chosen by facing.",#A17D69,161,125,105,1.000,,,none,copper,3,16,yes,minecraft:block/exposed_copper_trapdoor_bottom;minecraft:block/exposed_copper_trapdoor_open;minecraft:block/exposed_copper_trapdoor_top,block;template_trapdoor_bottom;template_trapdoor_open;template_trapdoor_top;thin_block,minecraft:block/exposed_copper_trapdoor,medium,Average color is computed across the visible model variants referenced by this block.
minecraft:waxed_exposed_cut_copper,full_cube_same_faces,full_cube,self_supporting_geometry,"Full cube [0,0,0]-[1,1,1] with same visual treatment on all six exterior faces.","Coordinates are normalized block-local [x,y,z] in 0..1, with y vertical. Occupies the entire voxel [0,0,0]-[1,1,1]. All six exterior faces are present; color differences, if any, are texture/face differences rather than geometry differences.",#9E7B67,158,123,103,1.000,down=#9E7B67;up=#9E7B67;north=#9E7B67;south=#9E7B67;west=#9E7B67;east=#9E7B67,,none,copper,1,1,no,minecraft:block/exposed_cut_copper,block;cube;cube_all,minecraft:block/exposed_cut_copper,medium,
minecraft:waxed_exposed_cut_copper_slab,slab,slab,self_supporting_geometry,Half-height or full-height rectangular prism selected by slab type.,"Coordinates are normalized block-local [x,y,z] in 0..1, with y vertical. type=bottom occupies [0,0,0]-[1,0.5,1]. type=top occupies [0,0.5,0]-[1,1,1]. type=double is a full cube [0,0,0]-[1,1,1]. Single-slab states are exactly half-height rectangular prisms.",#9E7B67,158,123,103,1.000,,,none,copper;architectural_shape,3,3,no,minecraft:block/exposed_cut_copper;minecraft:block/exposed_cut_copper_slab;minecraft:block/exposed_cut_copper_slab_top,block;cube;cube_all;slab;slab_top,minecraft:block/exposed_cut_copper,medium,Average color is computed across the visible model variants referenced by this block.
minecraft:waxed_exposed_cut_copper_stairs,stairs,stairs,self_supporting_geometry,"Step-shaped block: half-block base plus one or more quarter/half prisms; straight, inner-corner, and outer-corner variants.","Coordinates are normalized block-local [x,y,z] in 0..1, with y vertical. Stairs are a full 1x1x1 cube with step-shaped upper/lower half removed. For half=bottom, shape=straight occupies a full bottom half [0,0,0]-[1,0.5,1] plus one upper half-prism [0.5,0.5,0]-[1,1,1] in the canonical east-facing model, so the side profile is an L and the missing volume is a 0.5x0.5x1 prism; facing rotates that prism to north/east/south/west. half=top mirrors the geometry vertically, putting the full half at y=0.5..1 and the step/void in y=0..0.5. shape=inner_left/inner_right occupies the full lower (or upper, for half=top) half plus an L-shaped pair of 0.5x0.5x1 and 0.5x0.5x0.5 upper/lower prisms, leaving exactly one 0.5x0.5x0.5 corner void; left/right chooses the corner after the facing rotation. shape=outer_left/outer_right occupies the full half plus only one 0.5x0.5x0.5 corner prism in the opposite half, leaving the other three corner quarters empty; left/right chooses the retained corner after facing rotation.",#9E7B67,158,123,103,1.000,,,none,copper;architectural_shape,3,40,yes,minecraft:block/exposed_cut_copper_stairs;minecraft:block/exposed_cut_copper_stairs_inner;minecraft:block/exposed_cut_copper_stairs_outer,block;inner_stairs;outer_stairs;stairs,minecraft:block/exposed_cut_copper,medium,Average color is computed across the visible model variants referenced by this block.
minecraft:waxed_exposed_lightning_rod,irregular_self_supporting,irregular_model,self_supporting_geometry,Irregular non-cube geometry that can be used as a standalone placed form.,"Coordinates are normalized block-local [x,y,z] in 0..1, with y vertical. Irregular model geometry resolved from block models. Representative normalized cuboids/planes: minecraft:block/exposed_lightning_rod -> 2 elements: [0.375,0.75,0.375]-[0.625,1,0.625] + [0.4375,0,0.4375]-[0.5625,0.75,0.5625]. Orientation or count states rotate, swap, or combine these cuboids without making the block a full cube.",#D8CAC6,216,202,198,1.000,,,none,light,2,12,yes,minecraft:block/exposed_lightning_rod;minecraft:block/lightning_rod_on,block;template_lightning_rod,minecraft:block/exposed_lightning_rod;minecraft:block/lightning_rod_on,medium,Average color is computed across the visible model variants referenced by this block.
minecraft:waxed_lightning_rod,irregular_self_supporting,irregular_model,self_supporting_geometry,Irregular non-cube geometry that can be used as a standalone placed form.,"Coordinates are normalized block-local [x,y,z] in 0..1, with y vertical. Irregular model geometry resolved from block models. Representative normalized cuboids/planes: minecraft:block/lightning_rod -> 2 elements: [0.375,0.75,0.375]-[0.625,1,0.625] + [0.4375,0,0.4375]-[0.5625,0.75,0.5625]. Orientation or count states rotate, swap, or combine these cuboids without making the block a full cube.",#E6C8C2,230,200,194,1.000,,,none,light,2,12,yes,minecraft:block/lightning_rod;minecraft:block/lightning_rod_on,block;template_lightning_rod,minecraft:block/lightning_rod;minecraft:block/lightning_rod_on,medium,Average color is computed across the visible model variants referenced by this block.
minecraft:waxed_oxidized_chiseled_copper,full_cube_same_faces,full_cube,self_supporting_geometry,"Full cube [0,0,0]-[1,1,1] with same visual treatment on all six exterior faces.","Coordinates are normalized block-local [x,y,z] in 0..1, with y vertical. Occupies the entire voxel [0,0,0]-[1,1,1]. All six exterior faces are present; color differences, if any, are texture/face differences rather than geometry differences.",#55A587,85,165,135,1.000,down=#55A587;up=#55A587;north=#55A587;south=#55A587;west=#55A587;east=#55A587,,none,copper,1,1,no,minecraft:block/oxidized_chiseled_copper,block;cube;cube_all,minecraft:block/oxidized_chiseled_copper,medium,
minecraft:waxed_oxidized_copper,full_cube_same_faces,full_cube,self_supporting_geometry,"Full cube [0,0,0]-[1,1,1] with same visual treatment on all six exterior faces.","Coordinates are normalized block-local [x,y,z] in 0..1, with y vertical. Occupies the entire voxel [0,0,0]-[1,1,1]. All six exterior faces are present; color differences, if any, are texture/face differences rather than geometry differences.",#54A587,84,165,135,1.000,down=#54A587;up=#54A587;north=#54A587;south=#54A587;west=#54A587;east=#54A587,,none,copper,1,1,no,minecraft:block/oxidized_copper,block;cube;cube_all,minecraft:block/oxidized_copper,medium,
minecraft:waxed_oxidized_copper_bars,thin_wall,thin_bars,self_supporting_geometry,"Narrow multipart connector: thin post, pane, bar, fence, or gate segments.","Coordinates are normalized block-local [x,y,z] in 0..1, with y vertical. Pane/bar geometry is a thin vertical connector system. A central post/cap sits near [0.4375,0,0.4375]-[0.5625,1,0.5625]. Each north/east/south/west=true side adds a thin vertical pane/bar from the center to that face; false omits that side. Single-connection states add end caps so the exposed edge has thickness.",#407A64,64,122,100,1.000,,,none,copper;architectural_shape,6,10,yes,minecraft:block/oxidized_copper_bars_cap;minecraft:block/oxidized_copper_bars_cap_alt;minecraft:block/oxidized_copper_bars_post;minecraft:block/oxidized_copper_bars_post_ends;minecraft:block/oxidized_copper_bars_side;minecraft:block/oxidized_copper_bars_side_alt,template_bars_cap;template_bars_cap_alt;template_bars_post;template_bars_post_ends;template_bars_side;template_bars_side_alt,minecraft:block/oxidized_copper_bars,medium,Average color is computed across the visible model variants referenced by this block.
minecraft:waxed_oxidized_copper_bulb,full_cube_same_faces,full_cube,self_supporting_geometry,"Full cube [0,0,0]-[1,1,1] with same visual treatment on all six exterior faces.","Coordinates are normalized block-local [x,y,z] in 0..1, with y vertical. Occupies the entire voxel [0,0,0]-[1,1,1]. All six exterior faces are present; color differences, if any, are texture/face differences rather than geometry differences.",#7A9471,122,148,113,1.000,down=#498B73;up=#498B73;north=#498B73;south=#498B73;west=#498B73;east=#498B73,,none,copper,4,4,no,minecraft:block/oxidized_copper_bulb;minecraft:block/oxidized_copper_bulb_lit;minecraft:block/oxidized_copper_bulb_lit_powered;minecraft:block/oxidized_copper_bulb_powered,block;cube;cube_all,minecraft:block/oxidized_copper_bulb;minecraft:block/oxidized_copper_bulb_lit;minecraft:block/oxidized_copper_bulb_lit_powered;minecraft:block/oxidized_copper_bulb_powered,medium,Average color is computed across the visible model variants referenced by this block.
minecraft:waxed_oxidized_copper_chain,irregular_self_supporting,chain_column,self_supporting_geometry,Irregular narrow chain column assembled from small linked cuboids.,"Coordinates are normalized block-local [x,y,z] in 0..1, with y vertical. Chain geometry is a narrow linked column made from small crossed cuboids. axis=x/y/z rotates the link column along that axis, leaving most of the voxel empty.",#3E7864,62,120,100,1.000,,,none,copper,1,3,yes,minecraft:block/oxidized_copper_chain,block;template_chain,minecraft:block/oxidized_copper_chain,medium,
minecraft:waxed_oxidized_copper_chest,irregular_self_supporting,irregular_model,self_supporting_geometry,Irregular non-cube geometry that can be used as a standalone placed form.,"Coordinates are normalized block-local [x,y,z] in 0..1, with y vertical. Irregular non-cube geometry; exact visible shape is defined by the resolved block model and state-selected model variants.",#54A587,84,165,135,1.000,,,none,copper,1,1,no,minecraft:block/oxidized_copper_chest,,minecraft:block/oxidized_copper,medium,
minecraft:waxed_oxidized_copper_door,irregular_dependent,hinged_panel,dependent_on_support_or_counterpart,"Irregular thin hinged panel; open/closed, half, hinge, or facing changes by state.","Coordinates are normalized block-local [x,y,z] in 0..1, with y vertical. Door-like geometry is a thin vertical panel about 0.1875 blocks thick and one block tall per half. half=lower/upper selects the lower or upper block of the two-block door. facing chooses the panel orientation, hinge selects the pivot side, and open=true rotates the panel around that hinge.",#53A185,83,161,133,1.000,,,none,copper,8,32,yes,minecraft:block/oxidized_copper_door_bottom_left;minecraft:block/oxidized_copper_door_bottom_left_open;minecraft:block/oxidized_copper_door_bottom_right;minecraft:block/oxidized_copper_door_bottom_right_open;minecraft:block/oxidized_copper_door_top_left;minecraft:block/oxidized_copper_door_top_left_open;minecraft:block/oxidized_copper_door_top_right;minecraft:block/oxidized_copper_door_top_right_open,door_bottom_left;door_bottom_left_open;door_bottom_right;door_bottom_right_open;door_top_left;door_top_left_open;door_top_right;door_top_right_open,minecraft:block/oxidized_copper_door_bottom;minecraft:block/oxidized_copper_door_top,medium,Average color is computed across the visible model variants referenced by this block.
minecraft:waxed_oxidized_copper_golem_statue,irregular_self_supporting,irregular_model,self_supporting_geometry,Irregular non-cube geometry that can be used as a standalone placed form.,"Coordinates are normalized block-local [x,y,z] in 0..1, with y vertical. Irregular non-cube geometry; exact visible shape is defined by the resolved block model and state-selected model variants.",#54A587,84,165,135,1.000,,,none,copper,1,1,no,minecraft:block/oxidized_copper_golem_statue,,minecraft:block/oxidized_copper,medium,
minecraft:waxed_oxidized_copper_grate,full_cube_same_faces,full_cube,self_supporting_geometry,"Full cube [0,0,0]-[1,1,1] with same visual treatment on all six exterior faces.","Coordinates are normalized block-local [x,y,z] in 0..1, with y vertical. Occupies the entire voxel [0,0,0]-[1,1,1]. All six exterior faces are present; color differences, if any, are texture/face differences rather than geometry differences.",#54A486,84,164,134,1.000,down=#54A486;up=#54A486;north=#54A486;south=#54A486;west=#54A486;east=#54A486,,none,copper,1,1,no,minecraft:block/oxidized_copper_grate,block;cube;cube_all,minecraft:block/oxidized_copper_grate,medium,
minecraft:waxed_oxidized_copper_lantern,irregular_self_supporting,hanging_or_floor_lantern,self_supporting_geometry,Irregular non-cube geometry that can be used as a standalone placed form.,"Coordinates are normalized block-local [x,y,z] in 0..1, with y vertical. Lantern geometry is a compact cage-like light body with a small handle. hanging=false places it on the floor; hanging=true suspends it from the ceiling with the body lower in the voxel.",#5E9778,94,151,120,1.000,,,none,copper;light_source,2,2,no,minecraft:block/oxidized_copper_lantern;minecraft:block/oxidized_copper_lantern_hanging,block;template_hanging_lantern;template_lantern,minecraft:block/oxidized_copper_lantern,medium,Average color is computed across the visible model variants referenced by this block.
minecraft:waxed_oxidized_copper_trapdoor,irregular_dependent,hinged_panel,dependent_on_support_or_counterpart,"Irregular thin hinged panel; open/closed, half, hinge, or facing changes by state.","Coordinates are normalized block-local [x,y,z] in 0..1, with y vertical. Trapdoor geometry is a thin 1x1 panel about 0.1875 blocks thick. half=bottom places the closed panel at y=0..0.1875; half=top places it at y=0.8125..1. open=true rotates the same panel upright against the side chosen by facing.",#53A084,83,160,132,1.000,,,none,copper,3,16,yes,minecraft:block/oxidized_copper_trapdoor_bottom;minecraft:block/oxidized_copper_trapdoor_open;minecraft:block/oxidized_copper_trapdoor_top,block;template_trapdoor_bottom;template_trapdoor_open;template_trapdoor_top;thin_block,minecraft:block/oxidized_copper_trapdoor,medium,Average color is computed across the visible model variants referenced by this block.
minecraft:waxed_oxidized_cut_copper,full_cube_same_faces,full_cube,self_supporting_geometry,"Full cube [0,0,0]-[1,1,1] with same visual treatment on all six exterior faces.","Coordinates are normalized block-local [x,y,z] in 0..1, with y vertical. Occupies the entire voxel [0,0,0]-[1,1,1]. All six exterior faces are present; color differences, if any, are texture/face differences rather than geometry differences.",#529D81,82,157,129,1.000,down=#529D81;up=#529D81;north=#529D81;south=#529D81;west=#529D81;east=#529D81,,none,copper,1,1,no,minecraft:block/oxidized_cut_copper,block;cube;cube_all,minecraft:block/oxidized_cut_copper,medium,
minecraft:waxed_oxidized_cut_copper_slab,slab,slab,self_supporting_geometry,Half-height or full-height rectangular prism selected by slab type.,"Coordinates are normalized block-local [x,y,z] in 0..1, with y vertical. type=bottom occupies [0,0,0]-[1,0.5,1]. type=top occupies [0,0.5,0]-[1,1,1]. type=double is a full cube [0,0,0]-[1,1,1]. Single-slab states are exactly half-height rectangular prisms.",#529D81,82,157,129,1.000,,,none,copper;architectural_shape,3,3,no,minecraft:block/oxidized_cut_copper;minecraft:block/oxidized_cut_copper_slab;minecraft:block/oxidized_cut_copper_slab_top,block;cube;cube_all;slab;slab_top,minecraft:block/oxidized_cut_copper,medium,Average color is computed across the visible model variants referenced by this block.
minecraft:waxed_oxidized_cut_copper_stairs,stairs,stairs,self_supporting_geometry,"Step-shaped block: half-block base plus one or more quarter/half prisms; straight, inner-corner, and outer-corner variants.","Coordinates are normalized block-local [x,y,z] in 0..1, with y vertical. Stairs are a full 1x1x1 cube with step-shaped upper/lower half removed. For half=bottom, shape=straight occupies a full bottom half [0,0,0]-[1,0.5,1] plus one upper half-prism [0.5,0.5,0]-[1,1,1] in the canonical east-facing model, so the side profile is an L and the missing volume is a 0.5x0.5x1 prism; facing rotates that prism to north/east/south/west. half=top mirrors the geometry vertically, putting the full half at y=0.5..1 and the step/void in y=0..0.5. shape=inner_left/inner_right occupies the full lower (or upper, for half=top) half plus an L-shaped pair of 0.5x0.5x1 and 0.5x0.5x0.5 upper/lower prisms, leaving exactly one 0.5x0.5x0.5 corner void; left/right chooses the corner after the facing rotation. shape=outer_left/outer_right occupies the full half plus only one 0.5x0.5x0.5 corner prism in the opposite half, leaving the other three corner quarters empty; left/right chooses the retained corner after facing rotation.",#529D81,82,157,129,1.000,,,none,copper;architectural_shape,3,40,yes,minecraft:block/oxidized_cut_copper_stairs;minecraft:block/oxidized_cut_copper_stairs_inner;minecraft:block/oxidized_cut_copper_stairs_outer,block;inner_stairs;outer_stairs;stairs,minecraft:block/oxidized_cut_copper,medium,Average color is computed across the visible model variants referenced by this block.
minecraft:waxed_oxidized_lightning_rod,irregular_self_supporting,irregular_model,self_supporting_geometry,Irregular non-cube geometry that can be used as a standalone placed form.,"Coordinates are normalized block-local [x,y,z] in 0..1, with y vertical. Irregular model geometry resolved from block models. Representative normalized cuboids/planes: minecraft:block/oxidized_lightning_rod -> 2 elements: [0.375,0.75,0.375]-[0.625,1,0.625] + [0.4375,0,0.4375]-[0.5625,0.75,0.5625]. Orientation or count states rotate, swap, or combine these cuboids without making the block a full cube.",#C1D6CD,193,214,205,1.000,,,none,light,2,12,yes,minecraft:block/lightning_rod_on;minecraft:block/oxidized_lightning_rod,block;template_lightning_rod,minecraft:block/lightning_rod_on;minecraft:block/oxidized_lightning_rod,medium,Average color is computed across the visible model variants referenced by this block.
minecraft:waxed_weathered_chiseled_copper,full_cube_same_faces,full_cube,self_supporting_geometry,"Full cube [0,0,0]-[1,1,1] with same visual treatment on all six exterior faces.","Coordinates are normalized block-local [x,y,z] in 0..1, with y vertical. Occupies the entire voxel [0,0,0]-[1,1,1]. All six exterior faces are present; color differences, if any, are texture/face differences rather than geometry differences.",#6A9A73,106,154,115,1.000,down=#6A9A73;up=#6A9A73;north=#6A9A73;south=#6A9A73;west=#6A9A73;east=#6A9A73,,none,copper,1,1,no,minecraft:block/weathered_chiseled_copper,block;cube;cube_all,minecraft:block/weathered_chiseled_copper,medium,
minecraft:waxed_weathered_copper,full_cube_same_faces,full_cube,self_supporting_geometry,"Full cube [0,0,0]-[1,1,1] with same visual treatment on all six exterior faces.","Coordinates are normalized block-local [x,y,z] in 0..1, with y vertical. Occupies the entire voxel [0,0,0]-[1,1,1]. All six exterior faces are present; color differences, if any, are texture/face differences rather than geometry differences.",#6D9B71,109,155,113,1.000,down=#6D9B71;up=#6D9B71;north=#6D9B71;south=#6D9B71;west=#6D9B71;east=#6D9B71,,none,copper,1,1,no,minecraft:block/weathered_copper,block;cube;cube_all,minecraft:block/weathered_copper,medium,
minecraft:waxed_weathered_copper_bars,thin_wall,thin_bars,self_supporting_geometry,"Narrow multipart connector: thin post, pane, bar, fence, or gate segments.","Coordinates are normalized block-local [x,y,z] in 0..1, with y vertical. Pane/bar geometry is a thin vertical connector system. A central post/cap sits near [0.4375,0,0.4375]-[0.5625,1,0.5625]. Each north/east/south/west=true side adds a thin vertical pane/bar from the center to that face; false omits that side. Single-connection states add end caps so the exposed edge has thickness.",#557B5E,85,123,94,1.000,,,none,copper;architectural_shape,6,10,yes,minecraft:block/weathered_copper_bars_cap;minecraft:block/weathered_copper_bars_cap_alt;minecraft:block/weathered_copper_bars_post;minecraft:block/weathered_copper_bars_post_ends;minecraft:block/weathered_copper_bars_side;minecraft:block/weathered_copper_bars_side_alt,template_bars_cap;template_bars_cap_alt;template_bars_post;template_bars_post_ends;template_bars_side;template_bars_side_alt,minecraft:block/weathered_copper_bars,medium,Average color is computed across the visible model variants referenced by this block.
minecraft:waxed_weathered_copper_bulb,full_cube_same_faces,full_cube,self_supporting_geometry,"Full cube [0,0,0]-[1,1,1] with same visual treatment on all six exterior faces.","Coordinates are normalized block-local [x,y,z] in 0..1, with y vertical. Occupies the entire voxel [0,0,0]-[1,1,1]. All six exterior faces are present; color differences, if any, are texture/face differences rather than geometry differences.",#8C9367,140,147,103,1.000,down=#5F8467;up=#5F8467;north=#5F8467;south=#5F8467;west=#5F8467;east=#5F8467,,none,copper,4,4,no,minecraft:block/weathered_copper_bulb;minecraft:block/weathered_copper_bulb_lit;minecraft:block/weathered_copper_bulb_lit_powered;minecraft:block/weathered_copper_bulb_powered,block;cube;cube_all,minecraft:block/weathered_copper_bulb;minecraft:block/weathered_copper_bulb_lit;minecraft:block/weathered_copper_bulb_lit_powered;minecraft:block/weathered_copper_bulb_powered,medium,Average color is computed across the visible model variants referenced by this block.
minecraft:waxed_weathered_copper_chain,irregular_self_supporting,chain_column,self_supporting_geometry,Irregular narrow chain column assembled from small linked cuboids.,"Coordinates are normalized block-local [x,y,z] in 0..1, with y vertical. Chain geometry is a narrow linked column made from small crossed cuboids. axis=x/y/z rotates the link column along that axis, leaving most of the voxel empty.",#4B6E5C,75,110,92,1.000,,,none,copper,1,3,yes,minecraft:block/weathered_copper_chain,block;template_chain,minecraft:block/weathered_copper_chain,medium,
minecraft:waxed_weathered_copper_chest,irregular_self_supporting,irregular_model,self_supporting_geometry,Irregular non-cube geometry that can be used as a standalone placed form.,"Coordinates are normalized block-local [x,y,z] in 0..1, with y vertical. Irregular non-cube geometry; exact visible shape is defined by the resolved block model and state-selected model variants.",#6D9B71,109,155,113,1.000,,,none,copper,1,1,no,minecraft:block/weathered_copper_chest,,minecraft:block/weathered_copper,medium,
minecraft:waxed_weathered_copper_door,irregular_dependent,hinged_panel,dependent_on_support_or_counterpart,"Irregular thin hinged panel; open/closed, half, hinge, or facing changes by state.","Coordinates are normalized block-local [x,y,z] in 0..1, with y vertical. Door-like geometry is a thin vertical panel about 0.1875 blocks thick and one block tall per half. half=lower/upper selects the lower or upper block of the two-block door. facing chooses the panel orientation, hinge selects the pivot side, and open=true rotates the panel around that hinge.",#6E966F,110,150,111,1.000,,,none,copper,8,32,yes,minecraft:block/weathered_copper_door_bottom_left;minecraft:block/weathered_copper_door_bottom_left_open;minecraft:block/weathered_copper_door_bottom_right;minecraft:block/weathered_copper_door_bottom_right_open;minecraft:block/weathered_copper_door_top_left;minecraft:block/weathered_copper_door_top_left_open;minecraft:block/weathered_copper_door_top_right;minecraft:block/weathered_copper_door_top_right_open,door_bottom_left;door_bottom_left_open;door_bottom_right;door_bottom_right_open;door_top_left;door_top_left_open;door_top_right;door_top_right_open,minecraft:block/weathered_copper_door_bottom;minecraft:block/weathered_copper_door_top,medium,Average color is computed across the visible model variants referenced by this block.
minecraft:waxed_weathered_copper_golem_statue,irregular_self_supporting,irregular_model,self_supporting_geometry,Irregular non-cube geometry that can be used as a standalone placed form.,"Coordinates are normalized block-local [x,y,z] in 0..1, with y vertical. Irregular non-cube geometry; exact visible shape is defined by the resolved block model and state-selected model variants.",#6D9B71,109,155,113,1.000,,,none,copper,1,1,no,minecraft:block/weathered_copper_golem_statue,,minecraft:block/weathered_copper,medium,
minecraft:waxed_weathered_copper_grate,full_cube_same_faces,full_cube,self_supporting_geometry,"Full cube [0,0,0]-[1,1,1] with same visual treatment on all six exterior faces.","Coordinates are normalized block-local [x,y,z] in 0..1, with y vertical. Occupies the entire voxel [0,0,0]-[1,1,1]. All six exterior faces are present; color differences, if any, are texture/face differences rather than geometry differences.",#6B9B72,107,155,114,1.000,down=#6B9B72;up=#6B9B72;north=#6B9B72;south=#6B9B72;west=#6B9B72;east=#6B9B72,,none,copper,1,1,no,minecraft:block/weathered_copper_grate,block;cube;cube_all,minecraft:block/weathered_copper_grate,medium,
minecraft:waxed_weathered_copper_lantern,irregular_self_supporting,hanging_or_floor_lantern,self_supporting_geometry,Irregular non-cube geometry that can be used as a standalone placed form.,"Coordinates are normalized block-local [x,y,z] in 0..1, with y vertical. Lantern geometry is a compact cage-like light body with a small handle. hanging=false places it on the floor; hanging=true suspends it from the ceiling with the body lower in the voxel.",#6C936D,108,147,109,1.000,,,none,copper;light_source,2,2,no,minecraft:block/weathered_copper_lantern;minecraft:block/weathered_copper_lantern_hanging,block;template_hanging_lantern;template_lantern,minecraft:block/weathered_copper_lantern,medium,Average color is computed across the visible model variants referenced by this block.
minecraft:waxed_weathered_copper_trapdoor,irregular_dependent,hinged_panel,dependent_on_support_or_counterpart,"Irregular thin hinged panel; open/closed, half, hinge, or facing changes by state.","Coordinates are normalized block-local [x,y,z] in 0..1, with y vertical. Trapdoor geometry is a thin 1x1 panel about 0.1875 blocks thick. half=bottom places the closed panel at y=0..0.1875; half=top places it at y=0.8125..1. open=true rotates the same panel upright against the side chosen by facing.",#6D9870,109,152,112,1.000,,,none,copper,3,16,yes,minecraft:block/weathered_copper_trapdoor_bottom;minecraft:block/weathered_copper_trapdoor_open;minecraft:block/weathered_copper_trapdoor_top,block;template_trapdoor_bottom;template_trapdoor_open;template_trapdoor_top;thin_block,minecraft:block/weathered_copper_trapdoor,medium,Average color is computed across the visible model variants referenced by this block.
minecraft:waxed_weathered_cut_copper,full_cube_same_faces,full_cube,self_supporting_geometry,"Full cube [0,0,0]-[1,1,1] with same visual treatment on all six exterior faces.","Coordinates are normalized block-local [x,y,z] in 0..1, with y vertical. Occupies the entire voxel [0,0,0]-[1,1,1]. All six exterior faces are present; color differences, if any, are texture/face differences rather than geometry differences.",#6F936E,111,147,110,1.000,down=#6F936E;up=#6F936E;north=#6F936E;south=#6F936E;west=#6F936E;east=#6F936E,,none,copper,1,1,no,minecraft:block/weathered_cut_copper,block;cube;cube_all,minecraft:block/weathered_cut_copper,medium,
minecraft:waxed_weathered_cut_copper_slab,slab,slab,self_supporting_geometry,Half-height or full-height rectangular prism selected by slab type.,"Coordinates are normalized block-local [x,y,z] in 0..1, with y vertical. type=bottom occupies [0,0,0]-[1,0.5,1]. type=top occupies [0,0.5,0]-[1,1,1]. type=double is a full cube [0,0,0]-[1,1,1]. Single-slab states are exactly half-height rectangular prisms.",#6F936E,111,147,110,1.000,,,none,copper;architectural_shape,3,3,no,minecraft:block/weathered_cut_copper;minecraft:block/weathered_cut_copper_slab;minecraft:block/weathered_cut_copper_slab_top,block;cube;cube_all;slab;slab_top,minecraft:block/weathered_cut_copper,medium,Average color is computed across the visible model variants referenced by this block.
minecraft:waxed_weathered_cut_copper_stairs,stairs,stairs,self_supporting_geometry,"Step-shaped block: half-block base plus one or more quarter/half prisms; straight, inner-corner, and outer-corner variants.","Coordinates are normalized block-local [x,y,z] in 0..1, with y vertical. Stairs are a full 1x1x1 cube with step-shaped upper/lower half removed. For half=bottom, shape=straight occupies a full bottom half [0,0,0]-[1,0.5,1] plus one upper half-prism [0.5,0.5,0]-[1,1,1] in the canonical east-facing model, so the side profile is an L and the missing volume is a 0.5x0.5x1 prism; facing rotates that prism to north/east/south/west. half=top mirrors the geometry vertically, putting the full half at y=0.5..1 and the step/void in y=0..0.5. shape=inner_left/inner_right occupies the full lower (or upper, for half=top) half plus an L-shaped pair of 0.5x0.5x1 and 0.5x0.5x0.5 upper/lower prisms, leaving exactly one 0.5x0.5x0.5 corner void; left/right chooses the corner after the facing rotation. shape=outer_left/outer_right occupies the full half plus only one 0.5x0.5x0.5 corner prism in the opposite half, leaving the other three corner quarters empty; left/right chooses the retained corner after facing rotation.",#6F936E,111,147,110,1.000,,,none,copper;architectural_shape,3,40,yes,minecraft:block/weathered_cut_copper_stairs;minecraft:block/weathered_cut_copper_stairs_inner;minecraft:block/weathered_cut_copper_stairs_outer,block;inner_stairs;outer_stairs;stairs,minecraft:block/weathered_cut_copper,medium,Average color is computed across the visible model variants referenced by this block.
minecraft:waxed_weathered_lightning_rod,irregular_self_supporting,irregular_model,self_supporting_geometry,Irregular non-cube geometry that can be used as a standalone placed form.,"Coordinates are normalized block-local [x,y,z] in 0..1, with y vertical. Irregular model geometry resolved from block models. Representative normalized cuboids/planes: minecraft:block/weathered_lightning_rod -> 2 elements: [0.375,0.75,0.375]-[0.625,1,0.625] + [0.4375,0,0.4375]-[0.5625,0.75,0.5625]. Orientation or count states rotate, swap, or combine these cuboids without making the block a full cube.",#C5D2C7,197,210,199,1.000,,,none,light;neutral,2,12,yes,minecraft:block/lightning_rod_on;minecraft:block/weathered_lightning_rod,block;template_lightning_rod,minecraft:block/lightning_rod_on;minecraft:block/weathered_lightning_rod,medium,Average color is computed across the visible model variants referenced by this block.
minecraft:weathered_chiseled_copper,full_cube_same_faces,full_cube,self_supporting_geometry,"Full cube [0,0,0]-[1,1,1] with same visual treatment on all six exterior faces.","Coordinates are normalized block-local [x,y,z] in 0..1, with y vertical. Occupies the entire voxel [0,0,0]-[1,1,1]. All six exterior faces are present; color differences, if any, are texture/face differences rather than geometry differences.",#6A9A73,106,154,115,1.000,down=#6A9A73;up=#6A9A73;north=#6A9A73;south=#6A9A73;west=#6A9A73;east=#6A9A73,,none,copper,1,1,no,minecraft:block/weathered_chiseled_copper,block;cube;cube_all,minecraft:block/weathered_chiseled_copper,medium,
minecraft:weathered_copper,full_cube_same_faces,full_cube,self_supporting_geometry,"Full cube [0,0,0]-[1,1,1] with same visual treatment on all six exterior faces.","Coordinates are normalized block-local [x,y,z] in 0..1, with y vertical. Occupies the entire voxel [0,0,0]-[1,1,1]. All six exterior faces are present; color differences, if any, are texture/face differences rather than geometry differences.",#6D9B71,109,155,113,1.000,down=#6D9B71;up=#6D9B71;north=#6D9B71;south=#6D9B71;west=#6D9B71;east=#6D9B71,,none,copper,1,1,no,minecraft:block/weathered_copper,block;cube;cube_all,minecraft:block/weathered_copper,medium,
minecraft:weathered_copper_bars,thin_wall,thin_bars,self_supporting_geometry,"Narrow multipart connector: thin post, pane, bar, fence, or gate segments.","Coordinates are normalized block-local [x,y,z] in 0..1, with y vertical. Pane/bar geometry is a thin vertical connector system. A central post/cap sits near [0.4375,0,0.4375]-[0.5625,1,0.5625]. Each north/east/south/west=true side adds a thin vertical pane/bar from the center to that face; false omits that side. Single-connection states add end caps so the exposed edge has thickness.",#557B5E,85,123,94,1.000,,,none,copper;architectural_shape,6,10,yes,minecraft:block/weathered_copper_bars_cap;minecraft:block/weathered_copper_bars_cap_alt;minecraft:block/weathered_copper_bars_post;minecraft:block/weathered_copper_bars_post_ends;minecraft:block/weathered_copper_bars_side;minecraft:block/weathered_copper_bars_side_alt,template_bars_cap;template_bars_cap_alt;template_bars_post;template_bars_post_ends;template_bars_side;template_bars_side_alt,minecraft:block/weathered_copper_bars,medium,Average color is computed across the visible model variants referenced by this block.
minecraft:weathered_copper_bulb,full_cube_same_faces,full_cube,self_supporting_geometry,"Full cube [0,0,0]-[1,1,1] with same visual treatment on all six exterior faces.","Coordinates are normalized block-local [x,y,z] in 0..1, with y vertical. Occupies the entire voxel [0,0,0]-[1,1,1]. All six exterior faces are present; color differences, if any, are texture/face differences rather than geometry differences.",#8C9367,140,147,103,1.000,down=#5F8467;up=#5F8467;north=#5F8467;south=#5F8467;west=#5F8467;east=#5F8467,,none,copper,4,4,no,minecraft:block/weathered_copper_bulb;minecraft:block/weathered_copper_bulb_lit;minecraft:block/weathered_copper_bulb_lit_powered;minecraft:block/weathered_copper_bulb_powered,block;cube;cube_all,minecraft:block/weathered_copper_bulb;minecraft:block/weathered_copper_bulb_lit;minecraft:block/weathered_copper_bulb_lit_powered;minecraft:block/weathered_copper_bulb_powered,medium,Average color is computed across the visible model variants referenced by this block.
minecraft:weathered_copper_chain,irregular_self_supporting,chain_column,self_supporting_geometry,Irregular narrow chain column assembled from small linked cuboids.,"Coordinates are normalized block-local [x,y,z] in 0..1, with y vertical. Chain geometry is a narrow linked column made from small crossed cuboids. axis=x/y/z rotates the link column along that axis, leaving most of the voxel empty.",#4B6E5C,75,110,92,1.000,,,none,copper,1,3,yes,minecraft:block/weathered_copper_chain,block;template_chain,minecraft:block/weathered_copper_chain,medium,
minecraft:weathered_copper_chest,irregular_self_supporting,irregular_model,self_supporting_geometry,Irregular non-cube geometry that can be used as a standalone placed form.,"Coordinates are normalized block-local [x,y,z] in 0..1, with y vertical. Irregular non-cube geometry; exact visible shape is defined by the resolved block model and state-selected model variants.",#6D9B71,109,155,113,1.000,,,none,copper,1,1,no,minecraft:block/weathered_copper_chest,,minecraft:block/weathered_copper,medium,
minecraft:weathered_copper_door,irregular_dependent,hinged_panel,dependent_on_support_or_counterpart,"Irregular thin hinged panel; open/closed, half, hinge, or facing changes by state.","Coordinates are normalized block-local [x,y,z] in 0..1, with y vertical. Door-like geometry is a thin vertical panel about 0.1875 blocks thick and one block tall per half. half=lower/upper selects the lower or upper block of the two-block door. facing chooses the panel orientation, hinge selects the pivot side, and open=true rotates the panel around that hinge.",#6E966F,110,150,111,1.000,,,none,copper,8,32,yes,minecraft:block/weathered_copper_door_bottom_left;minecraft:block/weathered_copper_door_bottom_left_open;minecraft:block/weathered_copper_door_bottom_right;minecraft:block/weathered_copper_door_bottom_right_open;minecraft:block/weathered_copper_door_top_left;minecraft:block/weathered_copper_door_top_left_open;minecraft:block/weathered_copper_door_top_right;minecraft:block/weathered_copper_door_top_right_open,door_bottom_left;door_bottom_left_open;door_bottom_right;door_bottom_right_open;door_top_left;door_top_left_open;door_top_right;door_top_right_open,minecraft:block/weathered_copper_door_bottom;minecraft:block/weathered_copper_door_top,medium,Average color is computed across the visible model variants referenced by this block.
minecraft:weathered_copper_golem_statue,irregular_self_supporting,irregular_model,self_supporting_geometry,Irregular non-cube geometry that can be used as a standalone placed form.,"Coordinates are normalized block-local [x,y,z] in 0..1, with y vertical. Irregular non-cube geometry; exact visible shape is defined by the resolved block model and state-selected model variants.",#6D9B71,109,155,113,1.000,,,none,copper,1,1,no,minecraft:block/weathered_copper_golem_statue,,minecraft:block/weathered_copper,medium,
minecraft:weathered_copper_grate,full_cube_same_faces,full_cube,self_supporting_geometry,"Full cube [0,0,0]-[1,1,1] with same visual treatment on all six exterior faces.","Coordinates are normalized block-local [x,y,z] in 0..1, with y vertical. Occupies the entire voxel [0,0,0]-[1,1,1]. All six exterior faces are present; color differences, if any, are texture/face differences rather than geometry differences.",#6B9B72,107,155,114,1.000,down=#6B9B72;up=#6B9B72;north=#6B9B72;south=#6B9B72;west=#6B9B72;east=#6B9B72,,none,copper,1,1,no,minecraft:block/weathered_copper_grate,block;cube;cube_all,minecraft:block/weathered_copper_grate,medium,
minecraft:weathered_copper_lantern,irregular_self_supporting,hanging_or_floor_lantern,self_supporting_geometry,Irregular non-cube geometry that can be used as a standalone placed form.,"Coordinates are normalized block-local [x,y,z] in 0..1, with y vertical. Lantern geometry is a compact cage-like light body with a small handle. hanging=false places it on the floor; hanging=true suspends it from the ceiling with the body lower in the voxel.",#6C936D,108,147,109,1.000,,,none,copper;light_source,2,2,no,minecraft:block/weathered_copper_lantern;minecraft:block/weathered_copper_lantern_hanging,block;template_hanging_lantern;template_lantern,minecraft:block/weathered_copper_lantern,medium,Average color is computed across the visible model variants referenced by this block.
minecraft:weathered_copper_trapdoor,irregular_dependent,hinged_panel,dependent_on_support_or_counterpart,"Irregular thin hinged panel; open/closed, half, hinge, or facing changes by state.","Coordinates are normalized block-local [x,y,z] in 0..1, with y vertical. Trapdoor geometry is a thin 1x1 panel about 0.1875 blocks thick. half=bottom places the closed panel at y=0..0.1875; half=top places it at y=0.8125..1. open=true rotates the same panel upright against the side chosen by facing.",#6D9870,109,152,112,1.000,,,none,copper,3,16,yes,minecraft:block/weathered_copper_trapdoor_bottom;minecraft:block/weathered_copper_trapdoor_open;minecraft:block/weathered_copper_trapdoor_top,block;template_trapdoor_bottom;template_trapdoor_open;template_trapdoor_top;thin_block,minecraft:block/weathered_copper_trapdoor,medium,Average color is computed across the visible model variants referenced by this block.
minecraft:weathered_cut_copper,full_cube_same_faces,full_cube,self_supporting_geometry,"Full cube [0,0,0]-[1,1,1] with same visual treatment on all six exterior faces.","Coordinates are normalized block-local [x,y,z] in 0..1, with y vertical. Occupies the entire voxel [0,0,0]-[1,1,1]. All six exterior faces are present; color differences, if any, are texture/face differences rather than geometry differences.",#6F936E,111,147,110,1.000,down=#6F936E;up=#6F936E;north=#6F936E;south=#6F936E;west=#6F936E;east=#6F936E,,none,copper,1,1,no,minecraft:block/weathered_cut_copper,block;cube;cube_all,minecraft:block/weathered_cut_copper,medium,
minecraft:weathered_cut_copper_slab,slab,slab,self_supporting_geometry,Half-height or full-height rectangular prism selected by slab type.,"Coordinates are normalized block-local [x,y,z] in 0..1, with y vertical. type=bottom occupies [0,0,0]-[1,0.5,1]. type=top occupies [0,0.5,0]-[1,1,1]. type=double is a full cube [0,0,0]-[1,1,1]. Single-slab states are exactly half-height rectangular prisms.",#6F936E,111,147,110,1.000,,,none,copper;architectural_shape,3,3,no,minecraft:block/weathered_cut_copper;minecraft:block/weathered_cut_copper_slab;minecraft:block/weathered_cut_copper_slab_top,block;cube;cube_all;slab;slab_top,minecraft:block/weathered_cut_copper,medium,Average color is computed across the visible model variants referenced by this block.
minecraft:weathered_cut_copper_stairs,stairs,stairs,self_supporting_geometry,"Step-shaped block: half-block base plus one or more quarter/half prisms; straight, inner-corner, and outer-corner variants.","Coordinates are normalized block-local [x,y,z] in 0..1, with y vertical. Stairs are a full 1x1x1 cube with step-shaped upper/lower half removed. For half=bottom, shape=straight occupies a full bottom half [0,0,0]-[1,0.5,1] plus one upper half-prism [0.5,0.5,0]-[1,1,1] in the canonical east-facing model, so the side profile is an L and the missing volume is a 0.5x0.5x1 prism; facing rotates that prism to north/east/south/west. half=top mirrors the geometry vertically, putting the full half at y=0.5..1 and the step/void in y=0..0.5. shape=inner_left/inner_right occupies the full lower (or upper, for half=top) half plus an L-shaped pair of 0.5x0.5x1 and 0.5x0.5x0.5 upper/lower prisms, leaving exactly one 0.5x0.5x0.5 corner void; left/right chooses the corner after the facing rotation. shape=outer_left/outer_right occupies the full half plus only one 0.5x0.5x0.5 corner prism in the opposite half, leaving the other three corner quarters empty; left/right chooses the retained corner after facing rotation.",#6F936E,111,147,110,1.000,,,none,copper;architectural_shape,3,40,yes,minecraft:block/weathered_cut_copper_stairs;minecraft:block/weathered_cut_copper_stairs_inner;minecraft:block/weathered_cut_copper_stairs_outer,block;inner_stairs;outer_stairs;stairs,minecraft:block/weathered_cut_copper,medium,Average color is computed across the visible model variants referenced by this block.
minecraft:weathered_lightning_rod,irregular_self_supporting,irregular_model,self_supporting_geometry,Irregular non-cube geometry that can be used as a standalone placed form.,"Coordinates are normalized block-local [x,y,z] in 0..1, with y vertical. Irregular model geometry resolved from block models. Representative normalized cuboids/planes: minecraft:block/weathered_lightning_rod -> 2 elements: [0.375,0.75,0.375]-[0.625,1,0.625] + [0.4375,0,0.4375]-[0.5625,0.75,0.5625]. Orientation or count states rotate, swap, or combine these cuboids without making the block a full cube.",#C5D2C7,197,210,199,1.000,,,none,light;neutral,2,12,yes,minecraft:block/lightning_rod_on;minecraft:block/weathered_lightning_rod,block;template_lightning_rod,minecraft:block/lightning_rod_on;minecraft:block/weathered_lightning_rod,medium,Average color is computed across the visible model variants referenced by this block.
minecraft:weeping_vines,irregular_dependent,cross_planes,dependent_on_support_or_counterpart,"Irregular crossed flat planes with transparent cutout texture, typically plant-like and support/substrate dependent.","Coordinates are normalized block-local [x,y,z] in 0..1, with y vertical. Cross-plane geometry: two near-zero-thickness quads cross diagonally through the block center, usually spanning most of y=0..1. The visible silhouette comes from transparent texture pixels, not from cuboid volume; placement normally depends on ground or substrate support.",#6A0200,106,2,0,1.000,,,none,vegetation;dark,1,1,no,minecraft:block/weeping_vines,cross,minecraft:block/weeping_vines,medium,
minecraft:weeping_vines_plant,irregular_dependent,cross_planes,dependent_on_support_or_counterpart,"Irregular crossed flat planes with transparent cutout texture, typically plant-like and support/substrate dependent.","Coordinates are normalized block-local [x,y,z] in 0..1, with y vertical. Cross-plane geometry: two near-zero-thickness quads cross diagonally through the block center, usually spanning most of y=0..1. The visible silhouette comes from transparent texture pixels, not from cuboid volume; placement normally depends on ground or substrate support.",#8D211A,141,33,26,1.000,,,none,vegetation,1,1,no,minecraft:block/weeping_vines_plant,cross,minecraft:block/weeping_vines_plant,medium,
minecraft:wet_sponge,full_cube_same_faces,full_cube,self_supporting_geometry,"Full cube [0,0,0]-[1,1,1] with same visual treatment on all six exterior faces.","Coordinates are normalized block-local [x,y,z] in 0..1, with y vertical. Occupies the entire voxel [0,0,0]-[1,1,1]. All six exterior faces are present; color differences, if any, are texture/face differences rather than geometry differences.",#ADB747,173,183,71,1.000,down=#ADB747;up=#ADB747;north=#ADB747;south=#ADB747;west=#ADB747;east=#ADB747,,none,,1,1,no,minecraft:block/wet_sponge,block;cube;cube_all,minecraft:block/wet_sponge,medium,
minecraft:wheat,irregular_dependent,irregular_model,dependent_on_support_or_counterpart,"Irregular non-cube geometry that is expected to depend on a support block, substrate, or paired state.","Coordinates are normalized block-local [x,y,z] in 0..1, with y vertical. Irregular model geometry resolved from block models. Representative normalized cuboids/planes: minecraft:block/wheat_stage0 -> 4 elements: [0.25,-0.0625,0]-[0.25,0.9375,1] + [0.75,-0.0625,0]-[0.75,0.9375,1] + [0,-0.0625,0.25]-[1,0.9375,0.25] + [0,-0.0625,0.75]-[1,0.9375,0.75]. Orientation or count states rotate, swap, or combine these cuboids without making the block a full cube.",#5D8926,93,137,38,1.000,,,none,,8,8,no,minecraft:block/wheat_stage0;minecraft:block/wheat_stage1;minecraft:block/wheat_stage2;minecraft:block/wheat_stage3;minecraft:block/wheat_stage4;minecraft:block/wheat_stage5;minecraft:block/wheat_stage6;minecraft:block/wheat_stage7,crop,minecraft:block/wheat_stage0;minecraft:block/wheat_stage1;minecraft:block/wheat_stage2;minecraft:block/wheat_stage3;minecraft:block/wheat_stage4;minecraft:block/wheat_stage5;minecraft:block/wheat_stage6;minecraft:block/wheat_stage7,medium,Average color is computed across the visible model variants referenced by this block.
minecraft:white_banner,entity_block,entity_renderer,entity_or_block_entity_renderer,Special renderer/entity-style block; normal model geometry is not authoritative.,"Coordinates are normalized block-local [x,y,z] in 0..1, with y vertical. This block is rendered by an entity, block entity, or special renderer rather than by a normal solid block model. Treat its world geometry as renderer-defined; this CSV intentionally does not infer a precise color or cuboid mesh from the block model.",,,,,,,,none,,1,1,no,minecraft:block/banner,,,high,Average color intentionally omitted because this is handled by entity/block-entity rendering.
minecraft:white_bed,entity_block,entity_renderer,entity_or_block_entity_renderer,Special renderer/entity-style block; normal model geometry is not authoritative.,"Coordinates are normalized block-local [x,y,z] in 0..1, with y vertical. This block is rendered by an entity, block entity, or special renderer rather than by a normal solid block model. Treat its world geometry as renderer-defined; this CSV intentionally does not infer a precise color or cuboid mesh from the block model.",,,,,,,,none,,1,1,no,minecraft:block/bed,,,high,Average color intentionally omitted because this is handled by entity/block-entity rendering.
minecraft:white_candle,irregular_dependent,irregular_model,dependent_on_support_or_counterpart,"Irregular non-cube geometry that is expected to depend on a support block, substrate, or paired state.","Coordinates are normalized block-local [x,y,z] in 0..1, with y vertical. Candle geometry is one to four slim vertical candle rods on the top surface. candles=1..4 changes the number and offsets of rods; lit=true adds flame rendering without changing the wax body geometry.",#DEE0DC,222,224,220,1.000,,,none,light;neutral,8,8,no,minecraft:block/white_candle_four_candles;minecraft:block/white_candle_four_candles_lit;minecraft:block/white_candle_one_candle;minecraft:block/white_candle_one_candle_lit;minecraft:block/white_candle_three_candles;minecraft:block/white_candle_three_candles_lit;minecraft:block/white_candle_two_candles;minecraft:block/white_candle_two_candles_lit,block;template_candle;template_four_candles;template_three_candles;template_two_candles,minecraft:block/white_candle;minecraft:block/white_candle_lit,medium,Average color is computed across the visible model variants referenced by this block.
minecraft:white_candle_cake,irregular_dependent,irregular_model,dependent_on_support_or_counterpart,"Irregular non-cube geometry that is expected to depend on a support block, substrate, or paired state.","Coordinates are normalized block-local [x,y,z] in 0..1, with y vertical. Candle geometry is one to four slim vertical candle rods on the top surface. candles=1..4 changes the number and offsets of rods; lit=true adds flame rendering without changing the wax body geometry.",#CFB4A8,207,180,168,1.000,,,none,,2,2,no,minecraft:block/white_candle_cake;minecraft:block/white_candle_cake_lit,template_cake_with_candle,minecraft:block/cake_bottom;minecraft:block/cake_side;minecraft:block/cake_top;minecraft:block/white_candle;minecraft:block/white_candle_lit,medium,Average color is computed across the visible model variants referenced by this block.
minecraft:white_carpet,irregular_dependent,thin_floor_layer,dependent_on_support_or_counterpart,Irregular very thin floor layer placed on a supporting surface.,"Coordinates are normalized block-local [x,y,z] in 0..1, with y vertical. Thin floor-layer geometry: a flat sheet on top of a supporting block, usually around 0.0625 block thick, occupying most or all of the x/z footprint while leaving almost the entire voxel empty.",#EAEDED,234,237,237,1.000,,,none,fabric;light;neutral,1,1,no,minecraft:block/white_carpet,block;carpet;thin_block,minecraft:block/white_wool,medium,
minecraft:white_concrete,full_cube_same_faces,full_cube,self_supporting_geometry,"Full cube [0,0,0]-[1,1,1] with same visual treatment on all six exterior faces.","Coordinates are normalized block-local [x,y,z] in 0..1, with y vertical. Occupies the entire voxel [0,0,0]-[1,1,1]. All six exterior faces are present; color differences, if any, are texture/face differences rather than geometry differences.",#CFD5D6,207,213,214,1.000,down=#CFD5D6;up=#CFD5D6;north=#CFD5D6;south=#CFD5D6;west=#CFD5D6;east=#CFD5D6,,none,concrete;light;neutral,1,1,no,minecraft:block/white_concrete,block;cube;cube_all,minecraft:block/white_concrete,medium,
minecraft:white_concrete_powder,full_cube_same_faces,full_cube,self_supporting_geometry,"Full cube [0,0,0]-[1,1,1] with same visual treatment on all six exterior faces.","Coordinates are normalized block-local [x,y,z] in 0..1, with y vertical. Occupies the entire voxel [0,0,0]-[1,1,1]. All six exterior faces are present; color differences, if any, are texture/face differences rather than geometry differences.",#E2E4E4,226,228,228,1.000,down=#E2E4E4;up=#E2E4E4;north=#E2E4E4;south=#E2E4E4;west=#E2E4E4;east=#E2E4E4,,none,concrete;light;neutral,1,4,yes,minecraft:block/white_concrete_powder,block;cube;cube_all,minecraft:block/white_concrete_powder,medium,
minecraft:white_glazed_terracotta,full_cube_same_faces,full_cube,self_supporting_geometry,"Full cube [0,0,0]-[1,1,1] with same visual treatment on all six exterior faces.","Coordinates are normalized block-local [x,y,z] in 0..1, with y vertical. Occupies the entire voxel [0,0,0]-[1,1,1]. All six exterior faces are present; color differences, if any, are texture/face differences rather than geometry differences.",#D4DBD7,212,219,215,1.000,down=#D4DBD7;up=#D4DBD7;north=#D4DBD7;south=#D4DBD7;west=#D4DBD7;east=#D4DBD7,,none,ceramic;light;neutral,1,4,yes,minecraft:block/white_glazed_terracotta,block;cube;template_glazed_terracotta,minecraft:block/white_glazed_terracotta,medium,
minecraft:white_shulker_box,entity_block,entity_renderer,entity_or_block_entity_renderer,Special renderer/entity-style block; normal model geometry is not authoritative.,"Coordinates are normalized block-local [x,y,z] in 0..1, with y vertical. This block is rendered by an entity, block entity, or special renderer rather than by a normal solid block model. Treat its world geometry as renderer-defined; this CSV intentionally does not infer a precise color or cuboid mesh from the block model.",,,,,,,,none,,1,1,no,minecraft:block/white_shulker_box,,,high,Average color intentionally omitted because this is handled by entity/block-entity rendering.
minecraft:white_stained_glass,full_cube_same_faces,full_cube,self_supporting_geometry,"Full cube [0,0,0]-[1,1,1] with same visual treatment on all six exterior faces.","Coordinates are normalized block-local [x,y,z] in 0..1, with y vertical. Occupies the entire voxel [0,0,0]-[1,1,1]. All six exterior faces are present; color differences, if any, are texture/face differences rather than geometry differences.",#FFFFFF,255,255,255,0.460,down=#FFFFFF;up=#FFFFFF;north=#FFFFFF;south=#FFFFFF;west=#FFFFFF;east=#FFFFFF,,none,glass;light;neutral,1,1,no,minecraft:block/white_stained_glass,block;cube;cube_all,minecraft:block/white_stained_glass,medium,
minecraft:white_stained_glass_pane,thin_wall,thin_pane,self_supporting_geometry,"Narrow multipart connector: thin post, pane, bar, fence, or gate segments.","Coordinates are normalized block-local [x,y,z] in 0..1, with y vertical. Pane/bar geometry is a thin vertical connector system. A central post/cap sits near [0.4375,0,0.4375]-[0.5625,1,0.5625]. Each north/east/south/west=true side adds a thin vertical pane/bar from the center to that face; false omits that side. Single-connection states add end caps so the exposed edge has thickness.",#FAFAFA,250,250,250,0.575,,,none,glass;architectural_shape;light;neutral,5,9,yes,minecraft:block/white_stained_glass_pane_noside;minecraft:block/white_stained_glass_pane_noside_alt;minecraft:block/white_stained_glass_pane_post;minecraft:block/white_stained_glass_pane_side;minecraft:block/white_stained_glass_pane_side_alt,template_glass_pane_noside;template_glass_pane_noside_alt;template_glass_pane_post;template_glass_pane_side;template_glass_pane_side_alt,minecraft:block/white_stained_glass;minecraft:block/white_stained_glass_pane_top,medium,Average color is computed across the visible model variants referenced by this block.
minecraft:white_terracotta,full_cube_same_faces,full_cube,self_supporting_geometry,"Full cube [0,0,0]-[1,1,1] with same visual treatment on all six exterior faces.","Coordinates are normalized block-local [x,y,z] in 0..1, with y vertical. Occupies the entire voxel [0,0,0]-[1,1,1]. All six exterior faces are present; color differences, if any, are texture/face differences rather than geometry differences.",#D2B2A1,210,178,161,1.000,down=#D2B2A1;up=#D2B2A1;north=#D2B2A1;south=#D2B2A1;west=#D2B2A1;east=#D2B2A1,,none,ceramic,1,1,no,minecraft:block/white_terracotta,block;cube;cube_all,minecraft:block/white_terracotta,medium,
minecraft:white_tulip,irregular_dependent,cross_planes,dependent_on_support_or_counterpart,"Irregular crossed flat planes with transparent cutout texture, typically plant-like and support/substrate dependent.","Coordinates are normalized block-local [x,y,z] in 0..1, with y vertical. Cross-plane geometry: two near-zero-thickness quads cross diagonally through the block center, usually spanning most of y=0..1. The visible silhouette comes from transparent texture pixels, not from cuboid volume; placement normally depends on ground or substrate support.",#75A970,117,169,112,1.000,,,none,,1,1,no,minecraft:block/white_tulip,cross,minecraft:block/white_tulip,medium,
minecraft:white_wall_banner,entity_block,entity_renderer,entity_or_block_entity_renderer,Special renderer/entity-style block; normal model geometry is not authoritative.,"Coordinates are normalized block-local [x,y,z] in 0..1, with y vertical. This block is rendered by an entity, block entity, or special renderer rather than by a normal solid block model. Treat its world geometry as renderer-defined; this CSV intentionally does not infer a precise color or cuboid mesh from the block model.",,,,,,,,none,,1,1,no,minecraft:block/banner,,,high,Average color intentionally omitted because this is handled by entity/block-entity rendering.
minecraft:white_wool,full_cube_same_faces,full_cube,self_supporting_geometry,"Full cube [0,0,0]-[1,1,1] with same visual treatment on all six exterior faces.","Coordinates are normalized block-local [x,y,z] in 0..1, with y vertical. Occupies the entire voxel [0,0,0]-[1,1,1]. All six exterior faces are present; color differences, if any, are texture/face differences rather than geometry differences.",#EAEDED,234,237,237,1.000,down=#EAEDED;up=#EAEDED;north=#EAEDED;south=#EAEDED;west=#EAEDED;east=#EAEDED,,none,fabric;light;neutral,1,1,no,minecraft:block/white_wool,block;cube;cube_all,minecraft:block/white_wool,medium,
minecraft:wildflowers,irregular_dependent,irregular_model,dependent_on_support_or_counterpart,"Irregular non-cube geometry that is expected to depend on a support block, substrate, or paired state.","Coordinates are normalized block-local [x,y,z] in 0..1, with y vertical. Irregular model geometry resolved from block models. Representative normalized cuboids/planes: minecraft:block/wildflowers_1 -> 7 elements: [0,0.1869,0]-[0.5,0.1869,0.5] + [0.2656,0,-0.1625]-[0.2656,0.1869,-0.1] + [0.2344,0,-0.1312]-[0.2969,0.1869,-0.1312] + [0.3063,0,0.1438]-[0.3063,0.1869,0.2063] + [0.275,0,0.175]-[0.3375,0.1869,0.175] + [0.5719,0,-0.0281]-[0.5719,0.1869,0.0344] plus 1 more cuboids/planes | minecraft:block/wildflowers_2 -> 4 elements: [0,0.0625,0.5]-[0.5,0.0625,1] + [0,0.0625,0.5]-[0.5,0.0625,1] + [0.6344,0,0.3281]-[0.6969,0.0625,0.3281] + [0.6656,0,0.2969]-[0.6656,0.0625,0.3594] | minecraft:block/wildflowers_3 -> 7 elements: [0.5,0.125,0.5]-[1,0.125,1] + [1.1031,0,0.1188]-[1.1656,0.125,0.1188] + [1.1344,0,0.0875]-[1.1344,0.125,0.15] + [1.1031,0,-0.2094]-[1.1031,0.125,-0.1469] + [1.0719,0,-0.1781]-[1.1344,0.125,-0.1781] + [0.8375,0,-0.0312]-[0.8375,0.125,0.0313] plus 1 more cuboids/planes. Orientation or count states rotate, swap, or combine these cuboids without making the block a full cube.",#E4D396,228,211,150,1.000,,,plains_grass_assumed,vegetation;light,4,16,yes,minecraft:block/wildflowers_1;minecraft:block/wildflowers_2;minecraft:block/wildflowers_3;minecraft:block/wildflowers_4,flowerbed_1;flowerbed_2;flowerbed_3;flowerbed_4,minecraft:block/wildflowers;minecraft:block/wildflowers_stem,medium,Tinted textures use the plains biome approximation for color averaging. Average color is computed across the visible model variants referenced by this block.
minecraft:wither_rose,irregular_dependent,cross_planes,dependent_on_support_or_counterpart,"Irregular crossed flat planes with transparent cutout texture, typically plant-like and support/substrate dependent.","Coordinates are normalized block-local [x,y,z] in 0..1, with y vertical. Cross-plane geometry: two near-zero-thickness quads cross diagonally through the block center, usually spanning most of y=0..1. The visible silhouette comes from transparent texture pixels, not from cuboid volume; placement normally depends on ground or substrate support.",#2D3119,45,49,25,1.000,,,none,dark,1,1,no,minecraft:block/wither_rose,cross,minecraft:block/wither_rose,medium,
minecraft:wither_skeleton_skull,entity_block,entity_renderer,entity_or_block_entity_renderer,Special renderer/entity-style block; normal model geometry is not authoritative.,"Coordinates are normalized block-local [x,y,z] in 0..1, with y vertical. This block is rendered by an entity, block entity, or special renderer rather than by a normal solid block model. Treat its world geometry as renderer-defined; this CSV intentionally does not infer a precise color or cuboid mesh from the block model.",,,,,,,,none,,1,1,no,minecraft:block/skull,,,high,Average color intentionally omitted because this is handled by entity/block-entity rendering.
minecraft:wither_skeleton_wall_skull,entity_block,entity_renderer,entity_or_block_entity_renderer,Special renderer/entity-style block; normal model geometry is not authoritative.,"Coordinates are normalized block-local [x,y,z] in 0..1, with y vertical. This block is rendered by an entity, block entity, or special renderer rather than by a normal solid block model. Treat its world geometry as renderer-defined; this CSV intentionally does not infer a precise color or cuboid mesh from the block model.",,,,,,,,none,,1,1,no,minecraft:block/skull,,,high,Average color intentionally omitted because this is handled by entity/block-entity rendering.
minecraft:yellow_banner,entity_block,entity_renderer,entity_or_block_entity_renderer,Special renderer/entity-style block; normal model geometry is not authoritative.,"Coordinates are normalized block-local [x,y,z] in 0..1, with y vertical. This block is rendered by an entity, block entity, or special renderer rather than by a normal solid block model. Treat its world geometry as renderer-defined; this CSV intentionally does not infer a precise color or cuboid mesh from the block model.",,,,,,,,none,,1,1,no,minecraft:block/banner,,,high,Average color intentionally omitted because this is handled by entity/block-entity rendering.
minecraft:yellow_bed,entity_block,entity_renderer,entity_or_block_entity_renderer,Special renderer/entity-style block; normal model geometry is not authoritative.,"Coordinates are normalized block-local [x,y,z] in 0..1, with y vertical. This block is rendered by an entity, block entity, or special renderer rather than by a normal solid block model. Treat its world geometry as renderer-defined; this CSV intentionally does not infer a precise color or cuboid mesh from the block model.",,,,,,,,none,,1,1,no,minecraft:block/bed,,,high,Average color intentionally omitted because this is handled by entity/block-entity rendering.
minecraft:yellow_candle,irregular_dependent,irregular_model,dependent_on_support_or_counterpart,"Irregular non-cube geometry that is expected to depend on a support block, substrate, or paired state.","Coordinates are normalized block-local [x,y,z] in 0..1, with y vertical. Candle geometry is one to four slim vertical candle rods on the top surface. candles=1..4 changes the number and offsets of rods; lit=true adds flame rendering without changing the wax body geometry.",#DDB545,221,181,69,1.000,,,none,,8,8,no,minecraft:block/yellow_candle_four_candles;minecraft:block/yellow_candle_four_candles_lit;minecraft:block/yellow_candle_one_candle;minecraft:block/yellow_candle_one_candle_lit;minecraft:block/yellow_candle_three_candles;minecraft:block/yellow_candle_three_candles_lit;minecraft:block/yellow_candle_two_candles;minecraft:block/yellow_candle_two_candles_lit,block;template_candle;template_four_candles;template_three_candles;template_two_candles,minecraft:block/yellow_candle;minecraft:block/yellow_candle_lit,medium,Average color is computed across the visible model variants referenced by this block.
minecraft:yellow_candle_cake,irregular_dependent,irregular_model,dependent_on_support_or_counterpart,"Irregular non-cube geometry that is expected to depend on a support block, substrate, or paired state.","Coordinates are normalized block-local [x,y,z] in 0..1, with y vertical. Candle geometry is one to four slim vertical candle rods on the top surface. candles=1..4 changes the number and offsets of rods; lit=true adds flame rendering without changing the wax body geometry.",#CFB0A0,207,176,160,1.000,,,none,,2,2,no,minecraft:block/yellow_candle_cake;minecraft:block/yellow_candle_cake_lit,template_cake_with_candle,minecraft:block/cake_bottom;minecraft:block/cake_side;minecraft:block/cake_top;minecraft:block/yellow_candle;minecraft:block/yellow_candle_lit,medium,Average color is computed across the visible model variants referenced by this block.
minecraft:yellow_carpet,irregular_dependent,thin_floor_layer,dependent_on_support_or_counterpart,Irregular very thin floor layer placed on a supporting surface.,"Coordinates are normalized block-local [x,y,z] in 0..1, with y vertical. Thin floor-layer geometry: a flat sheet on top of a supporting block, usually around 0.0625 block thick, occupying most or all of the x/z footprint while leaving almost the entire voxel empty.",#F9C62A,249,198,42,1.000,,,none,fabric,1,1,no,minecraft:block/yellow_carpet,block;carpet;thin_block,minecraft:block/yellow_wool,medium,
minecraft:yellow_concrete,full_cube_same_faces,full_cube,self_supporting_geometry,"Full cube [0,0,0]-[1,1,1] with same visual treatment on all six exterior faces.","Coordinates are normalized block-local [x,y,z] in 0..1, with y vertical. Occupies the entire voxel [0,0,0]-[1,1,1]. All six exterior faces are present; color differences, if any, are texture/face differences rather than geometry differences.",#F1AF15,241,175,21,1.000,down=#F1AF15;up=#F1AF15;north=#F1AF15;south=#F1AF15;west=#F1AF15;east=#F1AF15,,none,concrete,1,1,no,minecraft:block/yellow_concrete,block;cube;cube_all,minecraft:block/yellow_concrete,medium,
minecraft:yellow_concrete_powder,full_cube_same_faces,full_cube,self_supporting_geometry,"Full cube [0,0,0]-[1,1,1] with same visual treatment on all six exterior faces.","Coordinates are normalized block-local [x,y,z] in 0..1, with y vertical. Occupies the entire voxel [0,0,0]-[1,1,1]. All six exterior faces are present; color differences, if any, are texture/face differences rather than geometry differences.",#E9C739,233,199,57,1.000,down=#E9C739;up=#E9C739;north=#E9C739;south=#E9C739;west=#E9C739;east=#E9C739,,none,concrete,1,4,yes,minecraft:block/yellow_concrete_powder,block;cube;cube_all,minecraft:block/yellow_concrete_powder,medium,
minecraft:yellow_glazed_terracotta,full_cube_same_faces,full_cube,self_supporting_geometry,"Full cube [0,0,0]-[1,1,1] with same visual treatment on all six exterior faces.","Coordinates are normalized block-local [x,y,z] in 0..1, with y vertical. Occupies the entire voxel [0,0,0]-[1,1,1]. All six exterior faces are present; color differences, if any, are texture/face differences rather than geometry differences.",#EDC671,237,198,113,1.000,down=#EDC671;up=#EDC671;north=#EDC671;south=#EDC671;west=#EDC671;east=#EDC671,,none,ceramic;light,1,4,yes,minecraft:block/yellow_glazed_terracotta,block;cube;template_glazed_terracotta,minecraft:block/yellow_glazed_terracotta,medium,
minecraft:yellow_shulker_box,entity_block,entity_renderer,entity_or_block_entity_renderer,Special renderer/entity-style block; normal model geometry is not authoritative.,"Coordinates are normalized block-local [x,y,z] in 0..1, with y vertical. This block is rendered by an entity, block entity, or special renderer rather than by a normal solid block model. Treat its world geometry as renderer-defined; this CSV intentionally does not infer a precise color or cuboid mesh from the block model.",,,,,,,,none,,1,1,no,minecraft:block/yellow_shulker_box,,,high,Average color intentionally omitted because this is handled by entity/block-entity rendering.
minecraft:yellow_stained_glass,full_cube_same_faces,full_cube,self_supporting_geometry,"Full cube [0,0,0]-[1,1,1] with same visual treatment on all six exterior faces.","Coordinates are normalized block-local [x,y,z] in 0..1, with y vertical. Occupies the entire voxel [0,0,0]-[1,1,1]. All six exterior faces are present; color differences, if any, are texture/face differences rather than geometry differences.",#E5E533,229,229,51,0.460,down=#E5E533;up=#E5E533;north=#E5E533;south=#E5E533;west=#E5E533;east=#E5E533,,none,glass;light,1,1,no,minecraft:block/yellow_stained_glass,block;cube;cube_all,minecraft:block/yellow_stained_glass,medium,
minecraft:yellow_stained_glass_pane,thin_wall,thin_pane,self_supporting_geometry,"Narrow multipart connector: thin post, pane, bar, fence, or gate segments.","Coordinates are normalized block-local [x,y,z] in 0..1, with y vertical. Pane/bar geometry is a thin vertical connector system. A central post/cap sits near [0.4375,0,0.4375]-[0.5625,1,0.5625]. Each north/east/south/west=true side adds a thin vertical pane/bar from the center to that face; false omits that side. Single-connection states add end caps so the exposed edge has thickness.",#E1E132,225,225,50,0.575,,,none,glass;architectural_shape;light,5,9,yes,minecraft:block/yellow_stained_glass_pane_noside;minecraft:block/yellow_stained_glass_pane_noside_alt;minecraft:block/yellow_stained_glass_pane_post;minecraft:block/yellow_stained_glass_pane_side;minecraft:block/yellow_stained_glass_pane_side_alt,template_glass_pane_noside;template_glass_pane_noside_alt;template_glass_pane_post;template_glass_pane_side;template_glass_pane_side_alt,minecraft:block/yellow_stained_glass;minecraft:block/yellow_stained_glass_pane_top,medium,Average color is computed across the visible model variants referenced by this block.
minecraft:yellow_terracotta,full_cube_same_faces,full_cube,self_supporting_geometry,"Full cube [0,0,0]-[1,1,1] with same visual treatment on all six exterior faces.","Coordinates are normalized block-local [x,y,z] in 0..1, with y vertical. Occupies the entire voxel [0,0,0]-[1,1,1]. All six exterior faces are present; color differences, if any, are texture/face differences rather than geometry differences.",#BA8523,186,133,35,1.000,down=#BA8523;up=#BA8523;north=#BA8523;south=#BA8523;west=#BA8523;east=#BA8523,,none,ceramic,1,1,no,minecraft:block/yellow_terracotta,block;cube;cube_all,minecraft:block/yellow_terracotta,medium,
minecraft:yellow_wall_banner,entity_block,entity_renderer,entity_or_block_entity_renderer,Special renderer/entity-style block; normal model geometry is not authoritative.,"Coordinates are normalized block-local [x,y,z] in 0..1, with y vertical. This block is rendered by an entity, block entity, or special renderer rather than by a normal solid block model. Treat its world geometry as renderer-defined; this CSV intentionally does not infer a precise color or cuboid mesh from the block model.",,,,,,,,none,,1,1,no,minecraft:block/banner,,,high,Average color intentionally omitted because this is handled by entity/block-entity rendering.
minecraft:yellow_wool,full_cube_same_faces,full_cube,self_supporting_geometry,"Full cube [0,0,0]-[1,1,1] with same visual treatment on all six exterior faces.","Coordinates are normalized block-local [x,y,z] in 0..1, with y vertical. Occupies the entire voxel [0,0,0]-[1,1,1]. All six exterior faces are present; color differences, if any, are texture/face differences rather than geometry differences.",#F9C62A,249,198,42,1.000,down=#F9C62A;up=#F9C62A;north=#F9C62A;south=#F9C62A;west=#F9C62A;east=#F9C62A,,none,fabric,1,1,no,minecraft:block/yellow_wool,block;cube;cube_all,minecraft:block/yellow_wool,medium,
minecraft:zombie_head,entity_block,entity_renderer,entity_or_block_entity_renderer,Special renderer/entity-style block; normal model geometry is not authoritative.,"Coordinates are normalized block-local [x,y,z] in 0..1, with y vertical. This block is rendered by an entity, block entity, or special renderer rather than by a normal solid block model. Treat its world geometry as renderer-defined; this CSV intentionally does not infer a precise color or cuboid mesh from the block model.",,,,,,,,none,,1,1,no,minecraft:block/skull,,,high,Average color intentionally omitted because this is handled by entity/block-entity rendering.
minecraft:zombie_wall_head,entity_block,entity_renderer,entity_or_block_entity_renderer,Special renderer/entity-style block; normal model geometry is not authoritative.,"Coordinates are normalized block-local [x,y,z] in 0..1, with y vertical. This block is rendered by an entity, block entity, or special renderer rather than by a normal solid block model. Treat its world geometry as renderer-defined; this CSV intentionally does not infer a precise color or cuboid mesh from the block model.",,,,,,,,none,,1,1,no,minecraft:block/skull,,,high,Average color intentionally omitted because this is handled by entity/block-entity rendering.
